ANIO,MES,CONGLOMERADO,MUESTRA,SELVIV,HOGAR,REGION,LLAVE_PANEL,ESTRATO,C201,C203,C204,C205,C206,C207,C208,NROINF,C301_DIA,C301_MES,C301_ANIO,C303,C304,C305,C306_1,C306_2,C306_3,C306_4,C306_5,C306_6,C306_7,C306_8,C306_9,C306_10,C306_10A,C306_11,C300n,C306A,C308_COD,C309_COD,C310,C311,C312,C313,C317,C317A,C318_1,C318_2,C318_3,C318_4,C318_5,C318_6,C318_7,C318_T,C328_T,whoraT,C330,C331,C333,C334,P209H,C335,C338,C339_1,C341_T,C342,C344,C345_1,C347_T,C348,C350,C352,C353,C354,C355,C356,C357_I,C358,C359,SEGURO1,C361_1,C362_1,C361_2,C362_2,C361_3,C362_3,C361_4,C362_4,C361_5,C362_5,C361_6,C362_6,C361_7,C362_7,C361_8,C362_8,C364_1,C365_1,C364_2,C365_2,C364_3,C365_3,C364_4,C365_4,C366,C366_1,C366_2,C375_1,C375_2,C375_3,C375_4,C375_5,C375_6,C376,C377,OCUP300,I339_1,D341_T,I342,D344,I345_1,I348,D347_T,D350,D351_T,INGTOT,INGTOTP,ingtrabw,RESIDENT,fa_fma25
2025,02,18329,1,0020,1,1,202502183291002011,1,1,1,1,2,,1,68,1,28,4,1956,1,,,,,,,,,,,,,,,1,,9629,8299,2,,3,2,1,1,0,9,8,6,6,8,0,37,,37,1,,2,,2,2,,,,,,,,,,,,,,,,,2,5,2,,2,,2,,2,,1,5,2,,2,,2,,2,,2,,2,,2,,6,5,,2,2,2,2,2,2,10,5,1,,,1000,,,,,,,1000,1000,1000,1,318.5061942534993
2025,02,18329,1,0020,1,1,202502183291002012,1,2,2,1,2,,2,52,3,13,3,1972,2,2,2,2,2,2,2,2,2,2,2,2,2,2,2,2,2,,,,,,,,,,,,,,,,,,,,,,,,,,,,,,,,,,2,5,2,2,6,,,2,5,2,,2,,2,,2,,1,5,2,,2,,2,,2,,2,,2,,2,,6,5,,2,2,2,2,2,2,10,6,4,,,,,,,,,,,,,1,290.5453882238367
2025,02,18329,1,0020,1,1,202502183291002013,1,3,3,1,2,,2,23,3,28,12,2001,2,2,2,2,2,2,1,2,2,2,2,2,2,2,2,3,,5212,4773,2,,3,2,1,1,3,0,3,3,3,3,3,18,,18,1,,1,1,1,1,,,,,,,,,,,,,,,,,1,5,2,,2,,2,,2,,1,5,2,,2,,2,,2,,2,,2,,2,,11,5,,2,2,2,2,2,2,10,9,1,,,500,,,,,,,500,500,500,1,335.1656048828982
2025,02,18329,1,0020,1,1,202502183291002014,1,4,5,1,2,,1,12,,,,,,,,,,,,,,,,,,,,,,,,,,,,,,,,,,,,,,,,,,,,,,,,,,,,,,,,,,,,,,,,,,,,,,,,,,,,,,,,,,,,,,,,,,,,,,,,,,,,,,,,,,,,,,,,1,
2025,02,18329,1,0020,1,1,202502183291002015,1,5,5,1,2,,2,8,,,,,,,,,,,,,,,,,,,,,,,,,,,,,,,,,,,,,,,,,,,,,,,,,,,,,,,,,,,,,,,,,,,,,,,,,,,,,,,,,,,,,,,,,,,,,,,,,,,,,,,,,,,,,,,,1,
2025,02,18329,1,0020,1,1,202502183291002016,1,6,5,1,2,,1,10,,,,,,,,,,,,,,,,,,,,,,,,,,,,,,,,,,,,,,,,,,,,,,,,,,,,,,,,,,,,,,,,,,,,,,,,,,,,,,,,,,,,,,,,,,,,,,,,,,,,,,,,,,,,,,,,1,
2025,02,18329,1,0023,1,1,202502183291002311,1,1,1,1,2,,2,68,1,12,5,1956,2,2,2,2,2,2,2,2,2,2,2,2,2,2,2,1,2,,,,,,,,,,,,,,,,,,,,,,,,,,,,,,,,,,2,5,1,1,6,,,1,5,2,,2,,2,,2,,1,5,2,,2,,2,,2,,2,,2,,2,,5,3,,2,2,2,2,2,2,10,6,4,,,,,,,,,,,,,1,290.5453882238367
2025,02,18329,1,0023,1,1,202502183291002312,1,2,2,1,2,,1,64,1,15,3,1960,2,2,2,2,1,2,2,2,2,2,2,2,2,2,2,2,,3439,9000,2,,3,2,1,1,3,0,0,0,0,3,3,9,,9,1,,1,1,1,2,,,,,,,,,,,,,,,,,1,5,2,,2,,2,,2,,1,5,2,,2,,2,,2,,2,,2,,2,,5,2,,2,2,2,2,2,2,10,5,1,,,791,,,,,,,791,791,791,1,318.5061942534993
2025,02,18329,1,0024,1,1,202502183291002411,1,1,1,1,2,,2,40,1,13,5,1984,1,,,,,,,,,,,,,,,1,,5120,5610,2,,2,2,1,4,0,10,10,10,10,10,10,60,16,76,1,,2,,2,2,,,,,,,,100,20,,,,,,,,1,5,2,,2,,2,,2,,1,5,2,,2,,2,,2,,2,,2,,2,,5,3,,2,2,2,2,2,2,10,7,1,,,2402,866,,100,,20,,3388,3268,3388,1,372.66578663222253
2025,02,18329,1,0024,1,1,202502183291002412,1,2,2,1,2,,1,51,3,13,11,1973,1,,,,,,,,,,,,,,,2,,5120,5610,4,,2,2,1,4,0,10,10,10,10,10,10,60,,60,1,,2,,2,,,,,,,,,,,,,,,,,,1,5,2,,2,,2,,2,,1,5,2,,2,,2,,2,,2,,2,,2,,6,5,,2,2,2,2,2,2,10,5,1,,,,,,,,,,,,,1,318.5061942534993
2025,02,18329,1,0024,1,1,202502183291002413,1,3,3,1,2,,1,17,3,19,12,2007,2,2,2,2,2,2,2,2,2,2,2,2,1,2,2,3,,9412,5610,4,,2,2,1,4,5,0,0,0,0,0,0,5,,,1,,1,2,,,,,,,,,,,,2,4,1,1,5,,,1,1,1,4,2,,2,,2,,2,,2,,2,,2,,2,,2,,2,,2,,6,5,,2,2,2,2,2,2,10,7,4,,,,,,,,,,,,,1,308.83913565356124
2025,02,18329,1,0024,1,1,202502183291002414,1,4,3,1,2,,2,14,4,28,12,2010,2,2,2,2,2,2,2,2,2,2,2,2,1,2,2,4,,9412,5610,4,,2,2,1,4,4,8,8,8,8,8,8,52,,52,1,,2,,2,,,,,,,,,,,,,,,,,,2,5,2,,2,,2,,2,,1,5,2,,2,,2,,2,,2,,2,,2,,5,3,,2,2,2,2,2,2,10,7,1,,,,,,,,,,,,,1,335.1656048828982
2025,02,18426,1,0064,1,1,202502184261006411,1,1,1,1,2,,1,75,1,15,3,1949,2,2,2,2,2,2,2,2,2,2,2,2,2,2,2,1,2,,,,,,,,,,,,,,,,,,,,,,,,,,,,,,,,,,2,6,1,1,1,,,1,1,1,3,2,,2,,2,,2,,2,,2,,2,,2,,1,3,2,,2,,10,2,,2,2,2,2,2,2,10,7,3,,,,,,,,,,,,,1,321.9563152785714
2025,02,18426,1,0064,1,1,202502184261006412,1,2,3,1,2,,1,40,2,22,2,1984,1,,,,,,,,,,,,,,,2,,2240,7500,2,,2,1,1,1,0,10,10,10,10,10,6,56,,56,1,,2,,2,2,,,,,,,,,,,,,,,,,1,5,2,,2,,2,,2,,1,5,2,,2,,2,,2,,2,,2,,2,,11,5,,2,2,2,2,2,2,10,7,1,,,2346,,,,,,,2346,2346,2346,1,392.3825508904356
2025,02,18426,1,0064,1,1,202502184261006413,1,3,7,1,1,,1,60,,,,,,,,,,,,,,,,,,,,,,,,,,,,,,,,,,,,,,,,,,,,,,,,,,,,,,,,,,,,,,,,,,,,,,,,,,,,,,,,,,,,,,,,,,,,,,,,,,,,,,,,,,,,,,,,0,
2025,02,18426,1,0065,1,1,202502184261006511,1,1,1,1,2,,2,41,1,23,9,1983,1,,,,,,,,,,,,,,,1,,3314,5610,1,,2,1,1,6,11,11,11,11,11,11,11,77,,77,1,,2,,2,2,,,,,,,,,,,,,,,,,1,1,1,2,2,,2,,2,,2,,2,,2,,2,,2,,1,2,2,,2,,6,5,,2,2,2,2,2,2,12,9,1,,,2324,1200,,,,,,3524,3524,3524,1,376.7025748924897
2025,02,18426,1,0065,1,1,202502184261006512,1,2,2,1,2,,1,56,1,28,8,1968,1,,,,,,,,,,,,,,,2,,9412,5610,4,,2,1,1,6,10,10,10,10,10,10,6,66,,66,1,,2,,2,,,,,,,,,,,,,,,,,,1,1,1,4,2,,2,,2,,2,,2,,2,,2,,2,,2,,2,,2,,6,5,,2,2,2,2,2,2,12,9,1,,,,,,,,,,,,,1,321.9563152785714
2025,02,18426,1,0065,1,1,202502184261006513,1,3,3,1,2,,1,13,,,,,,,,,,,,,,,,,,,,,,,,,,,,,,,,,,,,,,,,,,,,,,,,,,,,,,,,,,,,,,,,,,,,,,,,,,,,,,,,,,,,,,,,,,,,,,,,,,,,,,,,,,,,,,,,1,
2025,02,18426,1,0065,1,1,202502184261006514,1,4,3,1,2,,2,9,,,,,,,,,,,,,,,,,,,,,,,,,,,,,,,,,,,,,,,,,,,,,,,,,,,,,,,,,,,,,,,,,,,,,,,,,,,,,,,,,,,,,,,,,,,,,,,,,,,,,,,,,,,,,,,,1,
2025,02,18464,1,0042,1,1,202502184641004211,1,1,1,1,2,,1,75,1,8,6,1949,1,,,,,,,,,,,,,,,1,,5212,4773,2,,3,2,1,1,10,10,10,10,10,10,10,70,,70,1,,2,,2,2,,,,,,,,,,,,,,,,,1,1,1,3,2,,2,,2,,2,,2,,2,,2,,2,,2,,1,3,2,,6,5,,2,2,2,2,2,2,10,7,1,,,971,50,,,,,,1021,1021,1021,1,479.31146570702947
2025,02,18464,1,0042,1,1,202502184641004212,1,2,2,1,2,,2,67,2,19,2,1957,2,2,2,2,2,2,2,2,2,2,2,2,2,2,2,2,2,,,,,,,,,,,,,,,,,,,,,,,,,,,,,,,,,,2,5,2,2,7,,,1,1,1,4,2,,2,,2,,2,,2,,2,,2,,2,,1,5,2,,2,,5,1,,2,2,2,2,2,2,1,7,4,,,,,,,,,,,,,1,437.2339954341565
2025,02,18464,1,0044,1,1,202502184641004411,1,1,1,1,2,,2,31,1,26,12,1993,2,2,2,2,2,2,2,2,2,2,2,2,2,2,2,1,2,,,,,,,,,,,,,,,,,,,,,,,,,,,,,,,,,,2,5,2,2,6,,,1,5,2,,2,,2,,2,,1,5,2,,2,,2,,1,5,2,,2,,2,,6,5,,2,2,2,2,2,2,10,7,4,,,,,,,,,,,,,1,560.8147898919276
2025,02,18464,1,0044,1,1,202502184641004412,1,2,2,1,2,,1,29,1,13,6,1995,1,,,,,,,,,,,,,,,2,,5211,4630,2,,2,1,1,1,10,10,10,10,10,10,10,70,,70,1,,2,,2,2,,,,,,,,,,,,,,,,,1,5,2,,2,,2,,2,,1,5,2,,2,,2,,1,5,2,,2,,2,,10,3,,2,2,2,2,2,2,10,9,1,,,2044,,,,,,,2044,2044,2044,1,584.1583055217536
2025,02,18464,1,0045,1,1,202502184641004511,1,1,1,1,2,,2,62,1,3,12,1962,1,,,,,,,,,,,,,,,1,,5212,4722,2,,2,1,1,2,10,10,10,10,10,10,10,70,,70,1,,2,,2,2,,,,,,,,,,,,,,,,,1,5,2,,2,,2,,2,,1,5,2,,2,,2,,1,5,2,,2,,2,,9,3,,2,2,2,2,2,2,10,7,1,,,537,360,,,,,,897,897,897,1,437.2339954341565
2025,02,18464,1,0045,1,1,202502184641004512,1,2,7,1,2,,2,63,2,21,2,1961,1,,,,,,,,,,,,,,,2,,5223,4722,4,,2,1,1,2,10,10,10,10,10,10,10,70,,70,1,,2,,2,,,,,,,,,,,,,,,,,,1,5,2,,2,,2,,2,,1,5,2,,2,,2,,2,,2,,2,,2,,6,5,,2,2,2,2,2,2,10,9,1,,,,,,,,,,,,,1,437.2339954341565
2025,02,1786001,1,0043,1,1,20250217860011004311,1,1,1,1,2,,2,50,1,18,2,1974,2,1,,,,,,,,,,,,,,1,,4120,8411,3,2,,,5,9995,0,0,0,0,0,0,0,0,,48,2,48,2,,2,2,4,2000,,,,,,,,,,,,,,,1,1,1,1,2,,2,,2,,2,,2,,2,,2,,1,1,2,,2,,2,,8,3,,2,2,2,2,2,2,10,7,1,2000,,,,,,,,75,2000,2000,2075,1,287.8259112845744
2025,02,1786001,1,0043,1,1,20250217860011004312,1,2,3,1,2,,1,21,2,5,4,2003,2,2,2,2,2,2,2,2,2,2,2,2,2,2,2,2,2,,,,,,,,,,,,,,,,,,,,,,,,,,,,,,,,,,2,5,1,1,5,,,1,5,2,,2,,2,,2,,1,5,2,,2,,2,,1,5,2,,2,,2,,6,5,,2,2,2,2,2,2,10,7,4,,,,,,,,,,,,,1,305.9484309946921
2025,02,4674501,1,0243,1,1,20250246745011024311,1,1,1,1,2,,1,41,1,10,9,1983,1,,,,,,,,,,,,,,,1,,8321,4922,2,,3,2,1,1,0,10,10,10,10,10,12,62,,62,1,,2,,2,2,,,,,,,,,,,,,,,,,1,5,2,,2,,2,,2,,1,5,2,,2,,2,,2,,2,,2,,2,,6,5,,2,2,2,2,2,2,10,7,1,,,1150,,,,,,,1150,1150,1150,1,374.65005266038185
2025,02,4674501,1,0243,1,1,20250246745011024312,1,2,3,1,2,,1,16,2,8,6,2008,2,2,2,2,2,2,2,2,2,2,2,2,2,2,2,2,2,,,,,,,,,,,,,,,,,,,,,,,,,,,,,,,,,,2,4,2,2,5,,,2,5,2,,2,,2,,2,,1,5,2,,2,,2,,2,,2,,2,,2,,6,5,,2,2,2,2,2,2,10,7,4,,,,,,,,,,,,,1,298.07634040430565
2025,02,4674501,1,0245,1,1,20250246745011024511,1,1,1,1,2,,2,45,1,22,12,1979,1,,,,,,,,,,,,,,,1,,5212,4711,2,,3,2,1,1,9,9,9,9,9,12,12,69,,69,1,,2,,2,2,,,,,,,,,,,,,,,,,2,5,2,,2,,2,,2,,1,5,2,,2,,2,,2,,2,,2,,2,,8,2,,2,2,2,2,2,2,10,7,1,,,400,150,,,,,,550,550,550,1,280.42011534528416
2025,02,4674501,1,0245,1,1,20250246745011024512,1,2,3,1,2,,2,9,,,,,,,,,,,,,,,,,,,,,,,,,,,,,,,,,,,,,,,,,,,,,,,,,,,,,,,,,,,,,,,,,,,,,,,,,,,,,,,,,,,,,,,,,,,,,,,,,,,,,,,,,,,,,,,,1,
2025,02,4674501,1,0246,1,1,20250246745011024611,1,1,1,1,2,,1,39,1,15,4,1985,1,,,,,,,,,,,,,,,1,,7411,4321,2,,2,2,1,1,0,9,9,9,9,9,9,54,,54,1,,2,,2,2,,,,,,,,,,,,,,,,,1,5,2,,2,,2,,2,,1,5,2,,2,,2,,2,,2,,2,,2,,9,3,,2,2,2,2,2,2,10,9,1,,,1700,,,,,,,1700,1700,1700,1,374.65005266038185
2025,02,4674501,1,0246,1,1,20250246745011024612,1,2,2,1,2,,2,36,2,25,6,1988,2,2,2,2,2,2,2,2,2,2,2,2,2,2,2,2,2,,,,,,,,,,,,,,,,,,,,,,,,,,,,,,,,,,2,5,1,1,6,,,1,1,1,4,2,,2,,2,,2,,2,,2,,2,,2,,2,,2,,2,,6,5,,2,2,2,2,2,2,10,7,4,,,,,,,,,,,,,1,359.6786839794531
2025,02,4674501,1,0246,1,1,20250246745011024613,1,3,3,1,2,,1,3,,,,,,,,,,,,,,,,,,,,,,,,,,,,,,,,,,,,,,,,,,,,,,,,,,,,,,,,,,,,,,,,,,,,,,,,,,,,,,,,,,,,,,,,,,,,,,,,,,,,,,,,,,,,,,,,1,
2025,02,24100,1,0010,1,1,202502241001001011,1,1,1,1,2,,1,70,1,19,1,1955,2,2,2,2,2,2,2,2,2,2,2,2,2,2,2,1,2,,,,,,,,,,,,,,,,,,,,,,,,,,,,,,,,,,2,6,1,1,3,,,1,1,1,3,2,,2,,2,,2,,2,,2,,2,,1,3,2,,2,,2,,4,5,,2,2,2,2,2,2,10,7,4,,,,,,,,,,,,,1,986.605208962547
2025,02,24100,1,0010,1,1,202502241001001012,1,2,2,1,2,,2,59,2,16,4,1965,1,,,,,,,,,,,,,,,2,,5223,4721,4,,2,2,1,2,8,6,8,6,8,6,8,50,,50,1,,1,1,1,,,,,,,,,,,,,,,,,,1,1,1,4,2,,2,,2,,2,,2,,2,,2,,2,,2,,2,,2,,6,5,,2,2,2,2,2,2,10,7,1,,,,,,,,,,,,,1,899.9937791901623
2025,02,24100,1,0010,1,1,202502241001001013,1,3,3,1,2,,2,36,3,11,9,1988,1,,,,,,,,,,,,,,,3,,3221,8610,3,5,1,,5,1000,0,10,0,10,0,10,0,30,24,54,1,,1,2,2,2,4,2500,,,,,,600,,,,,,,,,1,3,1,1,2,,1,1,2,,2,,2,,2,,2,,2,,1,1,2,,2,,9,3,,2,2,2,2,2,2,10,7,1,2500,,,,,600,,,624,3100,2500,3724,1,1154.3700340120977
2025,02,24100,1,0010,1,1,202502241001001014,1,4,5,1,2,,1,4,,,,,,,,,,,,,,,,,,,,,,,,,,,,,,,,,,,,,,,,,,,,,,,,,,,,,,,,,,,,,,,,,,,,,,,,,,,,,,,,,,,,,,,,,,,,,,,,,,,,,,,,,,,,,,,,1,
2025,02,24100,1,0011,1,1,202502241001001111,1,1,1,1,2,,2,37,1,12,10,1987,1,,,,,,,,,,,,,,,1,,8153,1410,3,5,2,2,1,6,0,8,8,8,8,8,6,46,,46,1,,1,1,1,2,2,300,,,,,,,,,,,,,,,1,6,2,,2,,2,,2,,2,,2,,2,,2,,2,,2,,2,,2,,8,1,,2,2,2,2,2,2,10,7,1,1299,,,,,,,,,1299,1299,1299,1,1154.3700340120977
2025,02,24100,1,0011,1,1,202502241001001112,1,2,3,1,2,,1,14,2,22,1,2011,2,2,2,2,2,2,2,2,2,2,2,2,2,2,2,2,2,,,,,,,,,,,,,,,,,,,,,,,,,,,,,,,,,,2,5,2,2,3,,,2,5,2,,2,,2,,2,,1,5,2,,2,,2,,2,,2,,2,,2,,5,2,,2,2,2,2,2,2,10,7,4,,,,,,,,,,,,,1,956.6605154459927
2025,02,24100,1,0013,1,1,202502241001001311,1,1,1,1,2,,2,55,1,9,4,1969,1,,,,,,,,,,,,,,,1,,9112,8121,2,,3,2,1,1,0,0,8,8,8,8,0,32,,32,1,,1,1,1,2,,,,,,,,,,,,,,,,,1,1,1,4,2,,2,,2,,2,,2,,2,,2,,2,,2,,2,,2,,6,5,,2,2,2,2,2,2,10,7,1,,,606,,,,,,,606,606,606,1,899.9937791901623
2025,02,24100,1,0014,1,1,202502241001001411,1,1,1,1,2,,1,25,1,24,11,1999,1,,,,,,,,,,,,,,,1,,9333,4923,3,5,2,2,1,2,0,0,0,0,0,6,0,6,,40,2,40,1,1,1,2,2,80,,,,,,,,,,,,,,,1,1,1,4,2,,2,,2,,2,,2,,2,,2,,1,5,2,,2,,2,,6,5,,2,2,2,2,2,2,10,7,1,346,,,,,,,,,346,346,346,1,1202.419863326972
2025,02,24100,1,0014,1,1,202502241001001412,1,2,2,1,2,,2,26,2,9,12,1998,1,,,,,,,,,,,,,,,2,,5211,4630,3,5,1,,1,5,10,0,10,10,10,10,10,60,,60,1,,1,1,1,2,2,300,,,,,,,,,,,,,,,1,5,2,,2,,2,,2,,1,5,2,,2,,2,,2,,2,,2,,2,,10,2,,2,2,2,2,2,2,10,7,1,1299,,,,,,,,,1299,1299,1299,1,1154.3700340120977
2025,02,24137,1,0041,1,1,202502241371004111,1,1,1,1,2,,1,34,1,24,9,1990,1,,,,,,,,,,,,,,,1,,8332,3811,3,5,1,,2,40,0,8,8,8,8,8,8,48,,48,1,,2,,2,2,4,2200,,,,,,,,,,,,,,,1,1,1,1,2,,2,,2,,2,,2,,2,,2,,1,1,2,,2,,2,,6,5,,2,2,2,2,2,2,10,7,1,2200,,,,,,,,558,2200,2200,2758,1,748.627687767831
2025,02,24137,1,0041,1,1,202502241371004112,1,2,2,1,2,,2,27,2,9,6,1997,1,,,,,,,,,,,,,,,2,,9112,8411,3,2,,,5,9998,0,8,8,8,8,8,8,48,,48,1,,2,,2,2,4,1000,,,,,,,,,,,,,,,1,6,2,,2,,2,,2,,2,,2,,2,,2,,2,,2,,2,,2,,6,5,,2,2,2,2,2,2,10,6,1,1000,,,,,,,,,1000,1000,1000,1,718.7118208441892
2025,02,24137,1,0041,1,1,202502241371004113,1,3,3,1,2,,1,11,,,,,,,,,,,,,,,,,,,,,,,,,,,,,,,,,,,,,,,,,,,,,,,,,,,,,,,,,,,,,,,,,,,,,,,,,,,,,,,,,,,,,,,,,,,,,,,,,,,,,,,,,,,,,,,,1,
2025,02,24137,1,0041,1,1,202502241371004114,1,4,3,1,2,,1,3,,,,,,,,,,,,,,,,,,,,,,,,,,,,,,,,,,,,,,,,,,,,,,,,,,,,,,,,,,,,,,,,,,,,,,,,,,,,,,,,,,,,,,,,,,,,,,,,,,,,,,,,,,,,,,,,1,
2025,02,24137,1,0042,1,1,202502241371004211,1,1,1,1,2,,1,36,1,15,8,1988,1,,,,,,,,,,,,,,,1,,4224,5510,3,5,2,2,1,4,12,12,0,12,12,12,12,72,,72,1,,2,,2,2,4,1500,,,,,,,,,,,,,,,1,1,1,1,2,,2,,2,,2,,2,,2,,2,,2,,1,1,2,,2,,6,5,,2,2,2,2,2,2,10,7,1,1500,,,,,,,,388,1500,1500,1888,1,748.627687767831
2025,02,24137,1,0042,1,1,202502241371004212,1,2,2,1,2,,2,34,2,26,8,1990,1,,,,,,,,,,,,,,,2,,4224,5510,3,5,2,2,1,4,12,12,12,12,12,12,12,84,,84,1,,2,,2,2,4,1500,,,,,,,,,,,,,,,1,1,1,1,2,,2,,2,,2,,2,,2,,2,,2,,1,1,2,,2,,4,,6,2,2,2,2,2,2,10,7,1,1500,,,,,,,,388,1500,1500,1888,1,718.7118208441892
2025,02,24137,1,0042,1,1,202502241371004213,1,3,3,1,2,,2,15,3,2,2,2010,2,2,2,2,2,2,2,2,2,2,2,2,2,2,2,3,2,,,,,,,,,,,,,,,,,,,,,,,,,,,,,,,,,,1,5,1,1,13,4,3,2,1,1,4,2,,2,,2,,2,,2,,2,,2,,2,,2,,2,,2,,5,3,,2,2,2,2,2,2,10,7,2,,,,,,,,,,,,,1,646.3901190034909
2025,02,2523402,1,0071,1,1,20250225234021007111,1,1,1,1,2,,1,53,1,7,6,1971,1,,,,,,,,,,,,,,,1,,7231,4520,2,,2,2,1,1,0,8,8,8,8,8,8,48,,48,1,,2,,2,2,,,,,,,,,,,,,,,,,1,5,2,,2,,2,,2,,1,5,2,,2,,2,,2,,2,,2,,2,,8,1,,2,2,2,2,2,2,10,6,1,,,1800,,,,,,,1800,1800,1800,1,798.1462660580318
2025,02,2523402,1,0071,1,1,20250225234021007112,1,2,2,1,2,,2,44,2,8,2,1981,2,2,2,2,2,2,2,2,2,2,2,2,2,2,2,2,2,,,,,,,,,,,,,,,,,,,,,,,,,,,,,,,,,,2,5,2,2,11,,,1,5,2,,2,,2,,2,,1,5,2,,2,,2,,2,,2,,2,,2,,8,1,,2,2,2,2,2,2,10,7,4,,,,,,,,,,,,,1,933.8650596269202
2025,02,2523402,1,0071,1,1,20250225234021007113,1,3,3,1,2,,2,14,2,5,1,2011,2,2,2,2,2,2,2,2,2,2,2,2,2,2,2,3,2,,,,,,,,,,,,,,,,,,,,,,,,,,,,,,,,,,2,4,2,2,5,,,2,5,2,,2,,2,,2,,1,5,2,,2,,2,,2,,2,,2,,2,,5,2,,2,2,2,2,2,2,10,7,4,,,,,,,,,,,,,1,839.8931665217615
2025,02,2523402,1,0072,1,1,20250225234021007211,1,1,1,1,2,,2,35,1,6,3,1989,1,,,,,,,,,,,,,,,1,,3255,8690,3,5,2,2,1,5,0,8,0,8,0,8,0,24,,24,1,,1,1,1,2,4,1000,,,,,,,,,,,,,,,1,6,2,,2,,2,,2,,2,,2,,2,,2,,2,,2,,2,,2,,9,3,,2,2,2,2,2,2,10,7,1,1000,,,,,,,,,1000,1000,1000,1,933.8650596269202
2025,02,2523402,1,0072,1,1,20250225234021007212,1,2,3,1,2,,2,6,,,,,,,,,,,,,,,,,,,,,,,,,,,,,,,,,,,,,,,,,,,,,,,,,,,,,,,,,,,,,,,,,,,,,,,,,,,,,,,,,,,,,,,,,,,,,,,,,,,,,,,,,,,,,,,,1,
2025,02,2523402,1,0073,1,1,20250225234021007311,1,1,1,1,2,,2,81,1,14,9,1943,2,2,2,2,2,2,2,2,2,2,2,2,2,2,2,1,2,,,,,,,,,,,,,,,,,,,,,,,,,,,,,,,,,,2,5,2,2,3,,,1,1,1,4,2,,2,,2,,2,,2,,2,,2,,2,,2,,2,,2,,6,5,,2,2,2,2,2,2,10,1,4,,,,,,,,,,,,,1,728.0791423060017
2025,02,2523402,1,0073,1,1,20250225234021007312,1,2,2,1,2,,1,83,1,19,4,1941,2,2,2,2,2,2,2,2,2,2,2,2,2,2,2,2,2,,,,,,,,,,,,,,,,,,,,,,,,,,,,,,,,,,2,6,2,2,3,,,1,1,1,3,2,,2,,2,,2,,2,,2,,2,,2,,1,3,2,,2,,9,3,,2,2,2,2,2,2,10,1,4,,,,,,,,,,,,,1,798.1462660580318
2025,02,2523402,1,0073,1,1,20250225234021007313,1,3,3,1,2,,1,52,3,27,8,1972,1,,,,,,,,,,,,,,,3,,4110,8413,3,2,,,5,9000,0,8,8,8,8,8,0,40,,40,1,,2,,2,2,4,3200,,,,,,,,,,,,,,,1,6,2,,2,,2,,2,,2,,2,,2,,2,,2,,1,5,2,,2,,11,5,,2,2,2,2,2,2,10,1,1,3200,,,,,,,,,3200,3200,3200,1,798.1462660580318
2025,02,47167,1,0053,1,1,202502471671005311,1,1,1,1,2,,2,73,1,26,7,1951,2,2,2,2,2,2,2,2,2,2,2,2,2,2,2,1,2,,,,,,,,,,,,,,,,,,,,,,,,,,,,,,,,,,2,5,1,1,6,,,1,3,1,4,2,,1,4,2,,2,,2,,2,,2,,2,,2,,2,,2,,1,,,2,2,2,2,2,2,1,1,4,,,,,,,,,,,,,1,782.8284949774787
2025,02,47167,1,0053,1,1,202502471671005312,1,2,3,1,2,,2,48,2,17,8,1976,1,,,,,,,,,,,,,,,2,,5212,4759,3,5,2,2,1,3,12,12,12,12,0,12,12,72,,72,1,,2,,2,2,2,400,,,,,,,,,,,,,,,1,1,1,1,2,,2,,2,,2,,2,,2,,2,,1,1,2,,2,,2,,6,5,,2,2,2,2,2,2,10,6,1,1732,,,,,,,,399,1732,1732,2131,1,782.8284949774787
2025,02,47167,1,0053,1,1,202502471671005313,1,3,3,1,2,,2,43,3,8,12,1981,1,,,,,,,,,,,,,,,3,,5212,4771,2,,2,2,1,1,0,12,12,12,12,12,12,72,,72,1,,2,,2,2,,,,,,,,,,,,,,,,,1,5,2,,2,,2,,2,,1,5,2,,2,,2,,2,,2,,2,,2,,6,5,,2,2,2,2,2,2,10,7,1,,,1550,200,,,,,,1750,1750,1750,1,1004.0888917987195
2025,02,47167,1,0054,1,1,202502471671005411,1,1,1,1,2,,1,76,1,28,8,1948,2,2,2,2,2,2,2,2,2,2,2,2,2,2,2,1,2,,,,,,,,,,,,,,,,,,,,,,,,,,,,,,,,,,2,5,1,1,3,,,1,5,2,,2,,2,,2,,1,5,2,,2,,2,,2,,1,5,2,,2,,6,5,,2,2,2,2,2,2,10,5,4,,,,,,,,,,,,,1,858.1644548299718
2025,02,47167,1,0056,1,1,202502471671005611,1,1,1,1,2,,2,38,1,30,7,1986,1,,,,,,,,,,,,,,,1,,9122,4520,3,5,2,2,1,6,12,12,12,0,12,12,12,72,,72,1,,2,,2,2,2,300,,,,,,,,,,,,,,,1,5,2,,2,,2,,2,,1,5,2,,2,,2,,2,,2,,2,,2,,5,2,,2,2,2,2,2,2,10,6,1,1299,,,,,,,,8,1299,1299,1307,1,1004.0888917987195
2025,02,47167,1,0056,1,1,202502471671005612,1,2,3,1,1,,2,17,,,,,,,,,,,,,,,,,,,,,,,,,,,,,,,,,,,,,,,,,,,,,,,,,,,,,,,,,,,,,,,,,,,,,,,,,,,,,,,,,,,,,,,,,,,,,,,,,,,,,,,,,,,,,,,,0,
2025,02,47167,1,0056,1,1,202502471671005613,1,3,3,1,1,,2,13,,,,,,,,,,,,,,,,,,,,,,,,,,,,,,,,,,,,,,,,,,,,,,,,,,,,,,,,,,,,,,,,,,,,,,,,,,,,,,,,,,,,,,,,,,,,,,,,,,,,,,,,,,,,,,,,0,
2025,02,47167,1,0057,1,1,202502471671005711,1,1,1,1,2,,1,71,1,3,7,1953,1,,,,,,,,,,,,,,,1,,5211,4630,2,,3,2,1,1,0,0,0,0,2,6,4,12,,12,1,,2,,2,2,,,,,,,,,,,,,,,,,1,6,2,,2,,2,,2,,2,,2,,2,,2,,2,,1,5,2,,2,,6,5,,2,2,2,2,2,2,10,7,1,,,1400,100,,,,,,1500,1500,1500,1,858.1644548299718
2025,02,47167,1,0057,1,1,202502471671005712,1,2,2,1,2,,2,70,1,4,4,1954,2,2,2,2,2,2,2,2,2,2,2,2,2,2,2,2,2,,,,,,,,,,,,,,,,,,,,,,,,,,,,,,,,,,2,5,2,2,6,,,1,2,2,,1,4,2,,2,,2,,2,,2,,2,,2,,2,,2,,2,,6,5,,2,2,2,2,2,2,10,7,4,,,,,,,,,,,,,1,782.8284949774787
2025,02,47167,1,0057,1,1,202502471671005713,1,3,3,1,2,,1,48,3,2,8,1976,1,,,,,,,,,,,,,,,3,,8322,4922,2,,3,2,1,1,12,12,12,12,0,12,12,72,,72,1,,2,,2,2,,,,,,,,,,,,,,,,,1,5,2,,2,,2,,2,,1,5,2,,2,,2,,1,5,2,,2,,2,,9,3,,2,2,2,2,2,2,10,7,1,,,2400,,,,,,,2400,2400,2400,1,858.1644548299718
2025,02,2751501,1,0013,1,1,20250227515011001311,1,1,1,1,2,,1,64,1,30,8,1960,2,2,2,2,2,2,2,2,2,2,2,2,2,2,2,1,2,,,,,,,,,,,,,,,,,,,,,,,,,,,,,,,,,,2,5,1,2,6,,,1,4,2,,2,,2,,1,3,2,,2,,2,,2,,2,,2,,2,,1,3,9,3,,2,2,2,2,2,2,10,5,4,,,,,,,,,,,,,1,882.4454098533082
2025,02,2751501,1,0013,1,1,20250227515011001312,1,2,2,1,2,,2,54,2,12,9,1970,2,2,2,2,2,2,2,2,2,2,2,2,2,2,2,2,2,,,,,,,,,,,,,,,,,,,,,,,,,,,,,,,,,,2,5,1,1,6,,,1,4,2,,2,,2,,1,4,2,,2,,2,,2,,2,,2,,2,,2,,6,5,,2,2,2,2,2,2,10,7,4,,,,,,,,,,,,,1,804.9778899687923
2025,02,2751501,1,0013,1,1,20250227515011001313,1,3,3,1,2,,1,31,3,31,5,1993,1,,,,,,,,,,,,,,,3,,111,8422,3,1,,,5,9998,0,8,8,8,8,8,0,40,,40,1,,1,1,1,2,4,3700,,,,,,,,,,,,,,,1,4,2,,1,2,2,,1,1,2,,2,,2,,2,,2,,2,,2,,1,1,11,5,,2,2,2,2,2,2,10,7,1,3700,,,,,,,,83,3700,3700,3783,1,1075.475660852312
2025,02,2751501,1,0013,1,1,20250227515011001314,1,4,3,1,2,,1,23,4,23,4,2001,2,2,2,2,2,2,2,2,2,2,2,2,2,2,2,4,2,,,,,,,,,,,,,,,,,,,,,,,,,,,,,,,,,,1,4,1,1,13,2,4,1,5,2,,2,,2,,2,,1,5,2,,2,,2,,1,5,2,,2,,2,,10,3,,2,2,2,2,2,2,10,7,2,,,,,,,,,,,,,1,855.6620956126163
2025,02,2751501,1,0013,1,1,20250227515011001315,1,5,3,1,2,,1,22,5,1,8,2002,2,2,2,2,2,2,2,2,2,2,2,2,2,2,2,5,2,,,,,,,,,,,,,,,,,,,,,,,,,,,,,,,,,,2,4,1,1,7,,,1,5,2,,2,,2,,2,,1,5,2,,2,,2,,1,5,2,,2,,2,,10,2,,2,2,2,2,2,2,10,8,3,,,,,,,,,,,,,1,855.6620956126163
2025,02,2751501,1,0013,1,1,20250227515011001316,1,6,3,1,2,,1,16,6,23,5,2008,2,2,2,2,2,2,2,2,2,2,2,2,2,2,2,6,2,,,,,,,,,,,,,,,,,,,,,,,,,,,,,,,,,,2,4,2,2,3,,,2,4,2,,2,,2,,1,4,2,,2,,2,,2,,2,,2,,2,,2,,5,4,,2,2,2,2,2,2,10,7,4,,,,,,,,,,,,,1,855.6620956126163
2025,02,2574301,1,0090,1,1,20250225743011009011,1,1,1,1,2,,1,56,2,17,8,1968,1,,,,,,,,,,,,,,,1,,5212,4773,2,,2,2,1,1,0,8,8,8,8,8,8,48,,48,1,,2,,2,2,,,,,,,,,,,,,,,,,1,5,2,,2,,2,,2,,1,5,2,,2,,2,,2,,2,,2,,2,,6,5,,2,2,2,2,2,2,10,7,1,,,3650,,,,,,,3650,3650,3650,1,1492.2913276989498
2025,02,2574301,1,0090,1,1,20250225743011009012,1,2,2,1,2,,2,52,2,5,2,1973,1,,,,,,,,,,,,,,,2,,4120,4773,3,5,2,1,1,10,0,8,8,8,8,8,0,40,,40,1,,2,,2,2,4,3800,,,,,,,,,,,,,,,1,1,1,1,2,,2,,2,,2,,2,,2,,2,,1,1,2,,2,,2,,10,4,,2,2,2,2,2,2,10,7,1,3800,,,,,,,,792,3800,3800,4592,1,1361.2870674793558
2025,02,2574301,1,0090,1,1,20250225743011009013,1,3,3,1,2,,2,22,3,11,7,2002,2,2,2,2,2,2,2,2,2,2,2,2,2,2,2,3,2,,,,,,,,,,,,,,,,,,,,,,,,,,,,,,,,,,1,4,2,2,13,7,1,1,6,2,,2,,2,,2,,2,,2,,2,,2,,2,,2,,2,,2,,10,5,,2,2,2,2,2,2,10,1,2,,,,,,,,,,,,,1,1570.3453638695648
2025,02,2574301,1,0090,1,1,20250225743011009014,1,4,3,1,2,,2,19,4,24,12,2005,2,2,2,2,2,2,2,2,2,2,2,2,2,2,2,4,2,,,,,,,,,,,,,,,,,,,,,,,,,,,,,,,,,,2,4,2,2,3,,,2,6,2,,2,,2,,2,,2,,2,,2,,2,,2,,2,,2,,2,,10,1,,2,2,2,2,2,2,10,7,4,,,,,,,,,,,,,1,1570.3453638695648
2025,02,2574301,1,0092,1,1,20250225743011009211,1,1,1,1,2,,1,40,2,3,5,1984,1,,,,,,,,,,,,,,,1,,2511,2394,3,5,1,,4,300,0,8,8,8,8,8,0,40,,40,1,,2,,2,2,4,4000,,,,,,,,,,,,,,,1,1,1,1,2,,2,,2,,2,,2,,2,,2,,1,1,2,,2,,2,,11,5,,2,2,2,2,2,2,10,3,1,4000,,,,,,,,999,4000,4000,4999,1,1818.7221372798506
2025,02,2574301,1,0092,1,1,20250225743011009212,1,2,2,1,2,,2,46,2,10,11,1978,1,,,,,,,,,,,,,,,2,,2341,8521,3,5,1,,4,230,0,6,6,6,6,6,0,30,,30,1,,2,,2,2,4,2500,,,,,,,,,,,,,,,1,1,1,1,2,,2,,2,,2,,2,,2,,2,,1,1,2,,2,,2,,11,5,,2,2,2,2,2,2,10,7,1,2500,,,,,,,,520,2500,2500,3020,1,1361.2870674793558
2025,02,2574301,1,0092,1,1,20250225743011009213,1,3,3,1,2,,2,13,,,,,,,,,,,,,,,,,,,,,,,,,,,,,,,,,,,,,,,,,,,,,,,,,,,,,,,,,,,,,,,,,,,,,,,,,,,,,,,,,,,,,,,,,,,,,,,,,,,,,,,,,,,,,,,,1,
2025,02,2574301,1,0092,1,1,20250225743011009214,1,4,3,1,2,,1,11,,,,,,,,,,,,,,,,,,,,,,,,,,,,,,,,,,,,,,,,,,,,,,,,,,,,,,,,,,,,,,,,,,,,,,,,,,,,,,,,,,,,,,,,,,,,,,,,,,,,,,,,,,,,,,,,1,
2025,02,2574301,1,0093,1,1,20250225743011009311,1,1,1,1,2,,1,47,1,16,9,1977,1,,,,,,,,,,,,,,,1,,2611,6910,2,,2,1,1,1,0,9,9,9,9,9,3,48,,48,1,,2,,2,2,,,,,,,,,,,,,,,,,1,1,1,2,2,,2,,2,,2,,2,,2,,2,,1,4,2,,2,,2,,11,6,,2,2,2,2,2,2,10,7,1,,,7650,,,,,,,7650,7650,7650,1,1492.2913276989498
2025,02,2574301,1,0093,1,1,20250225743011009312,1,2,2,1,2,,2,46,2,19,12,1978,1,,,,,,,,,,,,,,,2,,2611,8423,3,2,,,5,9000,0,8,8,8,8,8,0,40,,40,1,,2,,2,2,4,4500,,,,,,,,,,,,,,,1,1,1,1,2,,2,,2,,2,,2,,2,,2,,1,1,2,,2,,2,,11,6,,2,2,2,2,2,2,10,7,1,4500,,,,,,,,83,4500,4500,4583,1,1361.2870674793558
2025,02,2574301,1,0093,1,1,20250225743011009313,1,3,3,1,2,,2,12,,,,,,,,,,,,,,,,,,,,,,,,,,,,,,,,,,,,,,,,,,,,,,,,,,,,,,,,,,,,,,,,,,,,,,,,,,,,,,,,,,,,,,,,,,,,,,,,,,,,,,,,,,,,,,,,1,
2025,02,2574301,1,0093,1,1,20250225743011009314,1,4,6,1,2,,2,75,2,7,9,1949,2,2,2,2,2,2,2,2,2,2,2,2,2,2,2,4,2,,,,,,,,,,,,,,,,,,,,,,,,,,,,,,,,,,2,6,2,2,11,,,1,1,1,3,2,,2,,2,,2,,2,,2,,2,,2,,1,3,2,,2,,11,5,,2,2,2,2,2,2,10,7,4,,,,,,,,,,,,,1,1361.2870674793558
2025,02,2981501,1,0057,1,1,20250229815011005711,1,1,1,1,2,,1,39,1,22,3,1985,1,,,,,,,,,,,,,,,1,,9321,1709,3,5,1,,4,110,0,11,11,11,11,11,11,66,,66,1,,2,,2,2,4,1350,5,,,,,,,,,,,,,,1,1,1,1,2,,2,,2,,2,,2,,2,,2,,1,1,2,,2,,2,,6,5,,2,2,2,2,2,2,10,7,1,1350,150,,,,,,,,1500,1500,1500,1,1020.2787239105259
2025,02,2981501,1,0057,1,1,20250229815011005712,1,2,2,1,2,,2,32,2,24,4,1992,1,,,,,,,,,,,,,,,2,,9211,146,3,5,2,2,1,12,0,9,9,9,9,9,9,54,,54,1,,1,1,1,2,3,600,,,,,,,,,,,,,,,1,5,2,,2,,2,,2,,1,5,2,,2,,2,,2,,1,5,2,,2,,5,2,,2,2,2,2,2,2,10,6,1,1200,,,,,,,,,1200,1200,1200,1,979.5074259365773
2025,02,2981501,1,0057,1,1,20250229815011005713,1,3,3,1,2,,1,15,3,7,9,2009,2,2,2,2,2,2,2,2,2,2,2,2,2,2,2,3,2,,,,,,,,,,,,,,,,,,,,,,,,,,,,,,,,,,2,5,1,2,3,,,1,5,2,,2,,2,,2,,1,5,2,,2,,2,,2,,2,,2,,2,,5,1,,2,2,2,2,2,2,10,9,4,,,,,,,,,,,,,1,811.7467115140337
2025,02,2981501,1,0057,1,1,20250229815011005714,1,4,3,1,2,,2,12,,,,,,,,,,,,,,,,,,,,,,,,,,,,,,,,,,,,,,,,,,,,,,,,,,,,,,,,,,,,,,,,,,,,,,,,,,,,,,,,,,,,,,,,,,,,,,,,,,,,,,,,,,,,,,,,1,
2025,02,2981501,1,0057,1,1,20250229815011005715,1,5,3,1,2,,1,9,,,,,,,,,,,,,,,,,,,,,,,,,,,,,,,,,,,,,,,,,,,,,,,,,,,,,,,,,,,,,,,,,,,,,,,,,,,,,,,,,,,,,,,,,,,,,,,,,,,,,,,,,,,,,,,,1,
2025,02,2981501,1,0059,1,1,20250229815011005911,1,1,1,1,2,,1,41,1,6,5,1983,1,,,,,,,,,,,,,,,1,,7111,4100,3,5,3,2,1,4,0,8,8,8,8,8,8,48,,48,1,,2,,2,2,2,700,,,,,,,,,,,,,,,1,5,2,,2,,2,,2,,1,5,2,,2,,2,,2,,2,,2,,2,,6,5,,2,2,2,2,2,2,10,7,1,3031,,,,,,,,,3031,3031,3031,1,1020.2787239105259
2025,02,2981501,1,0059,1,1,20250229815011005912,1,2,2,1,2,,2,46,2,16,1,1979,2,2,2,2,2,2,2,2,2,2,2,2,2,2,2,2,2,,,,,,,,,,,,,,,,,,,,,,,,,,,,,,,,,,2,5,1,1,6,,,1,5,2,,2,,2,,2,,1,5,2,,2,,2,,1,5,2,,2,,2,,11,5,,2,2,2,2,2,2,10,6,4,,,,,,,,,,,,,1,763.6637854757839
2025,02,2981501,1,0059,1,1,20250229815011005913,1,3,3,1,2,,1,13,,,,,,,,,,,,,,,,,,,,,,,,,,,,,,,,,,,,,,,,,,,,,,,,,,,,,,,,,,,,,,,,,,,,,,,,,,,,,,,,,,,,,,,,,,,,,,,,,,,,,,,,,,,,,,,,1,
2025,02,2981501,1,0059,1,1,20250229815011005914,1,4,3,1,2,,1,10,,,,,,,,,,,,,,,,,,,,,,,,,,,,,,,,,,,,,,,,,,,,,,,,,,,,,,,,,,,,,,,,,,,,,,,,,,,,,,,,,,,,,,,,,,,,,,,,,,,,,,,,,,,,,,,,1,
2025,02,2981501,1,0059,1,1,20250229815011005915,1,5,6,1,2,,2,64,2,31,8,1960,2,2,2,2,2,2,2,2,2,2,2,2,2,2,2,5,2,,,,,,,,,,,,,,,,,,,,,,,,,,,,,,,,,,2,5,1,2,3,,,1,6,2,,2,,2,,2,,2,,2,,2,,2,,2,,2,,2,,2,,6,5,,2,2,2,2,2,2,10,6,4,,,,,,,,,,,,,1,763.6637854757839
2025,02,2981501,1,0060,1,1,20250229815011006011,1,1,1,1,2,,2,22,1,8,3,2002,1,,,,,,,,,,,,,,,1,,5132,5610,3,5,1,,1,12,8,0,8,8,8,8,8,48,,48,1,,1,1,1,2,3,560,10,,,,,,,,,,,,,,1,5,2,,2,,2,,2,,1,5,2,,2,,2,,1,5,2,,2,,2,,6,5,,2,2,2,2,2,2,10,6,1,1120,300,,,,,,,,1420,1420,1420,1,880.9426855846963
2025,02,2981501,1,0060,1,1,20250229815011006012,1,2,2,1,2,,1,23,2,5,2,2002,1,,,,,,,,,,,,,,,2,,5142,9602,2,,2,1,1,1,13,12,12,12,12,12,13,86,,86,1,,1,1,1,2,,,,,,,,,,,,,,,,,2,6,2,,2,,2,,2,,2,,2,,2,,2,,2,,2,,2,,2,,5,4,,2,2,2,2,2,2,10,6,1,,,517,,,,,,,517,517,517,1,811.7467115140337
2025,02,2981501,1,0060,1,1,20250229815011006013,1,3,3,1,2,,2,2,,,,,,,,,,,,,,,,,,,,,,,,,,,,,,,,,,,,,,,,,,,,,,,,,,,,,,,,,,,,,,,,,,,,,,,,,,,,,,,,,,,,,,,,,,,,,,,,,,,,,,,,,,,,,,,,1,
2025,02,2981501,1,0061,1,1,20250229815011006111,1,1,1,1,2,,2,41,1,23,2,1983,2,2,2,2,2,2,2,2,2,2,2,2,2,2,2,1,2,,,,,,,,,,,,,,,,,,,,,,,,,,,,,,,,,,2,5,1,2,5,,,1,5,2,,2,,2,,2,,1,5,2,,2,,2,,1,5,2,,2,,2,,6,5,,2,2,2,2,2,2,10,7,4,,,,,,,,,,,,,1,979.5074259365773
2025,02,2981501,1,0061,1,1,20250229815011006112,1,2,2,1,2,,1,44,2,29,3,1980,1,,,,,,,,,,,,,,,2,,9329,1709,3,5,1,,4,150,0,8,8,8,8,8,6,46,,46,1,,1,2,2,2,4,1500,5,,,,,,,,,,,,,,1,1,1,1,2,,2,,2,,2,,2,,2,,2,,1,1,2,,2,,2,,6,5,,2,2,2,2,2,2,10,5,1,1500,150,,,,,,,375,1650,1650,2025,1,1020.2787239105259
2025,02,2981501,1,0061,1,1,20250229815011006113,1,3,3,1,2,,2,16,3,26,2,2008,2,2,2,2,2,2,2,2,2,2,2,2,2,2,2,3,2,,,,,,,,,,,,,,,,,,,,,,,,,,,,,,,,,,2,5,1,1,3,,,1,6,2,,2,,2,,2,,2,,2,,2,,2,,2,,2,,2,,2,,5,2,,2,2,2,2,2,2,10,6,4,,,,,,,,,,,,,1,880.9426855846963
2025,02,2981501,1,0061,1,1,20250229815011006114,1,4,3,1,2,,1,,,,,,,,,,,,,,,,,,,,,,,,,,,,,,,,,,,,,,,,,,,,,,,,,,,,,,,,,,,,,,,,,,,,,,,,,,,,,,,,,,,,,,,,,,,,,,,,,,,,,,,,,,,,,,,,,1,
2025,02,19394,1,0062,1,1,202502193941006211,1,1,1,1,2,,2,70,1,20,10,1954,2,2,2,2,2,2,2,2,2,2,2,2,2,2,2,1,2,,,,,,,,,,,,,,,,,,,,,,,,,,,,,,,,,,2,5,2,2,3,,,1,5,2,,2,,2,,2,,1,5,2,,2,,2,,2,,2,,2,,2,,1,,,2,2,2,2,2,2,1,1,4,,,,,,,,,,,,,1,992.8777291394598
2025,02,19394,1,0062,1,1,202502193941006212,1,2,3,1,2,,1,35,1,99,99,1990,1,,,,,,,,,,,,,,,2,,8322,4922,2,,3,2,1,1,9,9,9,9,9,9,9,63,,63,1,,2,,2,2,,,,,,,,,,,,,,,,,1,5,2,,2,,2,,2,,1,5,2,,2,,2,,2,,2,,2,,2,,6,5,,2,2,2,2,2,2,10,7,1,,,1200,,,,,,,1200,1200,1200,1,1326.5157281937284
2025,02,19394,1,0063,1,1,202502193941006311,1,1,1,1,2,,1,31,1,18,8,1993,1,,,,,,,,,,,,,,,1,,8322,4922,2,,3,2,1,1,0,0,6,6,6,6,0,24,,24,1,,1,2,2,2,,,,,,,,,,,,,,,,,1,5,2,,2,,2,,2,,1,5,2,,2,,2,,2,,2,,2,,2,,6,5,,1,2,2,2,2,2,10,7,1,,,1058,,,,,,,1058,1058,1058,1,1326.5157281937284
2025,02,19394,1,0063,1,1,202502193941006312,1,2,2,1,2,,2,34,2,20,4,1990,1,,,,,,,,,,,,,,,2,,9411,5610,2,,3,2,1,3,0,10,10,10,10,10,10,60,,60,1,,2,,2,2,,,,,,,,,,,,,,,,,1,5,2,,2,,2,,2,,1,5,2,,2,,2,,2,,2,,2,,2,,5,2,,2,2,2,2,2,2,1,1,1,,,1100,,,,,,,1100,1100,1100,1,1273.506911334328
2025,02,19394,1,0063,1,1,202502193941006313,1,3,3,1,2,,2,16,3,4,2,2009,1,,,,,,,,,,,,,,,3,,9412,5610,4,,3,2,1,3,0,4,4,4,4,4,4,24,,24,1,,2,,2,,,,,,,,,,,,,,,,,,2,5,2,,2,,2,,2,,1,5,2,,2,,2,,2,,2,,2,,2,,5,4,,2,2,2,2,2,2,10,7,1,,,,,,,,,,,,,1,1145.3579308077408
2025,02,19394,1,0063,1,1,202502193941006314,1,4,3,1,2,,2,14,4,2,7,2010,1,,,,,,,,,,,,,,,4,,9412,5610,4,,3,2,1,3,0,4,4,4,4,4,4,24,,24,1,,2,,2,,,,,,,,,,,,,,,,,,2,5,2,,2,,2,,2,,1,5,2,,2,,2,,2,,2,,2,,2,,5,2,,2,2,2,2,2,2,10,9,1,,,,,,,,,,,,,1,1145.3579308077408
2025,02,19394,1,0063,1,1,202502193941006315,1,5,3,1,2,,1,7,,,,,,,,,,,,,,,,,,,,,,,,,,,,,,,,,,,,,,,,,,,,,,,,,,,,,,,,,,,,,,,,,,,,,,,,,,,,,,,,,,,,,,,,,,,,,,,,,,,,,,,,,,,,,,,,1,
2025,02,19394,1,0063,1,1,202502193941006316,1,6,3,1,2,,2,4,,,,,,,,,,,,,,,,,,,,,,,,,,,,,,,,,,,,,,,,,,,,,,,,,,,,,,,,,,,,,,,,,,,,,,,,,,,,,,,,,,,,,,,,,,,,,,,,,,,,,,,,,,,,,,,,1,
2025,02,19394,1,0064,1,1,202502193941006411,1,1,1,1,2,,1,41,1,30,6,1983,1,,,,,,,,,,,,,,,1,,7421,9511,2,,2,2,1,1,11,11,11,11,11,11,11,77,,77,1,,2,,2,2,,,,,,,,,,,,,,,,,1,5,2,,2,,2,,2,,1,5,2,,2,,2,,2,,2,,2,,2,,9,3,,2,2,2,2,2,2,10,7,1,,,1450,,,,,,,1450,1450,1450,1,1326.5157281937284
2025,02,19394,1,0064,1,1,202502193941006412,1,2,2,1,2,,2,34,1,12,10,1990,1,,,,,,,,,,,,,,,2,,3221,8610,3,2,,,5,9998,0,6,6,6,6,6,0,30,,30,1,,2,,2,2,4,1800,,,,,,,,,,,,,,,1,5,2,,2,,2,,2,,1,5,2,,2,,2,,2,,2,,2,,2,,9,3,,2,2,2,2,2,2,10,7,1,1800,,,,,,,,,1800,1800,1800,1,1273.506911334328
2025,02,19394,1,0064,1,1,202502193941006413,1,3,3,1,2,,2,12,,,,,,,,,,,,,,,,,,,,,,,,,,,,,,,,,,,,,,,,,,,,,,,,,,,,,,,,,,,,,,,,,,,,,,,,,,,,,,,,,,,,,,,,,,,,,,,,,,,,,,,,,,,,,,,,1,
2025,02,19394,1,0064,1,1,202502193941006414,1,4,3,1,2,,1,9,,,,,,,,,,,,,,,,,,,,,,,,,,,,,,,,,,,,,,,,,,,,,,,,,,,,,,,,,,,,,,,,,,,,,,,,,,,,,,,,,,,,,,,,,,,,,,,,,,,,,,,,,,,,,,,,1,
2025,02,19394,1,0065,1,1,202502193941006511,1,1,1,1,2,,1,25,2,17,3,1999,1,,,,,,,,,,,,,,,1,,7513,1071,3,5,2,1,1,5,0,9,9,9,9,9,9,54,,54,1,,2,,2,2,2,450,12,,,,,,,,,,,,,,1,5,2,,2,,2,,2,,1,5,2,,2,,2,,2,,2,,2,,2,,6,5,,2,2,2,2,2,2,10,7,1,1949,52,,,,,,,,2001,2001,2001,1,1326.5157281937284
2025,02,19394,1,0065,1,1,202502193941006512,1,2,2,1,2,,2,32,2,10,9,1992,1,,,,,,,,,,,,,,,2,,5212,4721,2,,3,2,1,1,11,11,11,11,11,11,11,77,,77,1,,1,1,1,2,,,,,,,,,,,,,,,,,1,5,2,,2,,2,,2,,1,5,2,,2,,2,,2,,2,,2,,2,,6,5,,2,2,2,2,2,2,1,1,1,,,370,130,,,,,,500,500,500,1,1273.506911334328
2025,02,19394,1,0065,1,1,202502193941006513,1,3,3,1,2,,2,5,,,,,,,,,,,,,,,,,,,,,,,,,,,,,,,,,,,,,,,,,,,,,,,,,,,,,,,,,,,,,,,,,,,,,,,,,,,,,,,,,,,,,,,,,,,,,,,,,,,,,,,,,,,,,,,,1,
2025,02,19394,1,0065,1,1,202502193941006514,1,4,3,1,2,,1,2,,,,,,,,,,,,,,,,,,,,,,,,,,,,,,,,,,,,,,,,,,,,,,,,,,,,,,,,,,,,,,,,,,,,,,,,,,,,,,,,,,,,,,,,,,,,,,,,,,,,,,,,,,,,,,,,1,
2025,02,2266801,1,0060,1,1,20250222668011006011,1,1,1,1,2,,1,57,1,12,4,1967,1,,,,,,,,,,,,,,,1,,8321,4922,2,,3,2,1,1,0,8,8,8,8,8,10,50,,50,1,,2,,2,2,,,,,,,,,,,,,,,,,1,5,2,,2,,2,,2,,1,5,2,,2,,2,,1,5,2,,2,,2,,6,5,,2,2,2,2,2,2,10,8,1,,,1152,,,,,,,1152,1152,1152,1,1092.0200710467666
2025,02,2266801,1,0060,1,1,20250222668011006012,1,2,2,1,2,,2,58,2,18,12,1966,2,2,2,2,2,2,2,2,2,2,2,2,2,2,2,2,2,,,,,,,,,,,,,,,,,,,,,,,,,,,,,,,,,,2,5,1,1,6,,,1,5,2,,2,,2,,2,,1,5,2,,2,,2,,2,,2,,2,,2,,8,1,,2,2,2,2,2,2,10,8,4,,,,,,,,,,,,,1,996.1545527682267
2025,02,2266801,1,0060,1,1,20250222668011006013,1,3,3,1,2,,1,16,2,19,2,2008,2,2,2,2,2,2,2,2,2,2,2,2,2,2,2,3,2,,,,,,,,,,,,,,,,,,,,,,,,,,,,,,,,,,2,4,1,1,5,,,2,5,2,,2,,2,,2,,1,5,2,,2,,2,,2,,2,,2,,2,,5,4,,2,2,2,2,2,2,10,7,4,,,,,,,,,,,,,1,1058.8759055341936
2025,02,2266801,1,0061,1,1,20250222668011006111,1,1,1,1,2,,2,27,1,20,3,1997,1,,,,,,,,,,,,,,,1,,7354,1410,3,5,3,2,1,3,0,8,0,8,8,0,0,24,,24,1,,1,1,1,2,2,150,,,,,,,,,,,,,,,1,5,2,,2,,2,,2,,1,5,2,,2,,2,,2,,2,,2,,2,,6,5,,2,2,2,2,2,2,10,7,1,650,,,,,,,,,650,650,650,1,1277.709903723003
2025,02,2266801,1,0061,1,1,20250222668011006112,1,2,2,1,2,,1,36,2,6,4,1988,1,,,,,,,,,,,,,,,2,,9313,4100,3,5,1,,1,8,0,9,8,9,8,9,5,48,,48,1,,2,,2,2,2,600,,,,,,,,,,,,,,,1,5,2,,2,,2,,2,,1,5,2,,2,,2,,1,5,2,,2,,2,,6,5,,2,2,2,2,2,2,10,7,1,2598,,,,,,,,,2598,2598,2598,1,1330.8936671428107
2025,02,2266801,1,0061,1,1,20250222668011006113,1,3,3,1,2,,2,9,,,,,,,,,,,,,,,,,,,,,,,,,,,,,,,,,,,,,,,,,,,,,,,,,,,,,,,,,,,,,,,,,,,,,,,,,,,,,,,,,,,,,,,,,,,,,,,,,,,,,,,,,,,,,,,,1,
2025,02,2266801,1,0062,1,1,20250222668011006211,1,1,1,1,2,,2,36,1,19,3,1988,1,,,,,,,,,,,,,,,1,,5213,4781,3,5,2,2,1,3,0,11,11,0,0,0,11,33,,33,1,,2,,2,2,2,150,60,,,,,,,,,,,,,,1,5,2,,2,,2,,2,,1,5,2,,2,,2,,2,,2,,2,,2,,6,5,,2,2,2,2,2,2,10,8,1,650,260,,,,,,,,910,910,910,1,1277.709903723003
2025,02,2266801,1,0062,1,1,20250222668011006212,1,2,3,1,2,,2,15,2,31,10,2009,2,2,2,2,2,2,2,2,2,2,2,2,2,2,2,2,2,,,,,,,,,,,,,,,,,,,,,,,,,,,,,,,,,,1,5,1,1,13,5,1,2,5,2,,2,,2,,2,,1,5,2,,2,,2,,2,,2,,2,,2,,5,3,,2,2,2,2,2,2,10,5,2,,,,,,,,,,,,,1,1149.1379893395394
2025,02,2266801,1,0062,1,1,20250222668011006213,1,3,3,1,2,,1,9,,,,,,,,,,,,,,,,,,,,,,,,,,,,,,,,,,,,,,,,,,,,,,,,,,,,,,,,,,,,,,,,,,,,,,,,,,,,,,,,,,,,,,,,,,,,,,,,,,,,,,,,,,,,,,,,1,
2025,02,2266801,1,0063,1,1,20250222668011006311,1,1,1,1,2,,1,56,1,15,8,1968,1,,,,,,,,,,,,,,,1,,4110,2819,3,5,1,,4,180,0,8,8,8,8,8,8,48,,48,1,,2,,2,2,4,2000,,,,,,,,,,,,,,,2,1,1,1,2,,2,,2,,2,,2,,2,,2,,1,1,2,,2,,2,,6,5,,2,2,2,2,2,2,10,7,1,2000,,,,,,,,601,2000,2000,2601,1,1092.0200710467666
2025,02,2266801,1,0063,1,1,20250222668011006312,1,2,3,1,2,,1,30,2,4,12,1994,1,,,,,,,,,,,,,,,2,,9312,7110,3,5,1,,1,4,0,9,8,9,8,9,5,48,,48,1,,2,,2,2,2,550,,,,,,,,,,,,,,,1,5,2,,2,,2,,2,,1,5,2,,2,,2,,1,5,2,,2,,2,,6,5,,2,2,2,2,2,2,10,7,1,2382,,,,,,,,,2382,2382,2382,1,1330.8936671428107
2025,02,2266801,1,0063,1,1,20250222668011006313,1,3,3,1,1,,2,25,,,,,,,,,,,,,,,,,,,,,,,,,,,,,,,,,,,,,,,,,,,,,,,,,,,,,,,,,,,,,,,,,,,,,,,,,,,,,,,,,,,,,,,,,,,,,,,,,,,,,,,,,,,,,,,,0,
2025,02,2266801,1,0063,1,1,20250222668011006314,1,4,5,1,1,,2,9,,,,,,,,,,,,,,,,,,,,,,,,,,,,,,,,,,,,,,,,,,,,,,,,,,,,,,,,,,,,,,,,,,,,,,,,,,,,,,,,,,,,,,,,,,,,,,,,,,,,,,,,,,,,,,,,0,
2025,02,2266801,1,0063,1,1,20250222668011006315,1,5,5,1,1,,2,6,,,,,,,,,,,,,,,,,,,,,,,,,,,,,,,,,,,,,,,,,,,,,,,,,,,,,,,,,,,,,,,,,,,,,,,,,,,,,,,,,,,,,,,,,,,,,,,,,,,,,,,,,,,,,,,,0,
2025,02,22770,1,0080,1,1,202502227701008011,1,1,1,1,2,,2,60,2,23,5,1964,1,,,,,,,,,,,,,,,1,,9411,5630,2,,3,2,1,2,0,6,6,6,6,6,6,36,,36,1,,2,,2,2,,,,,,,,,,,,,,,,,2,5,2,,2,,2,,2,,1,5,2,,2,,2,,2,,2,,2,,2,,5,3,,2,2,2,2,2,2,10,5,1,,,820,260,,,,,,1080,1080,1080,1,886.9774778107383
2025,02,22770,1,0080,1,1,202502227701008012,1,2,3,1,2,,2,19,2,2,9,2005,2,2,2,2,2,2,2,2,2,2,2,2,1,2,2,2,,9412,5630,4,,3,2,1,2,0,6,6,6,6,6,6,36,,36,1,,1,1,1,,,,,,,,,,,,,,,,,,2,5,2,,2,,2,,2,,1,5,2,,2,,2,,2,,2,,2,,2,,6,5,,2,2,2,2,2,2,10,7,1,,,,,,,,,,,,,1,1023.194154570146
2025,02,22770,1,0081,1,1,202502227701008111,1,1,1,1,2,,2,64,1,14,1,1961,1,,,,,,,,,,,,,,,1,,9411,5610,2,,3,2,1,2,10,10,10,10,10,10,10,70,,70,1,,2,,2,2,,,,,,,,,,,,,,,,,1,5,2,,2,,2,,2,,1,5,2,,2,,2,,2,,2,,2,,2,,3,2,,2,2,2,2,2,2,10,7,1,,,1320,300,,,,,,1620,1620,1620,1,886.9774778107383
2025,02,22770,1,0081,1,1,202502227701008112,1,2,3,1,2,,2,31,2,19,11,1993,2,2,2,2,2,2,2,2,2,2,2,2,1,2,2,2,,9412,5610,4,,3,2,1,2,6,6,6,6,6,6,6,42,,42,1,,2,,2,,,,,,,,,,,,,,,,,,1,5,2,,2,,2,,2,,1,5,2,,2,,2,,1,5,2,,2,,2,,10,3,,2,2,2,2,2,2,10,8,1,,,,,,,,,,,,,1,1137.6747760964288
2025,02,22770,1,0081,1,1,202502227701008113,1,3,11,1,2,,1,9,,,,,,,,,,,,,,,,,,,,,,,,,,,,,,,,,,,,,,,,,,,,,,,,,,,,,,,,,,,,,,,,,,,,,,,,,,,,,,,,,,,,,,,,,,,,,,,,,,,,,,,,,,,,,,,,1,
2025,02,22770,1,0081,1,1,202502227701008114,1,4,11,1,2,,1,36,4,10,10,1988,2,2,2,2,2,2,2,2,2,2,2,2,2,2,2,4,2,,,,,,,,,,,,,,,,,,,,,,,,,,,,,,,,,,2,7,1,2,7,,,1,5,2,,2,,2,,2,,1,5,2,,2,,2,,2,,2,,2,,2,,9,3,,2,2,2,2,2,2,10,5,4,,,,,,,,,,,,,1,1185.0296772084048
2025,02,22770,1,0082,1,1,202502227701008211,1,1,1,1,2,,2,65,1,14,5,1959,1,,,,,,,,,,,,,,,1,,9411,5610,2,,3,2,1,1,0,11,11,11,11,11,11,66,,66,1,,2,,2,2,,,,,,,,,,,,,,,,,1,5,2,,2,,2,,2,,1,5,2,,2,,2,,2,,2,,2,,2,,6,5,,2,2,2,2,2,2,10,7,1,,,1209,130,,,,,,1339,1339,1339,1,886.9774778107383
2025,02,22770,1,0083,1,1,202502227701008311,1,1,1,1,2,,2,26,1,5,1,1999,2,2,2,2,2,2,2,2,2,2,2,2,2,2,2,1,2,,,,,,,,,,,,,,,,,,,,,,,,,,,,,,,,,,2,5,2,2,6,,,1,5,2,,2,,2,,2,,1,5,2,,2,,2,,2,,2,,2,,2,,8,1,,2,2,2,2,2,2,10,7,4,,,,,,,,,,,,,1,1137.6747760964288
2025,02,22770,1,0083,1,1,202502227701008312,1,2,3,1,2,,1,4,,,,,,,,,,,,,,,,,,,,,,,,,,,,,,,,,,,,,,,,,,,,,,,,,,,,,,,,,,,,,,,,,,,,,,,,,,,,,,,,,,,,,,,,,,,,,,,,,,,,,,,,,,,,,,,,1,
2025,02,22770,1,0083,1,1,202502227701008313,1,3,3,1,2,,1,,,,,,,,,,,,,,,,,,,,,,,,,,,,,,,,,,,,,,,,,,,,,,,,,,,,,,,,,,,,,,,,,,,,,,,,,,,,,,,,,,,,,,,,,,,,,,,,,,,,,,,,,,,,,,,,,1,
2025,02,28220,1,0016,1,1,202502282201001611,1,1,1,1,2,,2,87,1,15,3,1937,2,2,2,2,2,2,2,2,2,2,2,2,2,2,2,1,2,,,,,,,,,,,,,,,,,,,,,,,,,,,,,,,,,,2,5,1,2,7,,,1,5,2,,2,,2,,2,,1,5,2,,2,,2,,2,,2,,2,,2,,4,5,,2,2,2,2,2,2,1,1,4,,,,,,,,,,,,,1,843.7729146425371
2025,02,28220,1,0016,1,1,202502282201001612,1,2,3,1,2,,1,67,1,31,12,1957,1,,,,,,,,,,,,,,,2,,9629,3530,2,,3,2,1,2,2,2,2,2,2,2,2,14,,14,1,,2,,2,2,,,,,,,,,,,,,,,,,1,5,2,,2,,2,,2,,1,5,2,,2,,2,,2,,1,5,2,,2,,6,5,,2,2,2,2,2,2,10,7,1,,,260,,,,,,,260,260,260,1,924.9738965050586
2025,02,20132,1,0007,1,1,202502201321000711,1,1,1,1,2,,1,46,1,6,2,1979,2,1,,,,,,,,,,,,,,1,,2330,8521,3,2,,,5,9998,0,0,0,0,0,0,0,0,,35,2,35,1,1,1,2,4,3100,,,,,,,,,,,,,,,1,1,1,1,2,,2,,2,,2,,2,,2,,2,,1,1,2,,2,,2,,11,5,,2,2,2,2,2,2,10,7,1,3100,,,,,,,,58,3100,3100,3158,1,1181.2386645384256
2025,02,20132,1,0008,1,1,202502201321000811,1,1,1,1,2,,2,82,2,1,12,1942,2,2,2,2,2,2,2,2,2,2,2,2,2,2,2,1,2,,,,,,,,,,,,,,,,,,,,,,,,,,,,,,,,,,2,7,2,2,7,,,1,5,2,,2,,2,,2,,1,5,2,,2,,2,,2,,2,,2,,2,,3,3,,2,2,2,2,2,2,10,7,4,,,,,,,,,,,,,1,1077.5408848098175
2025,02,20132,1,0008,1,1,202502201321000812,1,2,3,1,2,,2,47,2,23,4,1977,2,2,2,2,2,2,2,2,2,2,2,2,2,2,2,2,2,,,,,,,,,,,,,,,,,,,,,,,,,,,,,,,,,,1,3,1,1,13,6,4,1,5,2,,2,,2,,2,,1,5,2,,2,,2,,2,,2,,2,,2,,9,3,,2,2,2,2,2,2,10,7,2,,,,,,,,,,,,,1,1077.5408848098175
2025,02,20132,1,0008,1,1,202502201321000813,1,3,5,1,2,,1,21,3,12,8,2003,1,,,,,,,,,,,,,,,3,,5212,4711,3,5,2,1,2,35,8,8,8,0,8,8,8,48,,48,1,,2,,2,2,3,565,,,,,,,,,,,,,,,2,1,1,1,2,,2,,2,,2,,2,,2,,2,,1,1,2,,2,,2,,10,2,,2,2,2,2,2,2,10,7,1,1130,,,,,,,,,1130,1130,1130,1,1145.3866038983829
2025,02,20132,1,0008,1,1,202502201321000814,1,4,5,1,2,,2,18,4,19,4,2006,2,2,2,2,2,2,2,2,2,2,2,2,2,2,2,4,2,,,,,,,,,,,,,,,,,,,,,,,,,,,,,,,,,,2,4,2,2,5,,,2,5,2,,2,,2,,2,,1,5,2,,2,,2,,2,,2,,2,,2,,6,5,,2,2,2,2,2,2,10,7,4,,,,,,,,,,,,,1,1243.0231457162263
2025,02,27207,1,0036,1,1,202502272071003611,1,1,1,1,2,,1,65,1,8,2,1960,2,2,2,2,2,2,2,2,2,2,2,2,2,2,2,1,2,,,,,,,,,,,,,,,,,,,,,,,,,,,,,,,,,,2,5,2,2,7,,,1,1,1,5,2,,2,,2,,2,,2,,2,,2,,1,5,2,,2,,2,,11,5,,2,2,2,2,2,2,10,7,4,,,,,,,,,,,,,1,1134.870426392687
2025,02,27207,1,0036,1,1,202502272071003612,1,2,2,1,2,,2,61,2,31,12,1963,2,2,2,2,2,2,2,2,2,2,2,2,2,2,2,2,2,,,,,,,,,,,,,,,,,,,,,,,,,,,,,,,,,,2,5,2,2,6,,,1,1,1,4,2,,2,,2,,2,,2,,2,,2,,2,,2,,2,,2,,6,5,,2,2,2,2,2,2,10,7,4,,,,,,,,,,,,,1,1035.2431901452471
2025,02,27207,1,0036,1,1,202502272071003613,1,3,3,1,1,,1,32,,,,,,,,,,,,,,,,,,,,,,,,,,,,,,,,,,,,,,,,,,,,,,,,,,,,,,,,,,,,,,,,,,,,,,,,,,,,,,,,,,,,,,,,,,,,,,,,,,,,,,,,,,,,,,,,0,
2025,02,27207,1,0036,1,1,202502272071003614,1,4,3,1,2,,2,28,1,6,10,1996,1,,,,,,,,,,,,,,,4,,3118,7110,2,,2,2,1,1,0,6,6,6,6,6,0,30,,30,1,,2,,2,2,,,,,,,,,,,,,,,,,2,5,2,,2,,2,,2,,1,5,2,,2,,2,,2,,2,,2,,2,,11,5,,2,2,2,2,2,2,10,7,1,,,1600,,,,,,,1600,1600,1600,1,1327.846641000232
2025,02,27207,1,0036,1,1,202502272071003615,1,6,3,1,2,,2,24,1,9,12,2000,2,2,2,2,2,2,2,2,2,2,2,2,2,2,2,6,2,,,,,,,,,,,,,,,,,,,,,,,,,,,,,,,,,,1,5,1,1,13,4,8,2,5,2,,2,,2,,2,,1,5,2,,2,,2,,2,,2,,2,,2,,11,5,,2,2,2,2,2,2,10,7,2,,,,,,,,,,,,,1,1194.2296250065428
2025,02,27207,1,0036,1,1,202502272071003616,1,7,3,1,2,,1,22,7,7,1,2003,2,2,2,2,2,2,2,2,2,2,2,2,2,2,2,7,2,,,,,,,,,,,,,,,,,,,,,,,,,,,,,,,,,,2,5,2,2,5,,,2,6,2,,2,,2,,2,,2,,2,,2,,2,,2,,2,,2,,2,,10,4,,2,2,2,2,2,2,10,7,4,,,,,,,,,,,,,1,1100.4256993725803
2025,02,27207,1,0036,1,1,202502272071003617,1,5,3,1,2,,2,26,5,28,12,1998,1,,,,,,,,,,,,,,,5,,2634,7830,3,4,1,,4,500,0,8,8,8,8,8,0,40,,40,1,,2,,2,2,4,2500,,,,,,,,,,,,,,,2,1,1,1,2,,2,,2,,2,,2,,2,,2,,1,1,2,,2,,2,,11,6,,2,2,2,2,2,2,10,7,1,2500,,,,,,,,624,2500,2500,3124,1,1327.846641000232
2025,02,27207,1,0037,1,1,202502272071003711,1,1,1,1,2,,1,49,1,8,6,1975,1,,,,,,,,,,,,,,,1,,2141,7490,3,5,1,,1,5,0,9,9,9,9,9,0,45,,45,1,,2,,2,2,4,3500,,,,,,,,,,,,,,,1,1,1,1,2,,2,,2,,2,,2,,2,,2,,1,1,2,,2,,2,,12,2,,2,2,2,2,2,2,10,7,1,3500,,,,,,,,918,3500,3500,4418,1,1134.870426392687
2025,02,27207,1,0037,1,1,202502272071003712,1,2,2,1,2,,2,50,2,11,10,1974,1,,,,,,,,,,,,,,,2,,2411,3510,3,5,1,,5,9998,0,8,8,8,8,8,0,40,,40,1,,2,,2,2,4,5000,,,,,,,,,,,,,,,1,3,1,1,2,,1,1,2,,2,,2,,2,,2,,1,1,2,,2,,2,,12,2,,2,2,2,2,2,2,10,7,1,5000,,,,,,,,1125,5000,5000,6125,1,1035.2431901452471
2025,02,27207,1,0037,1,1,202502272071003713,1,3,3,1,2,,1,18,3,3,11,2006,2,2,2,2,2,2,2,2,2,2,2,2,2,2,2,3,2,,,,,,,,,,,,,,,,,,,,,,,,,,,,,,,,,,2,5,2,2,5,,,1,6,2,,2,,2,,2,,2,,2,,2,,2,,2,,2,,2,,2,,10,1,,2,2,2,2,2,2,10,7,4,,,,,,,,,,,,,1,1100.4256993725803
2025,02,27207,1,0037,1,1,202502272071003714,1,4,3,1,2,,1,15,4,9,12,2009,2,2,2,2,2,2,2,2,2,2,2,2,2,2,2,4,2,,,,,,,,,,,,,,,,,,,,,,,,,,,,,,,,,,2,5,2,2,3,,,2,3,1,4,2,,1,4,2,,2,,2,,2,,2,,2,,2,,2,,2,,5,3,,2,2,2,2,2,2,10,7,4,,,,,,,,,,,,,1,1100.4256993725803
2025,02,27207,1,0038,1,1,202502272071003811,1,1,1,1,2,,2,46,1,26,6,1978,1,,,,,,,,,,,,,,,1,,2251,8620,3,5,2,1,1,6,0,2,0,4,8,0,0,14,,14,1,,2,,2,2,3,3500,,,,,,,,,,,,,,,1,6,2,,2,,2,,2,,2,,2,,2,,2,,1,5,2,,2,,2,,11,5,,2,2,2,2,2,2,10,7,1,7000,,,,,,,,,7000,7000,7000,1,1035.2431901452471
2025,02,18139,1,0019,1,1,202311181391001911,1,1,1,1,2,,1,47,1,9,7,1977,1,,,,,,,,,,,,,,,1,,5212,4719,3,5,1,,5,9998,0,6,6,6,6,6,0,30,,30,1,,2,,2,2,4,1900,50,,,,,,,,,,,,,,1,3,1,1,2,,1,2,2,,2,,2,,2,,2,,1,1,2,,2,,2,,10,3,,2,2,2,2,2,2,10,3,1,1900,50,,,,,,,492,1950,1950,2442,1,738.3987450957848
2025,02,18139,1,0019,1,1,202311181391001912,1,2,2,1,2,,2,46,1,10,1,1979,2,1,,,,,,,,,,,,,,2,,2341,8521,3,2,,,5,9998,0,0,0,0,0,0,0,0,,36,2,36,2,,2,2,4,2100,,,,,,,,,,,,,,,1,3,1,1,2,,1,4,2,,2,,2,,2,,2,,2,,1,1,2,,2,,11,5,,2,2,2,2,2,2,10,7,1,2100,,,,,,,,,2100,2100,2100,1,673.5766962418866
2025,02,18139,1,0019,1,1,202311181391001913,1,3,3,1,2,,1,16,3,20,3,2008,2,2,2,2,2,2,2,2,2,2,2,2,2,2,2,3,2,,,,,,,,,,,,,,,,,,,,,,,,,,,,,,,,,,2,4,2,2,5,,,2,3,1,4,2,,1,4,2,,2,,2,,2,,2,,2,,2,,2,,2,,6,5,,2,2,2,2,2,2,10,7,4,,,,,,,,,,,,,1,715.9874260453286
2025,02,18139,1,0019,1,1,202311181391001914,1,4,3,1,2,,1,14,4,21,12,2010,2,2,2,2,2,2,2,2,2,2,2,2,2,2,2,4,2,,,,,,,,,,,,,,,,,,,,,,,,,,,,,,,,,,2,4,2,2,5,,,2,3,1,4,2,,1,4,2,,2,,2,,2,,2,,2,,2,,2,,2,,5,2,,2,2,2,2,2,2,10,7,4,,,,,,,,,,,,,1,715.9874260453286
2025,02,18166,1,0074,1,1,202411181661007411,1,1,1,1,2,,2,85,1,11,11,1939,2,2,2,2,2,2,2,2,2,2,2,2,2,2,2,1,2,,,,,,,,,,,,,,,,,,,,,,,,,,,,,,,,,,2,6,2,2,6,,,1,1,1,3,2,,2,,2,,2,,2,,2,,2,,2,,1,3,2,,2,,11,5,,2,2,2,2,2,2,10,7,4,,,,,,,,,,,,,1,340.9617901051199
2025,02,18166,1,0074,1,1,202411181661007412,1,2,7,1,2,,2,93,1,5,1,1932,2,2,2,2,2,2,2,2,2,2,2,2,2,2,2,2,2,,,,,,,,,,,,,,,,,,,,,,,,,,,,,,,,,,2,7,2,2,7,,,1,5,2,,2,,2,,2,,1,5,2,,2,,2,,2,,2,,2,,2,,6,5,,1,2,2,2,2,2,10,9,4,,,,,,,,,,,,,1,340.9617901051199
2025,02,18166,1,0074,1,1,202411181661007413,1,3,7,1,2,,2,80,3,26,10,1944,2,2,2,2,2,2,2,2,2,2,2,2,2,2,2,3,2,,,,,,,,,,,,,,,,,,,,,,,,,,,,,,,,,,2,6,2,2,6,,,1,1,1,3,2,,2,,2,,2,,2,,2,,2,,2,,1,3,2,,2,,11,5,,2,2,2,2,2,2,10,7,4,,,,,,,,,,,,,1,340.9617901051199
2025,02,18166,1,0075,1,1,202411181661007511,1,1,1,1,2,,1,80,4,16,5,1944,2,2,2,2,2,2,2,2,2,2,2,2,2,2,2,1,2,,,,,,,,,,,,,,,,,,,,,,,,,,,,,,,,,,2,6,2,2,3,,,1,1,1,3,2,,2,,2,,2,,2,,2,,2,,1,3,2,,2,,2,,3,4,,2,2,2,2,1,2,10,9,4,,,,,,,,,,,,,1,373.77444817185585
2025,02,18166,1,0075,1,1,202411181661007512,1,2,2,1,2,,2,68,2,8,11,1956,2,2,2,2,2,2,2,2,2,2,2,2,2,2,2,2,2,,,,,,,,,,,,,,,,,,,,,,,,,,,,,,,,,,2,5,2,2,6,,,1,1,1,4,2,,2,,2,,2,,2,,2,,2,,2,,2,,2,,2,,3,4,,2,2,2,2,2,2,10,9,4,,,,,,,,,,,,,1,340.9617901051199
2025,02,18166,1,0075,1,1,202411181661007513,1,3,3,1,2,,1,45,3,10,11,1979,1,,,,,,,,,,,,,,,3,,3314,2710,3,5,1,,3,100,0,8,8,8,8,8,0,40,,40,1,,2,,2,2,4,3000,500,,,,,,,,,,,,,,1,1,1,1,2,,2,,2,,2,,2,,2,,2,,1,1,2,,2,,2,,12,2,,2,2,2,2,2,2,10,9,1,3000,42,,,,,,,1583,3042,3042,4625,1,373.77444817185585
2025,02,18166,1,0075,1,1,202411181661007514,1,4,3,1,2,,2,27,4,6,4,1997,2,2,2,2,2,2,2,2,2,2,2,2,2,2,2,4,2,,,,,,,,,,,,,,,,,,,,,,,,,,,,,,,,,,2,5,1,1,6,,,1,6,2,,2,,2,,2,,2,,2,,2,,2,,1,5,2,,2,,2,,9,3,,2,2,2,2,2,2,10,7,4,,,,,,,,,,,,,1,437.3319931107091
2025,02,18166,1,0077,1,1,202411181661007711,1,1,1,1,2,,1,74,2,21,7,1950,1,,,,,,,,,,,,,,,1,,9629,9000,2,,3,2,1,1,0,8,8,8,8,8,8,48,,48,1,,2,,2,2,,,,,,,,,,,,,,,,,1,6,2,,2,,2,,2,,2,,2,,2,,2,,2,,2,,2,,2,,11,6,,2,2,2,2,2,2,10,9,1,,,1000,,,,,,,1000,1000,1000,1,373.77444817185585
2025,02,18166,1,0077,1,1,202411181661007712,1,2,8,1,2,,1,70,2,21,12,1954,2,2,2,2,2,2,2,2,2,2,2,2,2,2,2,2,2,,,,,,,,,,,,,,,,,,,,,,,,,,,,,,,,,,2,5,2,2,7,,,1,1,1,2,2,,2,,2,,2,,2,,2,,2,,1,2,2,,2,,2,,10,2,,2,2,2,2,2,2,10,9,4,,,,,,,,,,,,,1,373.77444817185585
2025,02,18166,1,0078,1,1,202411181661007811,1,1,1,1,2,,1,86,1,18,7,1938,2,2,2,2,2,2,2,2,2,2,2,2,2,2,2,1,2,,,,,,,,,,,,,,,,,,,,,,,,,,,,,,,,,,2,6,2,2,6,,,1,1,1,3,2,,2,,2,,2,,2,,2,,2,,1,3,2,,2,,2,,9,3,,2,2,2,2,2,2,10,9,4,,,,,,,,,,,,,1,373.77444817185585
2025,02,18166,1,0078,1,1,202411181661007812,1,2,2,1,2,,2,80,1,29,5,1944,2,2,2,2,2,2,2,2,2,2,2,2,2,2,2,2,2,,,,,,,,,,,,,,,,,,,,,,,,,,,,,,,,,,2,5,2,2,6,,,1,1,1,4,2,,2,,2,,2,,2,,2,,2,,2,,2,,2,,2,,6,5,,2,2,2,2,2,2,10,9,4,,,,,,,,,,,,,1,340.9617901051199
2025,02,18166,1,0078,1,1,202411181661007813,1,3,3,1,2,,1,58,3,29,1,1967,1,,,,,,,,,,,,,,,3,,9112,8412,3,2,,,5,9998,0,8,8,8,8,8,0,40,,40,1,,2,,2,2,4,1500,,,,,,,,,,,,,,,1,1,1,1,2,,2,,2,,2,,2,,2,,2,,2,,1,1,2,,2,,6,5,,2,2,2,2,2,2,10,7,1,1500,,,,,,,,83,1500,1500,1583,1,373.77444817185585
2025,02,1817602,1,0061,1,1,20231118176021006111,1,1,1,1,2,,2,57,1,7,9,1967,2,2,2,2,2,2,2,2,2,2,2,2,2,2,2,1,2,,,,,,,,,,,,,,,,,,,,,,,,,,,,,,,,,,2,5,2,2,6,,,1,5,2,,2,,2,,2,,1,5,2,,2,,2,,2,,2,,2,,2,,5,1,,2,2,2,2,2,2,10,6,4,,,,,,,,,,,,,1,801.3735550458628
2025,02,1817602,1,0062,1,1,20231118176021006211,1,1,1,1,2,,1,54,1,25,8,1970,1,,,,,,,,,,,,,,,1,,8183,8292,3,5,1,,5,700,0,11,11,11,11,11,11,66,,66,1,,2,,2,2,3,1000,,,,,,,,,,,,,,,1,1,1,1,2,,2,,2,,2,,2,,2,,2,,1,1,2,,2,,2,,6,5,,2,2,2,2,2,2,10,7,1,2000,,,,,,,,501,2000,2000,2501,1,878.4942096427827
2025,02,1817602,1,0062,1,1,20231118176021006212,1,2,2,1,2,,2,49,2,15,5,1975,2,2,2,2,2,2,2,2,2,2,2,2,2,2,2,2,2,,,,,,,,,,,,,,,,,,,,,,,,,,,,,,,,,,2,5,2,2,6,,,1,1,1,4,2,,2,,2,,2,,2,,2,,2,,2,,2,,2,,2,,6,5,,2,2,2,2,2,2,1,1,4,,,,,,,,,,,,,1,801.3735550458628
2025,02,1817602,1,0062,1,1,20231118176021006213,1,3,3,1,2,,2,24,3,10,12,2000,1,,,,,,,,,,,,,,,3,,3411,8530,3,5,1,,5,9000,0,6,6,6,6,6,0,30,,30,1,,2,,2,2,4,1130,,,,,,,,,,,,,,,1,1,1,1,2,,2,,2,,2,,2,,2,,2,,1,1,2,,2,,2,,11,6,,2,2,2,2,2,2,10,1,1,1130,,,,,,,,17,1130,1130,1147,1,924.4436952039337
2025,02,1817602,1,0062,1,1,20231118176021006214,1,4,3,1,2,,1,15,4,24,12,2009,2,2,2,2,2,2,2,2,2,2,2,2,2,2,2,4,2,,,,,,,,,,,,,,,,,,,,,,,,,,,,,,,,,,2,5,2,2,6,,,2,1,1,4,2,,2,,2,,2,,2,,2,,2,,2,,2,,2,,2,,5,3,,2,2,2,2,2,2,10,7,4,,,,,,,,,,,,,1,851.8308192361146
2025,02,1817602,1,0063,1,1,20240218176021006311,1,1,1,1,2,,1,38,1,23,6,1986,1,,,,,,,,,,,,,,,1,,4416,8610,3,5,1,,3,100,0,8,8,8,8,8,8,48,,48,1,,2,,2,2,4,2000,,,,,,,,,,,,,,,1,1,1,1,2,,2,,2,,2,,2,,2,,2,,1,1,2,,2,,2,,10,3,,2,2,2,2,2,2,10,7,1,2000,,,,,,,,501,2000,2000,2501,1,1070.6601565614787
2025,02,1817602,1,0064,1,1,20231118176021006411,1,1,1,1,2,,1,62,2,29,12,1962,2,2,2,2,2,2,2,2,2,2,2,2,2,2,2,1,2,,,,,,,,,,,,,,,,,,,,,,,,,,,,,,,,,,2,6,2,2,3,,,1,5,2,,2,,2,,2,,1,5,2,,2,,2,,1,5,2,,2,,2,,9,3,,2,2,2,2,2,2,10,7,4,,,,,,,,,,,,,1,878.4942096427827
2025,02,1817602,1,0064,1,1,20231118176021006412,1,2,3,1,2,,1,22,2,7,7,2002,1,,,,,,,,,,,,,,,2,,4222,8220,3,5,1,,2,50,0,8,8,8,8,8,8,48,,48,1,,2,,2,2,3,490,,,,,,,,,,,,,,,1,1,1,1,2,,2,,2,,2,,2,,2,,2,,1,1,2,,2,,2,,6,5,,2,2,2,2,2,2,10,7,1,980,,,,,,,,,980,980,980,1,851.8308192361146
2025,02,1827302,1,0019,1,1,20241118273021001911,1,1,1,1,2,,2,45,1,10,8,1979,1,,,,,,,,,,,,,,,1,,5212,4721,2,,2,2,1,2,7,10,10,10,10,10,8,65,,65,1,,2,,2,2,,,,,,,,,,,,,,,,,1,5,2,,2,,2,,2,,1,5,2,,2,,2,,2,,2,,2,,2,,6,5,,2,2,2,2,2,2,1,1,1,,,1869,346,,,,,,2215,2215,2215,1,378.5818300386209
2025,02,1827302,1,0019,1,1,20241118273021001912,1,2,2,1,2,,1,44,2,28,10,1980,1,,,,,,,,,,,,,,,2,,7212,8411,3,2,,,5,9998,0,8,8,8,8,8,6,46,,46,1,,2,,2,2,4,2500,,,,,,,,,,,,,,,1,1,1,1,2,,2,,2,,2,,2,,2,,2,,1,1,2,,2,,2,,6,5,,2,2,2,2,2,2,10,7,1,2500,,,,,,,,58,2500,2500,2558,1,505.79717644573856
2025,02,1827302,1,0019,1,1,20241118273021001915,1,3,3,1,2,,2,23,3,7,11,2001,1,,,,,,,,,,,,,,,3,,5243,4791,2,,3,2,1,1,0,0,0,6,6,6,6,24,,24,1,,1,2,2,2,,,,,,,,,,,,,,,,,1,5,2,,2,,2,,2,,1,5,2,,2,,2,,2,,2,,2,,2,,6,5,,2,2,2,2,2,2,10,7,1,,,874,50,,,,,,924,924,924,1,436.72215497295895
2025,02,1827302,1,0019,1,1,20241118273021001913,1,4,3,1,2,,2,19,4,25,1,2006,1,,,,,,,,,,,,,,,4,,9535,4782,3,5,3,2,1,2,9,0,0,0,9,9,9,36,15,51,1,,1,1,1,1,2,120,,,,,,,,,,,,,,,1,5,2,,2,,2,,2,,1,5,2,,2,,2,,2,,2,,2,,2,,6,5,,2,2,2,2,2,2,10,7,1,520,,,,,,,,,520,520,520,1,436.72215497295895
2025,02,1827302,1,0019,1,1,20241118273021001914,1,5,3,1,2,,1,5,,,,,,,,,,,,,,,,,,,,,,,,,,,,,,,,,,,,,,,,,,,,,,,,,,,,,,,,,,,,,,,,,,,,,,,,,,,,,,,,,,,,,,,,,,,,,,,,,,,,,,,,,,,,,,,,1,
2025,02,1827302,1,0020,1,1,20241118273021002011,1,1,1,1,2,,1,60,1,25,3,1964,1,,,,,,,,,,,,,,,1,,5329,8610,3,2,,,5,9998,12,0,12,0,12,0,12,48,,48,1,,2,,2,2,4,2500,60,,,,,,,,,,,,,,1,1,1,1,2,,2,,2,,2,,2,,2,,2,,1,1,2,,2,,2,,10,1,,2,2,2,2,2,2,10,7,1,2500,260,,,,,,,58,2760,2760,2818,1,415.0148747369918
2025,02,1827302,1,0020,1,1,20241118273021002012,1,2,2,1,2,,2,48,2,10,5,1976,1,,,,,,,,,,,,,,,2,,3221,8610,3,2,,,5,9998,0,12,0,12,0,12,0,36,,36,1,,2,,2,2,4,2000,75,,,,,,,,,,,,,,1,1,1,1,2,,2,,2,,2,,2,,2,,2,,1,1,2,,2,,2,,9,3,,2,2,2,2,2,2,10,7,1,2000,325,,,,,,,50,2325,2325,2375,1,378.5818300386209
2025,02,1827302,1,0020,1,1,20241118273021002013,1,3,3,1,2,,1,24,3,19,8,2000,1,,,,,,,,,,,,,,,3,,4321,8610,3,2,,,5,9998,0,8,8,8,8,8,0,40,,40,1,,2,,2,2,4,2000,,,,,,,,,,,,,,,1,5,2,,2,,2,,2,,1,5,2,,2,,2,,2,,2,,2,,2,,9,3,,2,2,2,2,2,2,10,7,1,2000,,,,,,,,,2000,2000,2000,1,402.4186578146441
2025,02,1827302,1,0020,1,1,20241118273021002014,1,4,3,1,2,,2,20,4,19,10,2004,2,2,2,2,2,2,2,2,2,2,2,2,2,2,2,4,2,,,,,,,,,,,,,,,,,,,,,,,,,,,,,,,,,,1,5,1,1,13,2,3,1,5,2,,2,,2,,2,,1,5,2,,2,,2,,1,5,2,,2,,2,,9,3,,2,2,2,2,2,2,10,7,2,,,,,,,,,,,,,1,436.72215497295895
2025,02,1827302,1,0022,1,1,20241118273021002211,1,1,1,1,2,,1,84,1,16,8,1940,2,2,2,2,2,2,2,2,2,2,2,2,2,2,2,1,2,,,,,,,,,,,,,,,,,,,,,,,,,,,,,,,,,,2,7,2,2,7,,,1,5,2,,2,,2,,2,,1,5,2,,2,,2,,2,,2,,2,,2,,4,5,,2,2,2,2,2,2,10,7,4,,,,,,,,,,,,,1,415.0148747369918
2025,02,1827302,1,0022,1,1,20250218273021002212,1,2,2,1,2,,2,68,2,10,10,1956,1,,,,,,,,,,,,,,,2,,9111,9700,6,,,,1,1,0,0,0,0,9,0,0,9,,9,1,,1,1,1,2,2,40,15,,,,,,,,,,,,,,1,1,1,4,2,,2,,2,,2,,2,,2,,2,,2,,2,,2,,2,,6,5,,2,2,2,2,2,2,1,7,1,173,65,,,,,,,,238,238,238,1,378.5818300386209
2025,02,1827302,1,0022,1,1,20250218273021002213,1,3,3,1,2,,1,27,3,1,4,1997,1,,,,,,,,,,,,,,,3,,7111,4100,3,5,3,2,1,5,0,8,8,8,8,8,6,46,,46,1,,2,,2,2,2,650,,,,,,,,,,,,,,,1,5,2,,2,,2,,2,,1,5,2,,2,,2,,2,,2,,2,,2,,10,1,,2,2,2,2,2,2,10,7,1,2815,,,,,,,,,2815,2815,2815,1,505.79717644573856
2025,02,18294,1,0005,1,1,202402182941000511,1,1,1,1,2,,1,46,1,22,2,1978,1,,,,,,,,,,,,,,,1,,4321,5229,3,5,1,,2,30,0,8,8,8,8,8,4,44,,44,1,,1,1,1,2,4,2250,,,,,,,,,,,,,,,1,1,1,1,2,,2,,2,,2,,2,,2,,2,,1,1,2,,2,,2,,8,1,,2,2,2,2,2,2,10,5,1,2250,,,,,,,,208,2250,2250,2458,1,361.4558631717394
2025,02,18294,1,0005,1,1,202402182941000512,1,2,2,1,2,,2,38,2,20,7,1986,1,,,,,,,,,,,,,,,2,,5329,8620,3,5,2,1,1,2,0,8,8,8,8,8,8,48,,48,1,,2,,2,2,3,600,,,,,,,,,,,,,,,1,5,2,,2,,2,,2,,1,5,2,,2,,2,,1,5,2,,2,,2,,9,3,,2,2,2,2,2,2,10,7,1,1200,,,,,,,,,1200,1200,1200,1,422.9187250107784
