ANIO,MES,CONGLOMERADO,MUESTRA,SELVIV,HOGAR,REGION,LLAVE_PANEL,ESTRATO,C201,C203,C204,C205,C206,C207,C208,C300n,NROINF,C301_DIA,C301_MES,C301_ANIO,C303,C304,C305,C306_1,C306_2,C306_3,C306_4,C306_5,C306_6,C306_7,C306_8,C306_9,C306_10,C306_10A,C306_11,C306A,C308_COD,C309_COD,C310,C311,C312,C313,C317,C317A,C318_1,C318_2,C318_3,C318_4,C318_5,C318_6,C318_7,C318_T,C328_T,whoraT,C330,C331,C333,C334,P209H,C335,C338,C339_1,C341_T,C342,C344,C345_1,C347_T,C348,C350,C352,C353,C354,C355,C356,C357_I,C358,C359,SEGURO1,C361_1,C362_1,C361_2,C362_2,C361_3,C362_3,C361_4,C362_4,C361_5,C362_5,C361_6,C362_6,C361_7,C362_7,C361_8,C362_8,C364_1,C365_1,C364_2,C365_2,C364_3,C365_3,C364_4,C365_4,C366,C366_1,C366_2,C375_1,C375_2,C375_3,C375_4,C375_5,C375_6,C376,C377,OCUP300,I339_1,D341_T,I342,D344,I345_1,I348,D347_T,D350,D351_T,INGTOT,INGTOTP,ingtrabw,RESIDENT,fa_son25
2025,09,18111,1,0043,1,1,202509181111004311,1,1,1,1,2,,2,46,1,1,10,12,1978,2,2,2,2,2,2,2,2,2,2,2,2,2,2,2,2,,,,,,,,,,,,,,,,,,,,,,,,,,,,,,,,,,2,5,1,2,6,,,1,1,1,4,2,,2,,2,,2,,2,,2,,2,,1,5,2,,2,,2,,11,5,,2,2,2,2,2,2,10,7,4,,,,,,,,,,,,,1,595.9742682238758
2025,09,18111,1,0043,1,1,202509181111004312,1,2,2,1,2,,1,46,2,2,7,2,1979,1,,,,,,,,,,,,,,,,4110,2100,3,5,1,,5,1000,0,10,10,10,10,8,0,48,,48,1,,2,,2,2,4,4000,,,,,,,,,,,,,,,1,1,1,1,2,,2,,2,,2,,2,,2,,2,,1,1,2,,2,,2,,12,2,,2,2,2,2,2,2,10,7,1,4000,,,,,,,,999,4000,4000,4999,1,665.9761312293763
2025,09,18111,1,0043,1,1,202509181111004313,1,3,3,1,2,,2,13,,,,,,,,,,,,,,,,,,,,,,,,,,,,,,,,,,,,,,,,,,,,,,,,,,,,,,,,,,,,,,,,,,,,,,,,,,,,,,,,,,,,,,,,,,,,,,,,,,,,,,,,,,,,,,,,1,
2025,09,18111,1,0043,1,1,202509181111004314,1,4,3,1,2,,1,8,,,,,,,,,,,,,,,,,,,,,,,,,,,,,,,,,,,,,,,,,,,,,,,,,,,,,,,,,,,,,,,,,,,,,,,,,,,,,,,,,,,,,,,,,,,,,,,,,,,,,,,,,,,,,,,,1,
2025,09,18111,1,0044,1,1,202509181111004411,1,1,1,1,2,,1,49,1,1,28,1,1976,1,,,,,,,,,,,,,,,,2311,8530,3,5,1,,5,600,0,3,4,4,3,4,3,21,36,57,1,,1,1,1,2,4,3400,,,,2500,,,,,,,,,,,1,1,1,1,2,,2,,2,,2,,2,,2,,2,,1,1,2,,2,,2,,12,2,,2,2,2,2,2,2,10,7,1,3400,,,,2500,,,,849,5900,3400,6749,1,665.9761312293763
2025,09,18111,1,0045,1,1,202509181111004511,1,1,1,1,2,,2,61,1,1,2,11,1963,1,,,,,,,,,,,,,,,,2611,8413,3,2,,,5,9882,0,8,8,8,8,8,0,40,,40,1,,2,,2,2,4,13000,,,,,,,,,,,,,,,1,3,1,1,1,2,2,,2,,2,,2,,2,,2,,1,1,2,,2,,2,,11,6,,2,2,2,2,2,2,10,7,1,13000,,,,,,,,50,13000,13000,13050,1,595.9742682238758
2025,09,18111,1,0045,1,1,202509181111004512,1,2,2,1,2,,1,59,2,2,15,10,1965,2,2,2,2,2,2,2,2,2,2,2,2,2,2,2,2,,,,,,,,,,,,,,,,,,,,,,,,,,,,,,,,,,2,5,2,2,7,,,1,1,1,4,2,,2,,2,,2,,2,,2,,2,,2,,1,5,2,,2,,8,2,,2,2,2,2,2,2,10,7,4,,,,,,,,,,,,,1,665.9761312293763
2025,09,18111,1,0045,1,1,202509181111004513,1,3,3,1,2,,2,28,3,3,31,10,1996,1,,,,,,,,,,,,,,,,2611,8412,3,2,,,5,9882,0,9,9,9,9,9,0,45,,45,1,,2,,2,2,4,3000,,,,,,,,,,,,,,,1,5,2,,2,,2,,2,,1,5,2,,2,,2,,2,,2,,2,,2,,11,6,,2,2,2,2,2,2,10,7,1,3000,,,,,,,,,3000,3000,3000,1,699.998868577934
2025,09,18111,1,0045,1,1,202509181111004514,1,4,3,1,2,,2,26,4,4,23,6,1999,1,,,,,,,,,,,,,,,,3521,5813,3,5,1,,2,30,9,9,0,9,9,9,9,54,,54,1,,2,,2,2,4,2600,,,,,,,,,,,,,,,2,6,2,,2,,2,,2,,2,,2,,2,,2,,2,,2,,2,,2,,9,3,,2,2,2,2,2,2,10,7,1,2600,,,,,,,,,2600,2600,2600,1,699.998868577934
2025,09,18111,1,0045,1,1,202509181111004515,1,5,6,1,2,,1,89,5,1,3,1,1936,2,2,2,2,2,2,2,2,2,2,2,2,2,2,2,2,,,,,,,,,,,,,,,,,,,,,,,,,,,,,,,,,,2,6,2,2,3,,,1,1,1,3,2,,2,,2,,2,,2,,2,,2,,2,,1,3,2,,2,,5,2,,2,2,2,2,1,2,10,7,4,,,,,,,,,,,,,1,665.9761312293763
2025,09,18111,1,0045,1,1,202509181111004516,1,6,6,1,2,,2,85,6,1,2,3,1940,2,2,2,2,2,2,2,2,2,2,2,2,2,2,2,2,,,,,,,,,,,,,,,,,,,,,,,,,,,,,,,,,,2,8,2,2,3,,,1,1,1,4,2,,2,,2,,2,,2,,2,,2,,2,,2,,2,,2,,4,5,,2,2,2,2,2,2,10,7,4,,,,,,,,,,,,,1,595.9742682238758
2025,09,18136,2,0067,1,1,202509181362006711,1,1,1,1,2,,1,22,1,1,20,7,2003,1,,,,,,,,,,,,,,,,9621,5510,3,5,1,,4,400,8,8,8,8,8,0,8,48,,48,1,,2,,2,2,4,1400,90,,,,,,,,,,,,,,2,1,1,1,2,,2,,2,,2,,2,,2,,2,,1,1,2,,2,,2,,6,5,,2,2,2,2,2,2,10,7,1,1400,390,,,,,,,,1790,1790,1790,1,318.4183361482162
2025,09,18136,2,0067,1,1,202509181362006712,1,2,2,1,2,,2,21,2,2,21,7,2004,2,2,2,2,2,2,2,2,2,2,2,2,2,2,2,2,,,,,,,,,,,,,,,,,,,,,,,,,,,,,,,,,,1,5,1,1,13,2,4,1,6,2,,2,,2,,2,,2,,2,,2,,2,,2,,2,,2,,2,,6,5,,2,2,2,2,2,2,10,6,2,,,,,,,,,,,,,1,342.9566609916812
2025,09,18136,2,0068,1,1,202509181362006811,1,1,1,1,2,,1,46,1,1,8,3,1979,1,,,,,,,,,,,,,,,,5414,8010,3,4,1,,4,200,0,11,11,11,11,11,6,61,,61,1,,2,,2,2,4,1700,,,,,,,,,,,,,,,1,1,1,1,2,,2,,2,,2,,2,,2,,2,,1,1,2,,2,,2,,6,5,,2,2,2,2,2,2,10,7,1,1700,,,,,,,,426,1700,1700,2126,1,342.7650745587444
2025,09,18136,2,0068,1,1,202509181362006812,1,2,2,1,2,,2,41,2,2,3,11,1983,1,,,,,,,,,,,,,,,,2359,8549,2,,3,2,1,1,0,5,5,5,5,5,0,25,9,34,1,,1,2,2,2,,,,,,,,400,,,,,,,,,1,1,1,4,2,,2,,2,,2,,2,,2,,2,,2,,2,,2,,2,,6,5,,2,2,2,2,2,2,10,7,1,,,580,,,400,,,,980,580,980,1,360.27592150523105
2025,09,18136,2,0068,1,1,202509181362006813,1,3,3,1,2,,1,12,,,,,,,,,,,,,,,,,,,,,,,,,,,,,,,,,,,,,,,,,,,,,,,,,,,,,,,,,,,,,,,,,,,,,,,,,,,,,,,,,,,,,,,,,,,,,,,,,,,,,,,,,,,,,,,,1,
2025,09,18136,2,0068,1,1,202509181362006814,1,4,3,1,2,,2,6,,,,,,,,,,,,,,,,,,,,,,,,,,,,,,,,,,,,,,,,,,,,,,,,,,,,,,,,,,,,,,,,,,,,,,,,,,,,,,,,,,,,,,,,,,,,,,,,,,,,,,,,,,,,,,,,1,
2025,09,18304,1,0009,1,1,202509183041000911,1,1,1,1,2,,1,65,1,1,10,6,1960,1,,,,,,,,,,,,,,,,4417,5229,3,5,1,,1,15,0,8,8,8,8,8,10,50,,50,1,,2,,2,2,4,1800,,,,,,,,,,,,,,,1,1,1,1,2,,2,,2,,2,,2,,2,,2,,1,1,2,,2,,2,,6,5,,2,2,2,2,2,2,10,5,1,1800,,,,,,,,450,1800,1800,2250,1,366.4689238404432
2025,09,18304,1,0009,1,1,202509183041000912,1,2,6,1,2,,1,92,2,1,5,11,1932,2,2,2,2,2,2,2,2,2,2,2,2,2,2,2,2,,,,,,,,,,,,,,,,,,,,,,,,,,,,,,,,,,2,6,2,2,3,,,1,1,1,3,2,,2,,2,,2,,2,,2,,2,,2,,1,3,2,,2,,6,5,,2,2,2,2,1,1,10,7,4,,,,,,,,,,,,,1,366.4689238404432
2025,09,18304,1,0009,1,1,202509183041000913,1,3,6,1,2,,2,86,3,1,3,3,1939,2,2,2,2,2,2,2,2,2,2,2,2,2,2,2,2,,,,,,,,,,,,,,,,,,,,,,,,,,,,,,,,,,2,8,2,2,3,,,1,1,1,4,2,,2,,2,,2,,2,,2,,2,,2,,2,,2,,2,,6,5,,2,2,2,2,2,2,10,7,4,,,,,,,,,,,,,1,327.94876343304827
2025,09,18304,1,0010,1,1,202509183041001011,1,1,1,1,2,,1,52,1,1,30,6,1973,1,,,,,,,,,,,,,,,,8322,4921,2,,3,2,1,1,12,13,13,12,12,12,12,86,,86,1,,2,,2,2,,,,,,,,,,,,,,,,,1,5,2,,2,,2,,2,,1,5,2,,2,,2,,1,5,2,,2,,2,,6,5,,2,2,2,2,2,2,10,1,1,,,1200,,,,,,,1200,1200,1200,1,366.4689238404432
2025,09,18304,1,0010,1,1,202509183041001012,1,2,2,1,2,,2,51,2,2,30,11,1973,1,,,,,,,,,,,,,,,,2222,8690,2,,2,2,1,1,0,0,1,0,1,1,0,3,18,21,1,,2,,2,2,,,,,,300,8,,,,,,,,,,1,5,2,,2,,2,,2,,1,5,2,,2,,2,,2,,1,5,2,,2,,11,6,,2,2,2,2,2,2,10,7,1,,,1249,,300,,240,,,1789,1249,1789,1,327.94876343304827
2025,09,18304,1,0010,1,1,202509183041001013,1,3,3,1,2,,1,12,,,,,,,,,,,,,,,,,,,,,,,,,,,,,,,,,,,,,,,,,,,,,,,,,,,,,,,,,,,,,,,,,,,,,,,,,,,,,,,,,,,,,,,,,,,,,,,,,,,,,,,,,,,,,,,,1,
2025,09,18304,1,0011,1,1,202509183041001111,1,1,1,1,2,,2,40,1,1,24,4,1985,2,2,2,2,2,2,2,2,2,2,2,2,2,2,2,2,,,,,,,,,,,,,,,,,,,,,,,,,,,,,,,,,,2,5,1,1,6,,,1,5,2,,2,,2,,2,,1,5,2,,2,,2,,1,5,2,,2,,2,,10,1,,2,2,2,2,2,2,10,7,4,,,,,,,,,,,,,1,385.1907298595506
2025,09,18304,1,0012,1,1,202509183041001211,1,1,1,1,2,,2,76,1,1,25,5,1949,1,,,,,,,,,,,,,,,,5212,4722,2,,2,2,1,1,9,9,9,9,9,9,0,54,,54,1,,2,,2,2,,,,,,,,,,,,,,,,,1,1,1,5,2,,2,,2,,2,,2,,2,,2,,2,,2,,2,,2,,5,3,,2,2,2,2,2,2,10,7,1,,,928,,,,,,,928,928,928,1,327.94876343304827
2025,09,18304,1,0012,1,1,202509183041001212,1,2,3,1,2,,2,42,2,2,17,11,1982,1,,,,,,,,,,,,,,,,4417,8610,3,2,,,5,9998,0,8,8,8,8,8,0,40,,40,1,,2,,2,2,4,1125,,,,,,,,,,,,,,,1,1,1,1,2,,2,,2,,2,,2,,2,,2,,1,1,2,,2,,2,,10,1,,2,2,2,2,2,2,10,7,1,1125,,,,,,,,50,1125,1125,1175,1,385.1907298595506
2025,09,18304,1,0012,1,1,202509183041001213,1,3,4,1,2,,1,39,3,3,20,5,1986,1,,,,,,,,,,,,,,,,4321,4652,3,5,1,,2,50,0,8,8,8,8,8,6,46,,46,1,,2,,2,2,4,1200,,,,,,,,,,,,,,,1,1,1,1,2,,2,,2,,2,,2,,2,,2,,2,,1,1,2,,2,,6,5,,2,2,2,2,2,2,10,5,1,1200,,,,,,,,324,1200,1200,1524,1,397.2406654015879
2025,09,18304,1,0012,1,1,202509183041001214,1,4,5,1,2,,2,12,,,,,,,,,,,,,,,,,,,,,,,,,,,,,,,,,,,,,,,,,,,,,,,,,,,,,,,,,,,,,,,,,,,,,,,,,,,,,,,,,,,,,,,,,,,,,,,,,,,,,,,,,,,,,,,,1,
2025,09,18304,1,0012,1,1,202509183041001215,1,5,5,1,2,,2,5,,,,,,,,,,,,,,,,,,,,,,,,,,,,,,,,,,,,,,,,,,,,,,,,,,,,,,,,,,,,,,,,,,,,,,,,,,,,,,,,,,,,,,,,,,,,,,,,,,,,,,,,,,,,,,,,1,
2025,09,18466,2,0040,1,1,202509184662004011,1,1,1,1,2,,2,63,1,1,14,1,1962,2,2,2,2,2,2,2,2,2,2,2,2,2,2,2,2,,,,,,,,,,,,,,,,,,,,,,,,,,,,,,,,,,1,5,1,1,13,5,3,1,5,2,,2,,2,,2,,1,5,2,,2,,2,,2,,1,5,2,,2,,11,5,,2,2,2,2,2,2,10,7,2,,,,,,,,,,,,,1,394.4021908066568
2025,09,18466,2,0040,1,1,202509184662004012,1,2,7,1,2,,1,51,2,2,17,1,1974,2,2,2,2,2,2,2,2,2,2,2,2,2,2,2,2,,,,,,,,,,,,,,,,,,,,,,,,,,,,,,,,,,2,5,1,2,7,,,1,5,2,,2,,2,,2,,1,5,2,,2,,2,,2,,1,2,2,,2,,11,5,,2,2,2,2,2,1,10,7,4,,,,,,,,,,,,,1,440.7278286772261
2025,09,18466,2,0041,1,1,202509184662004111,1,1,1,1,2,,1,88,1,1,29,6,1937,2,2,2,2,2,2,2,2,2,2,2,2,2,2,2,2,,,,,,,,,,,,,,,,,,,,,,,,,,,,,,,,,,2,6,2,2,3,,,1,1,1,3,2,,2,,2,,2,,2,,2,,2,,2,,1,3,2,,2,,6,5,,2,2,2,2,2,2,10,7,4,,,,,,,,,,,,,1,440.7278286772261
2025,09,18466,2,0041,1,1,202509184662004112,1,2,2,1,2,,2,78,2,2,19,1,1947,2,2,2,2,2,2,2,2,2,2,2,2,2,2,2,2,,,,,,,,,,,,,,,,,,,,,,,,,,,,,,,,,,2,5,2,2,3,,,1,1,1,4,2,,2,,2,,2,,2,,2,,2,,2,,2,,2,,2,,4,5,,2,2,2,2,2,2,1,7,4,,,,,,,,,,,,,1,394.4021908066568
2025,09,18466,2,0041,1,1,202509184662004113,1,3,3,1,2,,2,43,3,3,21,4,1982,1,,,,,,,,,,,,,,,,5212,4771,2,,2,2,1,1,0,4,4,4,4,4,4,24,,24,1,,1,2,2,2,,,,,,,,,,,,,,,,,1,1,1,2,2,,2,,2,,2,,2,,2,,2,,1,2,2,,2,,2,,9,3,,2,2,2,2,2,2,10,7,1,,,532,,,,,,,532,532,532,1,463.24330101045433
2025,09,18466,2,0041,1,1,202509184662004114,1,4,8,1,2,,2,16,4,4,7,1,2009,2,2,2,2,2,2,2,2,2,2,2,2,2,2,2,2,,,,,,,,,,,,,,,,,,,,,,,,,,,,,,,,,,2,4,2,2,5,,,2,1,1,2,2,,2,,2,,2,,2,,2,,2,,2,,2,,2,,2,,5,4,,2,2,2,2,2,2,10,7,4,,,,,,,,,,,,,1,440.974170789826
2025,09,18466,2,0042,1,1,202509184662004211,1,1,1,1,2,,1,53,1,1,27,5,1972,1,,,,,,,,,,,,,,,,9622,4100,3,5,1,,2,30,12,12,12,12,12,0,12,72,,72,1,,2,,2,2,4,1200,,,,,,,,,,,,,,,1,6,2,,2,,2,,2,,2,,2,,2,,2,,2,,2,,2,,2,,5,1,,2,2,2,2,2,2,10,7,1,1200,,,,,,,,,1200,1200,1200,1,440.7278286772261
2025,09,18466,2,0042,1,1,202509184662004212,1,2,2,1,2,,2,51,2,2,28,11,1973,1,,,,,,,,,,,,,,,,5212,4771,2,,2,2,1,1,0,0,4,4,4,4,4,20,3,23,1,,2,,2,2,,,,,,,,200,,,,,,,,,1,1,1,4,2,,2,,2,,2,,2,,2,,2,,1,5,2,,2,,2,,9,3,,2,2,2,2,2,2,10,7,1,,,532,,,200,,,,732,532,732,1,394.4021908066568
2025,09,18466,2,0042,1,1,202509184662004213,1,3,3,1,2,,2,26,3,3,14,4,1999,2,2,2,2,2,2,2,2,2,2,2,2,1,2,2,,5223,4773,4,,3,2,1,2,0,1,0,0,1,1,0,3,,,1,,2,,,,,,,,,,,,,2,5,1,1,2,,,1,5,2,,2,,2,,2,,1,5,2,,2,,2,,1,5,2,,2,,2,,10,2,,2,2,2,2,2,2,10,7,3,,,,,,,,,,,,,1,463.24330101045433
2025,09,18466,2,0042,1,1,202509184662004214,1,4,3,1,2,,2,14,4,4,27,3,2011,2,2,2,2,2,2,2,2,2,2,2,2,2,2,2,2,,,,,,,,,,,,,,,,,,,,,,,,,,,,,,,,,,2,4,2,2,5,,,2,1,1,4,2,,2,,2,,2,,2,,2,,2,,2,,2,,2,,2,,5,2,,2,2,2,2,2,2,10,7,4,,,,,,,,,,,,,1,440.974170789826
2025,09,18466,2,0042,1,1,202509184662004215,1,5,3,1,2,,2,29,5,4,19,12,1995,1,,,,,,,,,,,,,,,,2359,8549,3,5,1,,3,80,0,3,2,4,2,3,2,16,,16,1,,1,1,1,2,4,1800,,,,,,,,,,,,,,,1,1,1,1,2,,2,,2,,2,,2,,2,,2,,1,1,2,,2,,2,,11,5,,2,2,2,2,2,2,10,7,1,1800,,,,,,,,300,1800,1800,2100,1,463.24330101045433
2025,09,18466,2,0042,1,1,202509184662004216,1,6,4,1,2,,1,30,6,6,17,8,1995,1,,,,,,,,,,,,,,,,7113,4330,3,5,1,,2,50,0,9,9,9,9,9,6,51,,51,1,,2,,2,2,2,450,,,,,,,,,,,,,,,1,5,2,,2,,2,,2,,1,5,2,,2,,2,,2,,2,,2,,2,,9,3,,2,2,2,2,2,2,10,7,1,1949,,,,,,,,,1949,1949,1949,1,477.734957960485
2025,09,18466,2,0042,1,1,202509184662004217,1,7,5,1,2,,1,3,,,,,,,,,,,,,,,,,,,,,,,,,,,,,,,,,,,,,,,,,,,,,,,,,,,,,,,,,,,,,,,,,,,,,,,,,,,,,,,,,,,,,,,,,,,,,,,,,,,,,,,,,,,,,,,,1,
2025,09,17607,1,0110,1,1,202509176071011011,1,1,1,1,2,,1,39,1,1,22,7,1986,1,,,,,,,,,,,,,,,,5212,4711,3,5,3,2,1,3,6,12,12,12,12,12,12,78,,78,1,,2,,2,2,2,260,,,,,,,,,,,,,,,1,5,2,,2,,2,,2,,1,5,2,,2,,2,,2,,2,,2,,2,,6,5,,2,2,2,2,2,2,1,1,1,1126,,,,,,,,,1126,1126,1126,1,427.6769777020627
2025,09,17607,1,0110,1,1,202509176071011012,1,2,2,1,2,,2,40,2,2,24,3,1985,2,2,2,2,2,2,2,2,2,2,2,2,2,2,2,2,,,,,,,,,,,,,,,,,,,,,,,,,,,,,,,,,,2,5,2,2,6,,,1,5,2,,2,,2,,2,,1,5,2,,2,,2,,2,,2,,2,,2,,6,5,,2,2,2,2,2,2,1,1,4,,,,,,,,,,,,,1,414.7037842126365
2025,09,17607,1,0110,1,1,202509176071011013,1,3,3,1,2,,1,16,3,3,20,2,2009,2,2,2,2,2,2,2,2,2,2,2,2,2,2,2,2,,,,,,,,,,,,,,,,,,,,,,,,,,,,,,,,,,2,4,1,2,5,,,1,5,2,,2,,2,,2,,1,5,2,,2,,2,,2,,2,,2,,2,,5,4,,2,2,2,2,2,2,10,7,4,,,,,,,,,,,,,1,366.5226596650016
2025,09,17607,1,0110,1,1,202509176071011014,1,4,3,1,2,,1,7,,,,,,,,,,,,,,,,,,,,,,,,,,,,,,,,,,,,,,,,,,,,,,,,,,,,,,,,,,,,,,,,,,,,,,,,,,,,,,,,,,,,,,,,,,,,,,,,,,,,,,,,,,,,,,,,1,
2025,09,17607,1,0110,1,1,202509176071011015,1,5,3,1,2,,2,3,,,,,,,,,,,,,,,,,,,,,,,,,,,,,,,,,,,,,,,,,,,,,,,,,,,,,,,,,,,,,,,,,,,,,,,,,,,,,,,,,,,,,,,,,,,,,,,,,,,,,,,,,,,,,,,,1,
2025,09,17607,1,0111,1,1,202509176071011111,1,1,1,1,2,,2,65,1,1,28,5,1960,2,2,2,2,2,2,2,2,2,2,2,2,2,2,2,2,,,,,,,,,,,,,,,,,,,,,,,,,,,,,,,,,,1,5,1,1,13,5,1,1,5,2,,2,,2,,2,,1,5,2,,2,,2,,2,,2,,2,,2,,6,5,,2,2,2,2,2,2,1,1,2,,,,,,,,,,,,,1,353.0759768624991
2025,09,17607,1,0112,1,1,202509176071011211,1,1,1,1,2,,1,44,1,1,3,3,1981,1,,,,,,,,,,,,,,,,4416,5629,3,5,1,,4,500,11,11,11,11,11,11,11,77,,77,1,,2,,2,2,4,2400,,,,,,,,,,,,,,,1,1,1,1,2,,2,,2,,2,,2,,2,,2,,1,1,2,,2,,2,,6,5,,2,2,2,2,2,2,10,7,1,2400,,,,,,,,595,2400,2400,2995,1,427.6769777020627
2025,09,17607,1,0112,1,1,202509176071011212,1,2,2,1,2,,2,37,2,2,9,2,1988,2,2,2,2,2,2,2,2,2,2,2,2,2,2,2,2,,,,,,,,,,,,,,,,,,,,,,,,,,,,,,,,,,2,6,1,2,6,,,1,5,2,,2,,2,,2,,1,5,2,,2,,2,,2,,1,5,2,,2,,8,2,,2,2,2,2,2,2,10,7,4,,,,,,,,,,,,,1,414.7037842126365
2025,09,17607,1,0112,1,1,202509176071011213,1,3,3,1,2,,1,9,,,,,,,,,,,,,,,,,,,,,,,,,,,,,,,,,,,,,,,,,,,,,,,,,,,,,,,,,,,,,,,,,,,,,,,,,,,,,,,,,,,,,,,,,,,,,,,,,,,,,,,,,,,,,,,,1,
2025,09,17607,1,0112,1,1,202509176071011214,1,4,3,1,2,,1,2,,,,,,,,,,,,,,,,,,,,,,,,,,,,,,,,,,,,,,,,,,,,,,,,,,,,,,,,,,,,,,,,,,,,,,,,,,,,,,,,,,,,,,,,,,,,,,,,,,,,,,,,,,,,,,,,1,
2025,09,17607,1,0113,1,1,202509176071011311,1,1,1,1,2,,1,51,1,1,4,1,1974,1,,,,,,,,,,,,,,,,5414,8010,3,4,1,,5,9998,12,12,12,12,12,0,12,72,,72,1,,2,,2,2,4,2100,,,,,,,,,,,,,,,1,1,1,1,2,,2,,2,,2,,2,,2,,2,,1,1,2,,2,,2,,6,5,,2,2,2,2,2,2,10,7,1,2100,,,,,,,,525,2100,2100,2625,1,394.54752602270116
2025,09,17607,1,0113,1,1,202509176071011312,1,2,2,1,2,,2,38,2,2,14,5,1987,2,2,2,2,2,2,2,2,2,2,2,2,2,2,2,2,,,,,,,,,,,,,,,,,,,,,,,,,,,,,,,,,,2,5,1,1,4,,,1,1,1,4,2,,2,,2,,2,,2,,2,,2,,2,,2,,2,,2,,4,,6,2,2,2,2,2,2,10,7,3,,,,,,,,,,,,,1,414.7037842126365
2025,09,17607,1,0113,1,1,202509176071011313,1,3,3,1,2,,1,12,,,,,,,,,,,,,,,,,,,,,,,,,,,,,,,,,,,,,,,,,,,,,,,,,,,,,,,,,,,,,,,,,,,,,,,,,,,,,,,,,,,,,,,,,,,,,,,,,,,,,,,,,,,,,,,,1,
2025,09,17607,1,0113,1,1,202509176071011314,1,4,3,1,2,,2,11,,,,,,,,,,,,,,,,,,,,,,,,,,,,,,,,,,,,,,,,,,,,,,,,,,,,,,,,,,,,,,,,,,,,,,,,,,,,,,,,,,,,,,,,,,,,,,,,,,,,,,,,,,,,,,,,1,
2025,09,24750,1,0052,1,1,202509247501005211,1,1,1,1,2,,1,60,1,1,10,5,1965,1,,,,,,,,,,,,,,,,8322,4922,2,,3,2,1,1,0,3,3,3,3,3,0,15,3,18,1,,2,,2,2,,,,,,,,200,,,,,,,,,1,1,1,4,2,,2,,2,,2,,2,,2,,2,,2,,2,,2,,2,,9,3,,2,2,2,2,2,2,10,6,1,,,2329,,,200,,,,2529,2329,2529,1,830.4787134008927
2025,09,24750,1,0052,1,1,202509247501005212,1,2,2,1,2,,2,62,2,2,7,4,1963,1,,,,,,,,,,,,,,,,3314,6810,2,,3,2,1,2,0,2,2,2,2,2,2,12,8,20,1,,2,,2,2,,,,,,,,500,,,,,,,,,1,1,1,3,2,,2,,2,,2,,2,,2,,2,,1,3,2,,2,,2,,9,3,,2,2,2,2,2,2,10,7,1,,,1900,,,500,,,,2400,1900,2400,1,743.1857093450903
2025,09,24750,1,0052,1,1,202509247501005213,1,3,3,1,2,,2,25,3,3,30,10,1999,1,,,,,,,,,,,,,,,,3112,4100,3,5,1,,4,120,0,6,6,6,6,6,0,30,,30,1,,2,,2,2,4,1100,,,,,,,,,,,,,,,1,1,1,1,2,,2,,2,,2,,2,,2,,2,,2,,1,1,2,,2,,10,4,,2,2,2,2,2,2,10,6,1,1100,,,,,,,,,1100,1100,1100,1,872.9053978039033
2025,09,24750,1,0053,1,1,202509247501005311,1,1,1,1,2,,2,50,1,1,28,1,1975,1,,,,,,,,,,,,,,,,3317,4661,3,5,1,,5,9998,0,8,8,8,8,5,0,37,,37,1,,1,2,2,2,4,5000,,,,,,,,,,,,,,,1,3,1,1,2,,1,1,2,,2,,2,,2,,2,,1,1,2,,2,,2,,11,5,,2,2,2,2,2,2,10,7,1,5000,,,,,,,,1668,5000,5000,6668,1,743.1857093450903
2025,09,24750,1,0053,1,1,202509247501005312,1,2,6,1,2,,1,84,2,2,24,11,1940,2,2,2,2,2,2,2,2,2,2,2,2,2,2,2,2,,,,,,,,,,,,,,,,,,,,,,,,,,,,,,,,,,2,7,2,2,3,,,1,1,1,3,2,,2,,2,,2,,2,,2,,2,,1,3,2,,2,,2,,6,5,,2,2,2,2,2,2,10,7,4,,,,,,,,,,,,,1,830.4787134008927
2025,09,24750,1,0053,1,1,202509247501005313,1,3,3,1,2,,2,20,3,3,2,6,2005,2,2,2,2,2,2,2,2,2,2,2,2,2,2,2,2,,,,,,,,,,,,,,,,,,,,,,,,,,,,,,,,,,2,4,2,2,5,,,2,3,1,4,2,,1,4,2,,2,,2,,2,,2,,2,,2,,2,,2,,10,2,,2,2,2,2,2,2,10,6,4,,,,,,,,,,,,,1,830.9429043764034
2025,09,24750,1,0053,1,1,202509247501005314,1,4,8,1,2,,1,24,4,4,7,1,2001,2,2,2,2,2,2,2,2,2,2,2,2,2,2,2,2,,,,,,,,,,,,,,,,,,,,,,,,,,,,,,,,,,2,4,2,2,5,,,2,5,2,,2,,2,,2,,1,5,2,,2,,2,,2,,2,,2,,2,,10,3,,2,2,2,2,2,2,10,7,4,,,,,,,,,,,,,1,771.4894829003441
2025,09,24750,1,0054,1,1,202509247501005411,1,1,1,1,2,,1,20,1,1,28,8,2005,1,,,,,,,,,,,,,,,,5213,4781,2,,3,2,1,1,8,8,8,8,8,8,5,53,,53,1,,2,,2,2,,,,,,,,,,,,,,,,,2,5,2,,2,,2,,2,,1,5,2,,2,,2,,2,,2,,2,,2,,6,5,,2,2,2,2,2,2,10,7,1,,,1101,,,,,,,1101,1101,1101,1,771.4894829003441
2025,09,25059,1,0072,1,1,202509250591007211,1,1,1,1,2,,2,49,1,1,4,3,1976,2,2,2,2,2,2,2,2,2,2,2,2,2,2,2,2,,,,,,,,,,,,,,,,,,,,,,,,,,,,,,,,,,2,5,1,1,6,,,1,5,2,,2,,2,,2,,1,5,2,,2,,2,,2,,2,,2,,2,,6,5,,2,2,2,2,2,2,10,7,4,,,,,,,,,,,,,1,704.2626771294341
2025,09,25059,1,0072,1,1,202509250591007212,1,2,3,1,2,,2,16,2,1,11,3,2009,2,2,2,2,2,2,2,2,2,2,2,2,2,2,2,2,,,,,,,,,,,,,,,,,,,,,,,,,,,,,,,,,,2,4,2,2,5,,,1,5,2,,2,,2,,2,,1,5,2,,2,,2,,2,,2,,2,,2,,5,4,,2,2,2,2,2,2,10,7,4,,,,,,,,,,,,,1,787.423744858502
2025,09,25059,1,0072,1,1,202509250591007213,1,3,3,1,2,,1,9,,,,,,,,,,,,,,,,,,,,,,,,,,,,,,,,,,,,,,,,,,,,,,,,,,,,,,,,,,,,,,,,,,,,,,,,,,,,,,,,,,,,,,,,,,,,,,,,,,,,,,,,,,,,,,,,1,
2025,09,2367101,1,0015,1,1,20250923671011001511,1,1,1,1,2,,2,35,1,1,21,4,1990,2,2,2,2,2,2,2,2,2,2,2,2,2,2,2,2,,,,,,,,,,,,,,,,,,,,,,,,,,,,,,,,,,2,5,1,2,6,,,1,5,2,,2,,2,,2,,1,5,2,,2,,2,,1,5,2,,2,,2,,8,2,,2,2,2,2,2,2,10,7,4,,,,,,,,,,,,,1,734.9983643150489
2025,09,2367101,1,0015,1,1,20250923671011001512,1,4,11,1,1,,1,34,,,,,,,,,,,,,,,,,,,,,,,,,,,,,,,,,,,,,,,,,,,,,,,,,,,,,,,,,,,,,,,,,,,,,,,,,,,,,,,,,,,,,,,,,,,,,,,,,,,,,,,,,,,,,,,,0,
2025,09,2367101,1,0015,1,1,20250923671011001513,1,2,3,1,2,,1,11,,,,,,,,,,,,,,,,,,,,,,,,,,,,,,,,,,,,,,,,,,,,,,,,,,,,,,,,,,,,,,,,,,,,,,,,,,,,,,,,,,,,,,,,,,,,,,,,,,,,,,,,,,,,,,,,1,
2025,09,2367101,1,0015,1,1,20250923671011001514,1,3,3,1,2,,1,,,,,,,,,,,,,,,,,,,,,,,,,,,,,,,,,,,,,,,,,,,,,,,,,,,,,,,,,,,,,,,,,,,,,,,,,,,,,,,,,,,,,,,,,,,,,,,,,,,,,,,,,,,,,,,,,1,
2025,09,2367101,1,0016,1,1,20250923671011001611,1,1,1,1,2,,1,40,1,1,20,8,1985,1,,,,,,,,,,,,,,,,7212,2511,3,5,2,2,1,4,0,6,9,9,9,9,9,51,,51,1,,1,1,1,2,2,450,,,,,,,,,,,,,,,1,5,2,,2,,2,,2,,1,5,2,,2,,2,,1,5,2,,2,,2,,6,5,,2,2,2,2,2,2,10,7,1,1949,,,,,,,,50,1949,1949,1999,1,757.9913447451037
2025,09,2367101,1,0016,1,1,20250923671011001612,1,2,2,1,2,,2,30,2,2,18,6,1995,2,2,2,2,2,2,2,2,2,2,2,2,2,2,2,2,,,,,,,,,,,,,,,,,,,,,,,,,,,,,,,,,,2,5,1,2,6,,,1,5,2,,2,,2,,2,,1,5,2,,2,,2,,2,,2,,2,,2,,6,5,,2,2,2,2,2,2,10,7,4,,,,,,,,,,,,,1,734.9983643150489
2025,09,2367101,1,0016,1,1,20250923671011001613,1,3,3,1,2,,1,5,,,,,,,,,,,,,,,,,,,,,,,,,,,,,,,,,,,,,,,,,,,,,,,,,,,,,,,,,,,,,,,,,,,,,,,,,,,,,,,,,,,,,,,,,,,,,,,,,,,,,,,,,,,,,,,,1,
2025,09,2367101,1,0017,1,1,20250923671011001711,1,1,1,1,2,,1,24,1,1,31,10,2000,1,,,,,,,,,,,,,,,,3115,4520,3,5,2,2,1,2,0,11,11,11,11,11,8,63,,63,1,,1,2,2,2,2,750,90,,,,,,,,,,,,,,1,5,2,,2,,2,,2,,1,5,2,,2,,2,,2,,2,,2,,2,,9,3,,2,2,2,2,2,2,10,7,1,3248,390,,,,,,,126,3638,3638,3764,1,649.6047675322098
2025,09,2367101,1,0018,1,1,20250923671011001811,1,1,1,1,2,,1,44,1,1,13,7,1981,1,,,,,,,,,,,,,,,,2151,8411,3,2,,,5,9998,0,8,8,8,8,8,0,40,,40,1,,1,2,2,2,4,7500,,,,,,,,,,,,,,,1,3,1,1,2,,1,1,2,,2,,2,,2,,2,,1,1,2,,2,,2,,12,2,,2,2,2,2,2,2,10,7,1,7500,,,,,,,,2417,7500,7500,9917,1,757.9913447451037
2025,09,2367101,1,0018,1,1,20250923671011001812,1,2,2,1,2,,2,44,2,2,12,9,1980,1,,,,,,,,,,,,,,,,3314,5610,1,,2,2,1,6,6,12,12,12,12,12,12,78,,78,1,,1,2,2,2,,,,,,,,,,,,,,,,,1,2,2,,1,2,2,,2,,2,,2,,2,,2,,2,,2,,2,,2,,10,4,,2,2,2,2,2,2,10,7,1,,,7990,1559,,,,,,9549,9549,9549,1,734.9983643150489
2025,09,23846,1,0063,1,1,202509238461006311,1,1,1,1,2,,2,64,1,1,9,3,1961,1,,,,,,,,,,,,,,,,5212,4711,2,,3,2,1,2,14,14,14,14,14,14,14,98,,98,1,,2,,2,2,,,,,,,,,,,,,,,,,1,5,2,,2,,2,,2,,1,5,2,,2,,2,,2,,2,,2,,2,,5,3,,2,2,2,2,2,2,10,7,1,,,850,300,,,,,,1150,1150,1150,1,1088.5235705153373
2025,09,23846,1,0063,1,1,202509238461006312,1,2,2,1,2,,1,65,2,2,5,5,1960,1,,,,,,,,,,,,,,,,5212,4711,4,,3,2,1,2,14,14,14,14,14,14,14,98,,98,1,,2,,2,,,,,,,,,,,,,,,,,,1,5,2,,2,,2,,2,,1,5,2,,2,,2,,2,,2,,2,,2,,3,2,,2,2,2,2,2,2,1,5,1,,,,,,,,,,0,0,,1,1216.3792212107276
2025,09,23846,1,0064,1,1,202509238461006411,1,1,1,1,2,,1,54,1,1,10,11,1970,1,,,,,,,,,,,,,,,,3129,4210,3,5,1,,5,2000,14,14,14,14,14,0,0,70,,70,1,,2,,2,2,4,5000,1979,,,,,,,,,,,,,,1,1,1,1,2,,2,,2,,2,,2,,2,,2,,2,,1,1,2,,2,,9,3,,2,2,2,2,2,2,10,7,1,5000,1979,,,,,,,1334,6979,6979,8313,1,1216.3792212107276
2025,09,23846,1,0065,1,1,202509238461006511,1,1,1,1,2,,2,29,1,1,1,6,1996,1,,,,,,,,,,,,,,,,5243,4791,4,,1,,1,3,11,11,11,11,11,11,11,77,,77,1,,2,,2,,,,,,,,,,,,,,,,,,1,5,2,,2,,2,,2,,1,5,2,,2,,2,,2,,2,,2,,2,,9,3,,2,2,2,2,2,2,10,7,1,,,,,,,,,,0,0,,1,1278.5204133929474
2025,09,23846,1,0065,1,1,202509238461006512,1,2,2,1,2,,1,27,2,2,7,10,1997,1,,,,,,,,,,,,,,,,5243,4791,1,,1,,1,3,4,8,8,8,8,8,8,52,,52,1,,2,,2,2,,,,1500,100,,,,,,,,,,,,1,5,2,,2,,2,,2,,1,5,2,,2,,2,,2,,2,,2,,2,,6,5,,2,2,2,2,2,2,10,8,1,,,1500,100,,,,,,1600,1600,1600,1,1318.5164137540703
2025,09,23846,1,0065,1,1,202509238461006513,1,3,3,1,2,,1,6,,,,,,,,,,,,,,,,,,,,,,,,,,,,,,,,,,,,,,,,,,,,,,,,,,,,,,,,,,,,,,,,,,,,,,,,,,,,,,,,,,,,,,,,,,,,,,,,,,,,,,,,,,,,,,,,1,
2025,09,23846,1,0065,1,1,202509238461006514,1,4,3,1,2,,1,1,,,,,,,,,,,,,,,,,,,,,,,,,,,,,,,,,,,,,,,,,,,,,,,,,,,,,,,,,,,,,,,,,,,,,,,,,,,,,,,,,,,,,,,,,,,,,,,,,,,,,,,,,,,,,,,,1,
2025,09,23846,1,0065,1,1,202509238461006515,1,6,7,1,2,,1,22,6,6,16,1,2003,1,,,,,,,,,,,,,,,,5243,4791,2,,1,,1,1,0,5,5,5,5,5,5,30,,30,1,,1,1,1,2,,,,1500,150,,,,,,,,,,,,1,5,2,,2,,2,,2,,1,5,2,,2,,2,,2,,2,,2,,2,,9,3,,2,2,2,2,2,2,10,9,1,,,1500,150,,,,,,1650,1650,1650,1,1129.97932546597
2025,09,23846,1,0065,1,1,202509238461006516,1,5,7,1,2,,1,27,5,5,3,9,1997,1,,,,,,,,,,,,,,,,9629,4791,3,5,1,,1,3,0,8,8,8,8,8,8,48,,48,1,,2,,2,2,4,1130,,,,,,,,,,,,,,,1,5,2,,2,,2,,2,,1,5,2,,2,,2,,1,5,2,,2,,2,,6,5,,2,2,2,2,2,2,10,9,1,1130,,,,,,,,,1130,1130,1130,1,1318.5164137540703
2025,09,23846,1,0065,1,1,202509238461006517,1,7,7,1,2,,2,12,,,,,,,,,,,,,,,,,,,,,,,,,,,,,,,,,,,,,,,,,,,,,,,,,,,,,,,,,,,,,,,,,,,,,,,,,,,,,,,,,,,,,,,,,,,,,,,,,,,,,,,,,,,,,,,,1,
2025,09,4706902,1,0038,1,1,20250947069021003811,1,1,1,1,2,,1,53,1,1,3,7,1972,1,,,,,,,,,,,,,,,,3125,5229,3,5,1,,3,60,0,0,7,7,7,7,0,28,,28,1,,2,,2,2,4,3000,160,,,,,,,,,,,,,,1,3,1,1,2,,1,1,2,,2,,2,,2,,2,,2,,1,1,2,,2,,11,5,,2,2,2,2,2,2,10,7,1,3000,160,,,,,,,157,3160,3160,3317,1,682.8400570554079
2025,09,4706902,1,0038,1,1,20250947069021003812,1,2,2,1,2,,2,53,2,2,99,99,1972,2,2,2,2,2,2,2,2,2,2,2,2,2,2,2,2,,,,,,,,,,,,,,,,,,,,,,,,,,,,,,,,,,2,5,2,2,6,,,2,1,1,4,2,,2,,2,,2,,2,,2,,2,,2,,2,,2,,2,,6,5,,2,2,2,2,2,2,10,7,4,,,,,,,,,,,,,1,611.0655986518868
2025,09,4706902,1,0043,1,1,20250947069021004311,1,1,1,1,2,,1,49,1,1,18,8,1976,2,2,2,2,2,2,2,2,2,2,2,2,2,2,2,2,,,,,,,,,,,,,,,,,,,,,,,,,,,,,,,,,,2,5,1,1,13,5,1,1,6,2,,2,,2,,2,,2,,2,,2,,2,,1,5,2,,2,,2,,6,5,,2,2,2,2,2,2,10,7,2,,,,,,,,,,,,,1,682.8400570554079
2025,09,4706902,1,0043,1,1,20250947069021004312,1,2,2,1,2,,2,45,2,2,17,6,1980,1,,,,,,,,,,,,,,,,3221,8690,2,,3,2,1,1,12,12,12,12,12,12,0,72,,72,1,,1,2,2,2,,,,,,,,,,,,,,,,,1,5,2,,2,,2,,2,,1,5,2,,2,,2,,2,,2,,2,,2,,9,3,,2,2,2,2,2,2,10,5,1,,,2000,,,,,,,2000,2000,2000,1,611.0655986518868
2025,09,4706902,1,0043,1,1,20250947069021004313,1,3,3,1,2,,1,26,3,2,23,1,1999,1,,,,,,,,,,,,,,,,5141,9602,3,5,3,2,1,3,9,9,9,9,9,9,9,63,,63,1,,2,,2,1,4,2000,,,,,,,,,,,,,,,1,5,2,,2,,2,,2,,1,5,2,,2,,2,,2,,2,,2,,2,,5,3,,2,2,2,2,2,2,10,5,1,2000,,,,,,,,,2000,2000,2000,1,740.1769180997424
2025,09,4706902,1,0043,1,1,20250947069021004314,1,4,3,1,2,,2,18,4,4,17,9,2006,1,,,,,,,,,,,,,,,,5142,9602,3,5,3,2,1,2,9,9,9,0,9,9,9,54,,54,1,,2,,2,2,2,300,,,,,,,,,,,,,,,1,5,2,,2,,2,,2,,1,5,2,,2,,2,,2,,2,,2,,2,,6,5,,2,2,2,2,2,2,10,6,1,1299,,,,,,,,,1299,1299,1299,1,683.2217263108477
2025,09,4706902,1,0044,1,1,20250947069021004411,1,1,1,1,2,,2,45,1,1,13,7,1980,1,,,,,,,,,,,,,,,,5243,4791,2,,2,1,1,1,6,6,6,6,6,6,6,42,,42,1,,2,,2,2,,,,,,,,,,,,,,,,,1,1,1,4,2,,2,,2,,2,,2,,2,,2,,1,5,2,,2,,2,,10,4,,2,2,2,2,2,2,10,7,1,,,5000,,,,,,,5000,5000,5000,1,611.0655986518868
2025,09,4706902,1,0044,1,1,20250947069021004412,1,2,2,1,2,,1,45,2,2,6,2,1980,1,,,,,,,,,,,,,,,,2141,1073,3,5,1,,5,998,0,8,8,8,8,8,8,48,10,58,1,,2,,2,2,4,2600,90,,,600,,,,,,,,,,,1,1,1,1,2,,2,,2,,2,,2,,2,,2,,1,1,2,,2,,2,,11,5,,2,2,2,2,2,2,10,7,1,2600,390,,,600,,,,1060,3590,2990,4650,1,682.8400570554079
2025,09,4706902,1,0044,1,1,20250947069021004413,1,3,3,1,2,,1,15,3,3,15,4,2010,2,2,2,2,2,2,2,2,2,2,2,2,2,2,2,2,,,,,,,,,,,,,,,,,,,,,,,,,,,,,,,,,,2,4,2,2,5,,,2,1,1,4,2,,2,,2,,2,,2,,2,,2,,2,,2,,2,,2,,5,2,,2,2,2,2,2,2,10,7,4,,,,,,,,,,,,,1,634.3376585343213
2025,09,4706902,1,0044,1,1,20250947069021004414,1,4,3,1,2,,2,2,,,,,,,,,,,,,,,,,,,,,,,,,,,,,,,,,,,,,,,,,,,,,,,,,,,,,,,,,,,,,,,,,,,,,,,,,,,,,,,,,,,,,,,,,,,,,,,,,,,,,,,,,,,,,,,,1,
2025,09,4706902,1,0092,1,1,20250947069021009211,1,1,1,1,2,,1,34,1,1,99,99,1991,1,,,,,,,,,,,,,,,,5211,4630,2,,2,1,1,1,0,8,8,8,8,8,8,48,,48,1,,2,,2,2,,,,,,,,,,,,,,,,,1,6,2,,2,,2,,2,,2,,2,,2,,2,,2,,2,,2,,2,,6,5,,2,2,2,2,2,2,10,5,1,,,2700,,,,,,,2700,2700,2700,1,740.1769180997424
2025,09,4706902,1,0092,1,1,20250947069021009212,1,2,8,1,2,,1,30,2,2,99,99,1995,1,,,,,,,,,,,,,,,,5211,4630,2,,2,1,1,1,0,8,8,8,8,8,8,48,,48,1,,2,,2,2,,,,,,,,,,,,,,,,,1,6,2,,2,,2,,2,,2,,2,,2,,2,,2,,2,,2,,2,,9,3,,2,2,2,2,2,2,10,6,1,,,3000,,,,,,,3000,3000,3000,1,740.1769180997424
2025,09,47131,1,0108,1,1,202509471311010811,1,1,1,1,2,,1,67,1,1,26,10,1957,2,2,2,2,2,2,2,2,2,2,2,2,2,2,2,2,,,,,,,,,,,,,,,,,,,,,,,,,,,,,,,,,,2,6,2,2,7,,,1,1,1,3,2,,2,,2,,2,,2,,2,,2,,2,,1,3,2,,2,,5,1,,2,2,2,2,2,2,10,7,4,,,,,,,,,,,,,1,908.9373974405542
2025,09,47131,1,0108,1,1,202509471311010812,1,2,2,1,2,,2,67,2,2,22,11,1957,2,2,2,2,2,2,2,2,2,2,2,2,2,2,2,2,,,,,,,,,,,,,,,,,,,,,,,,,,,,,,,,,,2,5,2,2,6,,,1,1,1,4,2,,2,,2,,2,,2,,2,,2,,2,,2,,2,,2,,6,5,,2,2,2,2,2,2,10,1,4,,,,,,,,,,,,,1,813.3974701180009
2025,09,47131,1,0108,1,1,202509471311010813,1,3,3,1,2,,2,41,3,2,1,9,1983,1,,,,,,,,,,,,,,,,9512,4781,2,,3,2,1,1,8,0,8,8,8,8,8,48,,48,1,,2,,2,2,,,,,,,,,,,,,,,,,1,5,2,,2,,2,,2,,1,5,2,,2,,2,,2,,2,,2,,2,,6,5,,2,2,2,2,2,2,10,7,1,,,1279,,,,,,,1279,1279,1279,1,955.3723023707287
2025,09,47131,1,0108,1,1,202509471311010814,1,4,5,1,2,,2,25,4,2,5,9,1999,1,,,,,,,,,,,,,,,,4120,2511,3,5,2,2,1,5,0,8,8,8,8,8,5,45,,45,1,,2,,2,2,4,1130,,,,,,,,,,,,,,,1,5,2,,2,,2,,2,,1,5,2,,2,,2,,2,,2,,2,,2,,8,1,,2,2,2,2,2,2,10,7,1,1130,,,,,,,,,1130,1130,1130,1,955.3723023707287
2025,09,47131,1,0108,1,1,202509471311010815,1,5,5,1,2,,1,17,5,5,17,6,2008,2,2,2,2,2,2,2,2,2,2,2,2,2,2,2,2,,,,,,,,,,,,,,,,,,,,,,,,,,,,,,,,,,2,4,2,2,5,,,1,5,2,,2,,2,,2,,1,5,2,,2,,2,,2,,2,,2,,2,,5,4,,2,2,2,2,2,2,10,7,4,,,,,,,,,,,,,1,844.3752156735819
2025,09,47131,1,0108,1,1,202509471311010816,1,6,5,1,2,,1,3,,,,,,,,,,,,,,,,,,,,,,,,,,,,,,,,,,,,,,,,,,,,,,,,,,,,,,,,,,,,,,,,,,,,,,,,,,,,,,,,,,,,,,,,,,,,,,,,,,,,,,,,,,,,,,,,1,
2025,09,47131,1,0111,1,1,202509471311011111,1,1,1,1,2,,1,32,1,1,26,9,1992,2,1,,,,,,,,,,,,,,,3118,2220,3,5,1,,5,501,0,0,0,0,0,0,0,0,,48,2,48,1,1,1,2,4,3500,,,,,,,,,,,,,,,1,1,1,1,2,,2,,2,,2,,2,,2,,2,,1,1,2,,2,,2,,9,3,,2,2,2,2,2,2,10,7,1,3500,,,,,,,,876,3500,3500,4376,1,985.2592486801911
2025,09,47131,1,0111,1,1,202509471311011112,1,2,2,1,2,,2,32,2,2,12,5,1993,2,2,2,2,2,2,2,2,2,2,2,2,2,2,2,2,,,,,,,,,,,,,,,,,,,,,,,,,,,,,,,,,,2,5,2,2,6,,,1,1,1,4,2,,2,,2,,2,,2,,2,,2,,1,5,2,,2,,2,,11,5,,2,2,2,2,2,2,10,7,4,,,,,,,,,,,,,1,955.3723023707287
2025,09,47131,1,0111,1,1,202509471311011113,1,3,3,1,2,,1,7,,,,,,,,,,,,,,,,,,,,,,,,,,,,,,,,,,,,,,,,,,,,,,,,,,,,,,,,,,,,,,,,,,,,,,,,,,,,,,,,,,,,,,,,,,,,,,,,,,,,,,,,,,,,,,,,1,
2025,09,47131,1,0249,1,1,202509471311024911,1,1,1,1,2,,2,58,1,1,4,12,1966,2,2,2,2,2,2,2,2,2,2,2,2,2,2,2,2,,,,,,,,,,,,,,,,,,,,,,,,,,,,,,,,,,2,5,2,2,7,,,1,5,2,,2,,2,,2,,1,5,2,,2,,2,,2,,2,,2,,2,,3,4,,2,2,2,2,2,2,1,1,4,,,,,,,,,,,,,1,813.3974701180009
2025,09,47131,1,0249,1,1,202509471311024912,1,2,3,1,2,,2,20,2,2,23,7,2005,2,2,2,2,2,2,2,2,2,2,2,2,2,2,2,2,,,,,,,,,,,,,,,,,,,,,,,,,,,,,,,,,,2,5,2,2,6,,,1,5,2,,2,,2,,2,,1,5,2,,2,,2,,2,,2,,2,,2,,6,5,,2,2,2,2,2,2,10,7,4,,,,,,,,,,,,,1,909.4454424155641
2025,09,20780,1,0112,1,1,202509207801011211,1,1,1,1,2,,1,50,1,1,1,10,1974,1,,,,,,,,,,,,,,,,7231,4520,3,5,1,,1,4,0,8,9,8,8,8,5,46,,46,1,,1,1,1,2,4,1200,,,,,,,,,,,,,,,1,1,1,1,2,,2,,2,,2,,2,,2,,2,,2,,1,1,2,,2,,9,3,,2,2,2,2,2,2,10,7,1,1200,,,,,,,,300,1200,1200,1500,1,1061.3156663230357
2025,09,20780,1,0112,1,1,202509207801011212,1,2,2,1,2,,2,42,2,2,6,10,1982,1,,,,,,,,,,,,,,,,7515,1079,1,,3,2,1,3,0,10,10,10,10,10,10,60,,60,1,,2,,2,2,,,,,,,,,,,,,,,,,1,1,1,4,2,,2,,2,,2,,2,,2,,2,,2,,2,,2,,2,,4,,6,2,2,2,2,2,2,10,7,1,,,3037,100,,,,,,3137,3137,3137,1,1115.5351232464573
2025,09,20780,1,0112,1,1,202509207801011213,1,3,3,1,2,,1,20,3,3,30,9,2004,1,,,,,,,,,,,,,,,,4321,2599,3,5,1,,1,14,0,6,6,6,6,6,6,36,,36,1,,1,2,2,2,2,300,84,,,,,,,,,,,,,,2,5,2,,2,,2,,2,,1,5,2,,2,,2,,2,,2,,2,,2,,10,3,,2,2,2,2,2,2,10,7,1,1299,364,,,,,,,,1663,1663,1663,1,985.9299960290984
2025,09,20780,1,0112,1,1,202509207801011214,1,4,3,1,2,,2,14,4,4,4,7,2011,2,2,2,2,2,2,2,2,2,2,2,2,2,2,2,2,,,,,,,,,,,,,,,,,,,,,,,,,,,,,,,,,,2,4,1,1,5,,,1,1,1,4,2,,2,,2,,2,,2,,2,,2,,2,,2,,2,,2,,5,1,,2,2,2,2,2,2,10,7,4,,,,,,,,,,,,,1,1061.9088821954304
2025,09,20780,1,0112,1,1,202509207801011215,1,5,3,1,2,,1,10,,,,,,,,,,,,,,,,,,,,,,,,,,,,,,,,,,,,,,,,,,,,,,,,,,,,,,,,,,,,,,,,,,,,,,,,,,,,,,,,,,,,,,,,,,,,,,,,,,,,,,,,,,,,,,,,1,
2025,09,20780,1,0112,1,1,202509207801011216,1,7,8,1,2,,1,23,7,7,12,12,2001,1,,,,,,,,,,,,,,,,9412,5610,3,5,1,,1,12,10,0,0,0,0,10,10,30,,30,1,,1,1,1,1,2,210,45,,,,,,,,,,,,,,1,6,2,,2,,2,,2,,2,,2,,2,,2,,2,,2,,2,,2,,6,5,,2,2,2,2,2,2,10,7,1,909,195,,,,,,,,1104,1104,1104,1,985.9299960290984
2025,09,20780,1,0112,1,1,202509207801011217,1,6,6,1,2,,2,70,6,2,26,11,1954,2,2,2,2,2,2,2,2,2,2,2,2,2,2,2,2,,,,,,,,,,,,,,,,,,,,,,,,,,,,,,,,,,2,7,2,2,7,,,2,5,2,,2,,2,,2,,1,5,2,,2,,2,,2,,2,,2,,2,,1,,,2,2,2,2,2,2,10,9,4,,,,,,,,,,,,,1,949.7590047616198
2025,09,20780,1,0115,1,1,202509207801011511,1,1,1,1,2,,1,71,1,1,27,3,1954,2,2,2,2,2,2,2,2,2,2,2,2,2,2,2,2,,,,,,,,,,,,,,,,,,,,,,,,,,,,,,,,,,2,6,1,2,7,,,1,4,2,,2,,2,,1,3,2,,2,,2,,2,,2,,2,,2,,1,3,9,3,,2,2,2,2,2,2,10,7,4,,,,,,,,,,,,,1,1061.3156663230357
2025,09,20780,1,0115,1,1,202509207801011512,1,2,2,1,2,,2,71,2,2,14,5,1954,2,2,2,2,2,2,2,2,2,2,2,2,2,2,2,2,,,,,,,,,,,,,,,,,,,,,,,,,,,,,,,,,,2,5,2,2,6,,,1,4,2,,2,,2,,1,4,2,,2,,2,,2,,2,,1,5,2,,2,,6,5,,2,2,2,2,2,2,10,7,4,,,,,,,,,,,,,1,949.7590047616198
2025,09,20780,1,0115,1,1,202509207801011513,1,3,3,1,2,,2,42,3,3,7,9,1982,1,,,,,,,,,,,,,,,,4312,6419,3,5,1,,5,9998,0,8,8,8,8,8,8,48,,48,1,,2,,2,2,4,3500,,,,,,,,,,,,,,,1,3,1,1,2,,1,1,2,,2,,2,,2,,2,,1,1,2,,2,,2,,11,5,,2,2,2,2,2,2,10,7,1,3500,,,,,,,,876,3500,3500,4376,1,1115.5351232464573
2025,09,20780,1,0115,1,1,202509207801011514,1,4,4,1,2,,1,46,4,4,30,11,1978,1,,,,,,,,,,,,,,,,2631,7020,2,,2,2,1,1,0,18,18,18,18,18,0,90,,90,1,,2,,2,2,,,,,,,,,,,,,,,,,1,5,2,,2,,2,,2,,1,5,2,,2,,2,,1,5,2,,2,,2,,11,5,,2,2,2,2,2,2,10,7,1,,,2800,,,,,,,2800,2800,2800,1,1061.3156663230357
2025,09,20780,1,0115,1,1,202509207801011515,1,5,3,1,2,,1,9,,,,,,,,,,,,,,,,,,,,,,,,,,,,,,,,,,,,,,,,,,,,,,,,,,,,,,,,,,,,,,,,,,,,,,,,,,,,,,,,,,,,,,,,,,,,,,,,,,,,,,,,,,,,,,,,1,
2025,09,20780,1,0116,1,1,202509207801011611,1,1,1,1,2,,2,51,1,1,28,10,1973,2,2,2,2,2,2,2,2,2,2,2,2,2,2,2,2,,,,,,,,,,,,,,,,,,,,,,,,,,,,,,,,,,1,5,1,1,13,5,3,1,5,2,,2,,2,,2,,1,5,2,,2,,2,,1,5,2,,2,,2,,8,2,,2,2,2,2,2,2,10,7,2,,,,,,,,,,,,,1,949.7590047616198
2025,09,20780,1,0116,1,1,202509207801011612,1,2,2,1,2,,1,58,2,2,12,8,1967,1,,,,,,,,,,,,,,,,3314,1071,1,,3,2,1,5,3,3,3,3,3,3,3,21,,21,1,,2,,2,2,,,,,,,,,,,,,,,,,1,5,2,,2,,2,,2,,1,5,2,,2,,2,,2,,2,,2,,2,,6,5,,2,2,2,2,2,2,10,7,1,,,5310,217,,,,,,5527,5527,5527,1,1061.3156663230357
2025,09,20780,1,0116,1,1,202509207801011613,1,3,6,1,2,,2,90,3,1,17,6,1935,2,2,2,2,2,2,2,2,2,2,2,2,2,2,2,2,,,,,,,,,,,,,,,,,,,,,,,,,,,,,,,,,,2,6,2,2,7,,,1,1,1,4,2,,2,,2,,2,,2,,2,,2,,2,,2,,2,,2,,1,,,1,2,2,2,2,2,1,1,4,,,,,,,,,,,,,1,949.7590047616198
2025,09,20780,1,0116,1,1,202509207801011614,1,4,7,1,2,,2,42,4,4,4,11,1982,2,2,2,2,2,2,2,2,2,2,2,2,2,2,2,2,,,,,,,,,,,,,,,,,,,,,,,,,,,,,,,,,,2,5,2,2,7,,,2,1,1,4,2,,2,,2,,2,,2,,2,,2,,2,,2,,2,,2,,2,1,,2,2,2,2,1,2,10,9,4,,,,,,,,,,,,,1,1115.5351232464573
2025,09,20780,1,0116,1,1,202509207801011615,1,5,8,1,2,,1,4,,,,,,,,,,,,,,,,,,,,,,,,,,,,,,,,,,,,,,,,,,,,,,,,,,,,,,,,,,,,,,,,,,,,,,,,,,,,,,,,,,,,,,,,,,,,,,,,,,,,,,,,,,,,,,,,1,
2025,09,29507,1,0107,1,1,202509295071010711,1,1,1,1,2,,1,46,1,1,1,6,1979,1,,,,,,,,,,,,,,,,7421,4659,3,5,1,,1,12,0,8,8,8,8,8,0,40,,40,1,,1,1,1,2,4,2500,,,,,,,,,,,,,,,1,1,1,1,2,,2,,2,,2,,2,,2,,2,,1,1,2,,2,,2,,10,2,,2,2,2,2,2,2,10,7,1,2500,,,,,,,,1251,2500,2500,3751,1,981.1839337296166
2025,09,29507,1,0107,1,1,202509295071010712,1,2,2,1,2,,2,43,2,2,13,5,1982,2,2,2,2,2,2,2,2,2,2,2,2,2,2,2,2,,,,,,,,,,,,,,,,,,,,,,,,,,,,,,,,,,2,5,1,2,6,,,1,1,1,4,2,,2,,2,,2,,2,,2,,2,,2,,2,,2,,2,,8,1,,2,2,2,2,2,2,10,7,4,,,,,,,,,,,,,1,1031.309699057398
2025,09,29507,1,0107,1,1,202509295071010713,1,3,3,1,2,,2,25,3,3,14,6,2000,1,,,,,,,,,,,,,,,,9629,8549,3,5,1,,2,50,0,6,6,6,6,6,6,36,,36,1,,1,1,1,2,4,1000,,,,,,,,,,,,,,,1,1,1,1,2,,2,,2,,2,,2,,2,,2,,1,1,2,,2,,2,,9,3,,2,2,2,2,2,2,10,9,1,1000,,,,,,,,,1000,1000,1000,1,1031.309699057398
2025,09,29507,1,0107,1,1,202509295071010714,1,4,3,1,2,,2,25,4,4,14,6,2000,1,,,,,,,,,,,,,,,,3321,6512,3,5,1,,3,90,0,8,8,8,8,8,0,40,,40,1,,2,,2,2,3,750,,,,,,,,,,,,,,,1,2,2,,1,2,2,,2,,2,,2,,2,,2,,2,,2,,2,,2,,10,1,,2,2,2,2,2,2,10,9,1,1500,,,,,,,,,1500,1500,1500,1,1031.309699057398
2025,09,29507,1,0107,1,1,202509295071010715,1,5,3,1,2,,2,16,5,5,31,3,2009,2,2,2,2,2,2,2,2,2,2,2,2,2,2,2,2,,,,,,,,,,,,,,,,,,,,,,,,,,,,,,,,,,2,4,1,2,5,,,2,1,1,4,2,,2,,2,,2,,2,,2,,2,,2,,2,,2,,2,,5,4,,2,2,2,2,2,2,10,9,4,,,,,,,,,,,,,1,981.7323604622997
2025,09,29507,1,0107,1,1,202509295071010716,1,6,3,1,2,,2,9,,,,,,,,,,,,,,,,,,,,,,,,,,,,,,,,,,,,,,,,,,,,,,,,,,,,,,,,,,,,,,,,,,,,,,,,,,,,,,,,,,,,,,,,,,,,,,,,,,,,,,,,,,,,,,,,1,
2025,09,29507,1,0108,1,1,202509295071010811,1,1,1,1,2,,1,79,1,1,8,3,1946,2,2,2,2,2,2,2,2,2,2,2,2,2,2,2,2,,,,,,,,,,,,,,,,,,,,,,,,,,,,,,,,,,2,6,2,2,6,,,1,1,1,3,2,,2,,2,,2,,2,,2,,2,,2,,1,3,2,,2,,9,3,,2,2,2,2,2,2,10,7,4,,,,,,,,,,,,,1,981.1839337296166
2025,09,29507,1,0108,1,1,202509295071010812,1,2,2,1,2,,2,72,2,2,8,6,1953,2,2,2,2,2,2,2,2,2,2,2,2,2,2,2,2,,,,,,,,,,,,,,,,,,,,,,,,,,,,,,,,,,2,5,2,2,3,,,1,1,1,4,2,,2,,2,,2,,2,,2,,2,,2,,2,,2,,2,,6,5,,2,2,2,2,2,2,10,7,4,,,,,,,,,,,,,1,878.0500523616038
2025,09,29507,1,0109,1,1,202509295071010911,1,1,1,1,2,,1,76,1,1,22,10,1948,2,2,2,2,2,2,2,2,2,2,2,2,2,2,2,2,,,,,,,,,,,,,,,,,,,,,,,,,,,,,,,,,,2,6,2,2,7,,,1,1,1,3,2,,2,,2,,2,,2,,2,,2,,1,3,2,,2,,2,,11,6,,1,2,2,2,2,2,10,7,4,,,,,,,,,,,,,1,981.1839337296166
2025,09,29507,1,0109,1,1,202509295071010912,1,2,2,1,2,,2,72,2,2,8,4,1953,2,2,2,2,2,2,2,2,2,2,2,2,2,2,2,2,,,,,,,,,,,,,,,,,,,,,,,,,,,,,,,,,,2,5,2,2,6,,,1,1,1,3,2,,2,,2,,2,,2,,2,,2,,1,3,2,,2,,2,,9,3,,2,2,2,2,2,2,10,7,4,,,,,,,,,,,,,1,878.0500523616038
2025,09,29507,1,0112,1,1,202509295071011211,1,1,1,1,2,,2,78,1,1,19,2,1947,2,2,2,2,2,2,2,2,2,2,2,2,2,2,2,2,,,,,,,,,,,,,,,,,,,,,,,,,,,,,,,,,,2,6,2,2,3,,,1,1,1,3,2,,2,,2,,2,,2,,2,,2,,2,,2,,1,3,2,,11,5,,2,2,2,2,2,2,10,7,4,,,,,,,,,,,,,1,878.0500523616038
2025,09,29507,1,0112,1,1,202509295071011212,1,2,7,1,2,,1,66,2,2,10,10,1958,2,2,2,2,2,2,2,2,2,2,2,2,2,2,2,2,,,,,,,,,,,,,,,,,,,,,,,,,,,,,,,,,,2,5,2,2,3,,,1,6,2,,2,,2,,2,,2,,2,,2,,2,,2,,2,,2,,2,,6,5,,2,2,2,2,2,2,10,7,4,,,,,,,,,,,,,1,981.1839337296166
2025,09,29507,1,0112,1,1,202509295071011213,1,3,7,1,2,,2,76,3,3,1,12,1948,1,,,,,,,,,,,,,,,,4417,6910,3,5,1,,1,10,0,8,8,8,8,8,0,40,,40,1,,2,,2,2,4,1500,,,,,,,,,,,,,,,1,1,1,1,2,,2,,2,,2,,2,,2,,2,,2,,1,1,2,,2,,9,3,,2,2,2,2,2,2,10,7,1,1500,,,,,,,,375,1500,1500,1875,1,878.0500523616038
2025,09,29507,1,0112,1,1,202509295071011214,1,4,7,1,2,,2,72,4,4,26,8,1953,1,,,,,,,,,,,,,,,,4417,9499,3,5,1,,1,20,0,8,0,0,0,0,0,8,,40,2,40,2,,2,2,4,1500,,,,,,,,,,,,,,,1,1,1,1,2,,2,,2,,2,,2,,2,,2,,1,1,2,,2,,2,,10,3,,2,2,2,2,2,2,10,7,1,1500,,,,,,,,501,1500,1500,2001,1,878.0500523616038
2025,09,26053,1,0001,1,1,202509260531000111,1,1,1,1,2,,2,59,1,1,22,1,1966,1,,,,,,,,,,,,,,,,9511,4781,2,,3,2,1,1,10,10,10,10,10,10,12,72,,72,1,,2,,2,2,,,,,,,,,,,,,,,,,1,5,2,,2,,2,,2,,1,5,2,,2,,2,,2,,2,,2,,2,,6,5,,2,2,2,2,2,2,10,9,1,,,3201,217,,,,,,3418,3418,3418,1,848.6302960674352
2025,09,26053,1,0001,1,1,202509260531000112,1,2,3,1,2,,1,27,2,3,5,9,1997,1,,,,,,,,,,,,,,,,3115,5223,3,5,1,,5,9998,10,10,0,10,10,10,10,60,,60,1,,2,,2,2,4,1500,150,,,,,,,,,,,,,,1,1,1,1,2,,2,,2,,2,,2,,2,,2,,1,1,2,,2,,2,,9,3,,2,2,2,2,2,2,10,9,1,1500,650,,,,,,,,2150,2150,2150,1,1027.9363762827438
2025,09,26053,1,0001,1,1,202509260531000113,1,3,3,1,2,,2,25,3,3,22,2,2000,1,,,,,,,,,,,,,,,,2634,8620,3,5,1,,1,6,0,0,0,6,0,6,6,18,2,20,1,,1,1,1,1,4,1200,,,,,,500,,,,,,,,,1,5,2,,2,,2,,2,,1,5,2,,2,,2,,2,,2,,2,,2,,11,5,,2,2,2,2,2,2,10,9,1,1200,,,,,500,,,,1700,1200,1700,1,996.7548579882855
2025,09,26053,1,0002,1,1,202509260531000211,1,1,1,1,2,,1,50,1,1,3,11,1974,1,,,,,,,,,,,,,,,,7352,1410,2,,3,2,1,1,0,4,4,4,4,4,4,24,,24,1,,1,1,1,1,,,,,,,,,,,,,,,,,1,5,2,,2,,2,,2,,1,5,2,,2,,2,,2,,2,,2,,2,,6,5,,2,2,2,2,2,2,10,7,1,,,799,,,,,,,799,799,799,1,948.3085957777078
2025,09,26053,1,0002,1,1,202509260531000212,1,2,2,1,2,,2,53,2,2,8,9,1971,2,2,2,2,2,2,2,2,2,2,2,2,2,2,2,2,,,,,,,,,,,,,,,,,,,,,,,,,,,,,,,,,,1,5,1,1,13,5,3,1,5,2,,2,,2,,2,,1,5,2,,2,,2,,2,,2,,2,,2,,6,5,,2,2,2,2,2,2,10,7,2,,,,,,,,,,,,,1,848.6302960674352
2025,09,26053,1,0002,1,1,202509260531000213,1,3,3,1,2,,1,19,3,3,28,4,2006,1,,,,,,,,,,,,,,,,9412,7830,3,4,1,,1,15,8,0,8,8,8,8,8,48,,48,1,,2,,2,2,4,1130,60,,,,,,,,,,,,,,2,1,1,1,2,,2,,2,,2,,2,,2,,2,,1,1,2,,2,,2,,10,2,,2,2,2,2,2,2,10,7,1,1130,260,,,,,,,188,1390,1390,1578,1,880.9498622673652
2025,09,26053,1,0002,1,1,202509260531000214,1,4,3,1,2,,1,37,4,4,29,9,1987,1,,,,,,,,,,,,,,,,8153,1410,3,5,3,2,1,3,0,9,9,9,9,9,5,50,,50,1,,2,,2,2,2,450,,,,,,,,,,,,,,,1,5,2,,2,,2,,2,,1,5,2,,2,,2,,2,,1,5,2,,2,,6,5,,2,2,2,2,2,2,10,7,1,1949,,,,,,,,,1949,1949,1949,1,1027.9363762827438
2025,09,26053,1,0002,1,1,202509260531000215,1,5,4,1,2,,2,39,5,4,3,7,1986,1,,,,,,,,,,,,,,,,5212,4771,3,5,3,2,1,2,0,8,8,8,8,8,8,48,,48,1,,2,,2,2,2,350,,,,,,,,,,,,,,,1,5,2,,2,,2,,2,,1,5,2,,2,,2,,2,,2,,2,,2,,6,5,,2,2,2,2,2,2,10,7,1,1516,,,,,,,,,1516,1516,1516,1,996.7548579882855
2025,09,26053,1,0002,1,1,202509260531000216,1,6,5,1,2,,2,11,,,,,,,,,,,,,,,,,,,,,,,,,,,,,,,,,,,,,,,,,,,,,,,,,,,,,,,,,,,,,,,,,,,,,,,,,,,,,,,,,,,,,,,,,,,,,,,,,,,,,,,,,,,,,,,,1,
2025,09,26053,1,0002,1,1,202509260531000217,1,7,5,1,2,,2,11,,,,,,,,,,,,,,,,,,,,,,,,,,,,,,,,,,,,,,,,,,,,,,,,,,,,,,,,,,,,,,,,,,,,,,,,,,,,,,,,,,,,,,,,,,,,,,,,,,,,,,,,,,,,,,,,1,
2025,09,26053,1,0004,1,1,202509260531000411,1,1,1,1,2,,1,73,1,1,31,8,1951,1,,,,,,,,,,,,,,,,5120,5610,2,,2,2,1,2,0,8,8,8,8,8,8,48,,48,1,,2,,2,2,,,,,,,,,,,,,,,,,1,5,2,,2,,2,,2,,1,5,2,,2,,2,,2,,1,5,2,,2,,9,3,,2,2,2,2,2,2,10,7,1,,,3235,260,,,,,,3495,3495,3495,1,948.3085957777078
2025,09,26053,1,0004,1,1,202509260531000412,1,2,2,1,2,,2,62,2,2,31,8,1962,2,2,2,2,2,2,2,2,2,2,2,2,2,2,1,,9412,5610,9,,2,2,1,2,0,8,8,8,8,8,8,48,,48,1,,2,,2,,,,,,,,,,,,,,,,,,1,5,2,,2,,2,,2,,1,5,2,,2,,2,,2,,2,,2,,2,,4,5,,2,2,2,2,2,2,10,7,1,,,,,,,,,,0,0,,1,848.6302960674352
2025,09,29826,1,0060,1,1,202509298261006011,1,1,1,1,2,,1,52,1,1,27,5,1973,1,,,,,,,,,,,,,,,,7212,2512,3,5,1,,3,100,0,8,8,8,8,8,6,46,,46,1,,2,,2,2,3,750,,,,,,,,,,,,,,,1,1,1,1,2,,2,,2,,2,,2,,2,,2,,1,1,2,,2,,2,,9,3,,2,2,2,2,2,2,10,8,1,1500,,,,,,,,375,1500,1500,1875,1,907.4509164094219
2025,09,29826,1,0060,1,1,202509298261006012,1,2,2,1,2,,2,45,2,2,27,1,1980,1,,,,,,,,,,,,,,,,9111,9700,6,,,,1,1,0,0,7,7,7,0,0,21,,21,1,,1,1,1,2,2,150,45,,,,,,,,,,,,,,1,5,2,,2,,2,,2,,1,5,2,,2,,2,,1,5,2,,2,,2,,8,1,,2,2,2,2,2,2,10,7,1,650,195,,,,,,,,845,845,845,1,812.0672355897419
2025,09,29826,1,0060,1,1,202509298261006013,1,3,3,1,2,,2,21,3,3,14,4,2004,2,2,2,2,2,2,2,2,2,2,2,2,2,2,2,2,,,,,,,,,,,,,,,,,,,,,,,,,,,,,,,,,,2,5,1,1,13,5,4,1,5,2,,2,,2,,2,,1,5,2,,2,,2,,2,,2,,2,,2,,10,2,,2,2,2,2,2,2,10,7,2,,,,,,,,,,,,,1,907.9581305249905
2025,09,29826,1,0060,1,1,202509298261006014,1,4,3,1,2,,2,17,4,4,7,5,2008,1,,,,,,,,,,,,,,,,9111,9700,6,,,,1,1,0,5,5,5,5,5,0,25,,25,1,,2,,2,2,2,100,5,,,,,,,,,,,,,,1,1,1,4,2,,2,,2,,2,,2,,2,,2,,2,,2,,2,,2,,6,5,,2,2,2,2,2,2,10,7,1,433,150,,,,,,,,583,583,583,1,907.9581305249905
2025,09,29826,1,0061,1,1,202509298261006111,1,1,1,1,2,,2,35,1,1,29,1,1990,2,2,2,2,2,2,2,2,2,2,2,2,2,2,2,2,,,,,,,,,,,,,,,,,,,,,,,,,,,,,,,,,,2,5,1,2,6,,,1,5,2,,2,,2,,2,,1,5,2,,2,,2,,2,,2,,2,,2,,5,3,,2,2,2,2,2,2,10,7,4,,,,,,,,,,,,,1,953.8098814502757
2025,09,29826,1,0061,1,1,202509298261006112,1,2,2,1,2,,1,30,2,2,10,1,1995,1,,,,,,,,,,,,,,,,7212,2511,3,5,1,,4,500,0,8,8,8,8,8,6,46,,46,1,,1,1,1,2,2,500,10,,,,,,,,,,,,,,1,6,2,,2,,2,,2,,2,,2,,2,,2,,2,,2,,2,,2,,6,5,,2,2,2,2,2,2,10,7,1,2165,300,,,,,,,,2465,2465,2465,1,983.6479504895406
2025,09,29826,1,0061,1,1,202509298261006113,1,3,3,1,2,,2,9,,,,,,,,,,,,,,,,,,,,,,,,,,,,,,,,,,,,,,,,,,,,,,,,,,,,,,,,,,,,,,,,,,,,,,,,,,,,,,,,,,,,,,,,,,,,,,,,,,,,,,,,,,,,,,,,1,
2025,09,29826,1,0061,1,1,202509298261006114,1,4,3,1,2,,1,,,,,,,,,,,,,,,,,,,,,,,,,,,,,,,,,,,,,,,,,,,,,,,,,,,,,,,,,,,,,,,,,,,,,,,,,,,,,,,,,,,,,,,,,,,,,,,,,,,,,,,,,,,,,,,,,1,
2025,09,29826,1,0062,1,1,202509298261006211,1,1,1,1,2,,2,34,1,1,19,1,1991,1,,,,,,,,,,,,,,,,7331,1709,3,5,1,,2,40,0,8,8,8,8,8,0,40,,40,1,,1,1,1,2,2,320,,,,,,,,,,,,,,,1,5,2,,2,,2,,2,,1,5,2,,2,,2,,1,5,2,,2,,2,,4,,6,2,2,2,2,2,2,10,7,1,1386,,,,,,,,,1386,1386,1386,1,953.8098814502757
2025,09,29826,1,0062,1,1,202509298261006212,1,2,2,1,2,,1,40,2,2,20,11,1984,1,,,,,,,,,,,,,,,,7212,2511,3,5,1,,4,500,0,8,8,8,8,8,6,46,,46,1,,1,1,1,2,4,1500,30,,,,,,,,,,,,,,1,6,2,,2,,2,,2,,2,,2,,2,,2,,2,,2,,2,,2,,6,5,,2,2,2,2,2,2,10,7,1,1500,900,,,,,,,,2400,2400,2400,1,983.6479504895406
2025,09,29826,1,0062,1,1,202509298261006213,1,3,3,1,2,,1,16,3,3,11,10,2008,2,2,2,2,2,2,2,2,2,2,2,2,2,2,2,2,,,,,,,,,,,,,,,,,,,,,,,,,,,,,,,,,,2,4,1,2,5,,,1,5,2,,2,,2,,2,,1,5,2,,2,,2,,2,,2,,2,,2,,5,3,,2,2,2,2,2,2,10,7,4,,,,,,,,,,,,,1,842.994319976264
2025,09,29826,1,0062,1,1,202509298261006214,1,4,3,1,2,,1,11,,,,,,,,,,,,,,,,,,,,,,,,,,,,,,,,,,,,,,,,,,,,,,,,,,,,,,,,,,,,,,,,,,,,,,,,,,,,,,,,,,,,,,,,,,,,,,,,,,,,,,,,,,,,,,,,1,
2025,09,29826,1,0064,1,1,202509298261006411,1,1,1,1,2,,1,50,1,2,13,8,1975,1,,,,,,,,,,,,,,,,2411,2220,3,5,1,,3,100,0,8,8,8,8,8,0,40,,40,1,,2,,2,2,4,3000,60,,,,,,,,,,,,,,1,3,1,1,2,,1,1,2,,2,,2,,2,,2,,1,1,2,,2,,2,,11,5,,2,2,2,2,2,2,10,8,1,3000,260,,,,,,,833,3260,3260,4093,1,907.4509164094219
2025,09,29826,1,0064,1,1,202509298261006412,1,2,2,1,2,,2,45,2,2,29,4,1980,1,,,,,,,,,,,,,,,,9111,9700,6,,,,1,4,0,8,8,8,8,8,6,46,,46,1,,2,,2,2,3,700,15,,,,,,,,,,,,,,1,6,2,,2,,2,,2,,2,,2,,2,,2,,2,,2,,2,,2,,9,3,,2,2,2,2,2,2,10,8,1,1400,450,,,,,,,116,1850,1850,1966,1,812.0672355897419
2025,09,29826,1,0064,1,1,202509298261006413,1,3,3,1,2,,2,22,3,2,10,2,2003,2,2,2,2,2,2,2,2,2,2,2,2,2,2,2,2,,,,,,,,,,,,,,,,,,,,,,,,,,,,,,,,,,2,4,2,2,5,,,1,3,1,4,2,,1,4,2,,2,,2,,2,,2,,2,,2,,2,,2,,8,2,,2,2,2,2,2,2,10,8,4,,,,,,,,,,,,,1,907.9581305249905
2025,09,26553,1,0011,1,1,202509265531001111,1,1,1,1,2,,2,68,1,1,6,4,1957,1,,,,,,,,,,,,,,,,2212,8610,3,5,1,,4,400,0,13,14,13,14,13,6,73,,73,1,,2,,2,2,4,15000,,,,,,,,,,,,,,,1,1,1,1,2,,2,,2,,2,,2,,2,,2,,1,1,2,,2,,2,,12,2,,2,2,2,2,2,2,12,7,1,15000,,,,,,,,1166,15000,15000,16166,1,800.8992104121527
2025,09,26553,1,0011,1,1,202509265531001112,1,2,2,1,2,,1,71,2,1,6,9,1953,1,,,,,,,,,,,,,,,,2421,4520,3,5,1,,1,6,0,10,10,10,10,10,10,60,,60,1,,2,,2,2,4,5000,,,,,,,,,,,,,,,1,1,1,1,2,,2,,2,,2,,2,,2,,2,,1,1,2,,2,,2,,12,2,,2,2,2,2,2,2,10,6,1,5000,,,,,,,,1251,5000,5000,6251,1,894.9711188782152
2025,09,26553,1,0012,1,1,202509265531001211,1,1,1,1,2,,1,62,1,1,6,1,1963,1,,,,,,,,,,,,,,,,2142,7490,3,5,1,,1,6,0,8,8,8,8,8,8,48,,48,1,,2,,2,2,4,20000,,,,,,,,,,,,,,,1,3,1,1,1,4,2,,2,,2,,2,,2,,2,,1,1,2,,2,,2,,12,2,,2,2,2,2,2,2,10,7,1,20000,,,,,,,,5001,20000,20000,25001,1,894.9711188782152
2025,09,26553,1,0012,1,1,202509265531001212,1,2,2,1,2,,2,58,2,2,14,12,1966,2,2,2,2,2,2,2,2,2,2,2,2,2,2,2,2,,,,,,,,,,,,,,,,,,,,,,,,,,,,,,,,,,2,5,2,2,6,,,1,3,1,4,1,4,2,,2,,2,,2,,2,,2,,2,,1,5,2,,2,,9,3,,2,2,2,2,2,2,10,6,4,,,,,,,,,,,,,1,800.8992104121527
2025,09,26553,1,0012,1,1,202509265531001213,1,3,3,1,2,,1,31,3,2,24,11,1993,1,,,,,,,,,,,,,,,,7513,1071,3,5,1,,1,8,0,8,8,8,8,0,0,32,,32,1,,2,,2,2,4,1000,,,,,,,,,,,,,,,2,2,2,,1,4,2,,2,,2,,2,,2,,2,,2,,2,,2,,2,,6,5,,2,2,2,2,1,2,10,6,1,1000,,,,,,,,,1000,1000,1000,1,970.1202466301755
2025,09,26553,1,0012,1,1,202509265531001214,1,4,3,1,2,,2,27,4,4,27,10,1997,1,,,,,,,,,,,,,,,,4417,1074,3,5,1,,5,5000,0,9,9,9,9,6,0,42,,42,1,,2,,2,2,4,7000,,,,,,,,,,,,,,,1,3,1,1,2,,1,1,2,,2,,2,,2,,2,,1,1,2,,2,,2,,11,5,,2,2,2,2,2,2,10,6,1,7000,,,,,,,,1749,7000,7000,8749,1,940.6925282265194
2025,09,26553,1,0012,1,1,202509265531001215,1,5,3,1,2,,2,26,5,4,17,8,1999,1,,,,,,,,,,,,,,,,2611,7020,3,5,1,,1,20,0,8,8,8,8,8,0,40,,40,1,,2,,2,2,4,5000,,,,,,,,,,,,,,,1,3,1,1,2,,1,1,2,,2,,2,,2,,2,,1,1,2,,2,,2,,11,6,,2,2,2,2,2,2,10,6,1,5000,,,,,,,,83,5000,5000,5083,1,940.6925282265194
2025,09,26553,1,0012,1,1,202509265531001216,1,6,9,2,,2,2,48,,,,,,,,,,,,,,,,,,,,,,,,,,,,,,,,,,,,,,,,,,,,,,,,,,,,,,,,,,,,,,,,,,,,,,,,,,,,,,,,,,,,,,,,,,,,,,,,,,,,,,,,,,,,,,,,0,
2025,09,26553,1,0014,1,1,202509265531001411,1,1,1,1,2,,1,48,1,1,10,3,1977,1,,,,,,,,,,,,,,,,1221,4711,3,5,1,,5,1001,0,8,8,8,8,8,0,40,,40,1,,2,,2,2,4,50000,,,,,,,,,,,,,,,1,3,1,1,2,,1,1,2,,2,,2,,2,,2,,1,1,2,,2,,2,,12,2,,2,2,2,2,2,2,10,7,1,50000,,,,,,,,12501,50000,50000,62501,1,894.9711188782152
2025,09,26553,1,0014,1,1,202509265531001412,1,2,2,1,2,,2,44,2,2,12,12,1980,1,,,,,,,,,,,,,,,,2421,7020,2,,2,2,1,1,0,4,4,4,4,4,0,20,,20,1,,2,,2,2,,,,,,,,,,,,,,,,,1,2,2,,1,4,2,,2,,2,,2,,2,,2,,1,5,2,,2,,2,,12,2,,2,2,2,2,2,2,10,9,1,,,4000,,,,,,,4000,4000,4000,1,940.6925282265194
2025,09,26553,1,0014,1,1,202509265531001413,1,3,3,1,2,,2,12,,,,,,,,,,,,,,,,,,,,,,,,,,,,,,,,,,,,,,,,,,,,,,,,,,,,,,,,,,,,,,,,,,,,,,,,,,,,,,,,,,,,,,,,,,,,,,,,,,,,,,,,,,,,,,,,1,
2025,09,26553,1,0014,1,1,202509265531001414,1,4,3,1,2,,1,10,,,,,,,,,,,,,,,,,,,,,,,,,,,,,,,,,,,,,,,,,,,,,,,,,,,,,,,,,,,,,,,,,,,,,,,,,,,,,,,,,,,,,,,,,,,,,,,,,,,,,,,,,,,,,,,,1,
2025,09,26553,1,0140,1,1,202509265531014011,1,1,1,1,2,,1,34,1,1,29,11,1990,1,,,,,,,,,,,,,,,,3163,5110,3,5,1,,4,330,0,8,6,0,8,8,0,30,,30,1,,2,,2,2,4,10000,,,,,,,,,,,,,,,1,3,1,1,2,,1,1,2,,2,,2,,2,,2,,1,1,2,,2,,2,,6,5,,2,2,2,2,2,2,10,9,1,10000,,,,,,,,2749,10000,10000,12749,1,970.1202466301755
2025,09,26553,1,0140,1,1,202509265531014012,1,2,2,1,2,,2,30,2,2,16,9,1994,1,,,,,,,,,,,,,,,,1222,4772,3,5,1,,2,50,0,8,8,8,8,8,0,40,,40,1,,2,,2,2,4,15000,500,,,,,,,,,,,,,,1,3,1,1,2,,1,1,2,,2,,2,,2,,2,,1,1,2,,2,,2,,12,2,,2,2,2,2,2,2,10,9,1,15000,500,,,,,,,3750,15500,15500,19250,1,940.6925282265194
2025,09,21607,2,0018,1,1,202509216072001811,1,1,1,1,2,,1,74,1,1,14,1,1951,2,2,2,2,2,2,2,2,2,2,2,2,2,2,2,2,,,,,,,,,,,,,,,,,,,,,,,,,,,,,,,,,,2,5,2,2,3,,,1,5,2,,2,,2,,2,,1,5,2,,2,,2,,2,,2,,2,,2,,6,5,,2,2,2,2,2,2,10,7,4,,,,,,,,,,,,,1,701.63029304119
2025,09,21607,2,0018,1,1,202509216072001812,1,2,3,1,2,,1,30,2,2,13,7,1995,1,,,,,,,,,,,,,,,,8322,4922,2,,3,2,1,1,11,8,11,8,8,11,8,65,,65,1,,1,1,1,2,,,,,,,,,,,,,,,,,1,5,2,,2,,2,,2,,1,5,2,,2,,2,,2,,2,,2,,2,,6,5,,2,2,2,2,2,2,10,7,1,,,998,,,,,,,998,998,998,1,760.5449366695648
2025,09,21607,2,0018,1,1,202509216072001813,1,3,3,1,2,,2,26,3,3,15,7,1999,1,,,,,,,,,,,,,,,,4416,4321,3,5,1,,1,12,0,9,9,9,9,9,5,50,,50,1,,1,1,1,2,4,1130,,,,,,,,,,,,,,,1,5,2,,2,,2,,2,,1,5,2,,2,,2,,2,,2,,2,,2,,9,3,,2,2,2,2,2,2,10,6,1,1130,,,,,,,,,1130,1130,1130,1,737.4744953429542
2025,09,21607,2,0020,1,1,202509216072002011,1,1,1,1,2,,1,62,1,1,26,11,1962,2,1,,,,,,,,,,,,,,,312,8422,3,1,,,5,9998,0,0,0,0,0,0,0,0,,40,2,40,2,,2,2,4,4000,,,,,,,,,,,,,,,2,4,2,,2,,2,,1,1,2,,2,,2,,2,,2,,2,,2,,1,1,9,3,,2,2,2,2,2,2,10,9,1,4000,,,,,,,,666,4000,4000,4666,1,701.63029304119
2025,09,21607,2,0020,1,1,202509216072002012,1,2,3,1,2,,1,27,2,2,6,3,1998,1,,,,,,,,,,,,,,,,112,8422,3,1,,,5,9998,8,8,8,8,0,0,8,40,,48,2,48,1,1,1,2,4,8000,90,,,,,,,,,,,,,,1,4,2,,2,,2,,1,1,2,,2,,2,,2,,2,,2,,2,,1,1,12,2,,2,2,2,2,2,2,10,7,1,8000,390,,,,,,,3000,8390,8390,11390,1,760.5449366695648
2025,09,21607,2,0022,1,1,202509216072002211,1,1,1,1,2,,2,36,1,1,20,4,1989,1,,,,,,,,,,,,,,,,5212,4772,3,5,1,,2,30,0,8,8,8,8,8,3,43,,48,2,48,1,1,1,2,4,3500,,,,,,,,,,,,,,,1,3,1,1,2,,1,1,2,,2,,2,,2,,2,,1,1,2,,2,,2,,10,4,,2,2,2,2,2,2,10,7,1,3500,,,,,,,,966,3500,3500,4466,1,737.4744953429542
2025,09,21607,2,0022,1,1,202509216072002212,1,2,2,1,2,,1,48,2,1,10,10,1976,1,,,,,,,,,,,,,,,,8322,4922,2,,3,2,1,1,8,8,8,8,8,8,8,56,,56,1,,1,1,1,1,,,,,,,,,,,,,,,,,1,5,2,,2,,2,,2,,1,5,2,,2,,2,,1,5,2,,2,,2,,11,5,,2,2,2,2,2,2,10,7,1,,,1884,,,,,,,1884,1884,1884,1,701.63029304119
2025,09,21607,2,0022,1,1,202509216072002213,1,3,3,1,2,,2,12,,,,,,,,,,,,,,,,,,,,,,,,,,,,,,,,,,,,,,,,,,,,,,,,,,,,,,,,,,,,,,,,,,,,,,,,,,,,,,,,,,,,,,,,,,,,,,,,,,,,,,,,,,,,,,,,1,
2025,09,21607,2,0023,1,1,202509216072002311,1,1,1,1,2,,1,53,1,1,21,6,1972,1,,,,,,,,,,,,,,,,4311,6920,3,5,1,,1,7,0,9,9,9,9,9,0,45,,45,1,,2,,2,2,4,1800,,,,,,,,,,,,,,,1,1,1,1,2,,2,,2,,2,,2,,2,,2,,1,1,2,,2,,2,,6,5,,2,2,2,2,2,2,10,7,1,1800,,,,,,,,460,1800,1800,2260,1,701.63029304119
2025,09,21607,2,0023,1,1,202509216072002312,1,2,2,1,2,,2,54,2,1,7,7,1971,2,2,2,2,2,2,2,2,2,2,2,2,2,2,2,2,,,,,,,,,,,,,,,,,,,,,,,,,,,,,,,,,,2,5,2,2,6,,,1,1,1,4,2,,2,,2,,2,,2,,2,,2,,2,,2,,2,,2,,6,5,,2,2,2,2,2,2,10,7,4,,,,,,,,,,,,,1,627.8807615627682
2025,09,21607,2,0023,1,1,202509216072002313,1,3,3,1,2,,1,15,3,3,7,2,2010,1,,,,,,,,,,,,,,,,5132,9329,3,5,3,2,1,3,6,0,0,0,0,6,7,19,,19,1,,1,2,2,2,2,450,,,,,,,,,,,,,,,1,1,1,4,2,,2,,2,,2,,2,,2,,2,,2,,2,,2,,2,,5,3,,2,2,2,2,2,2,10,7,1,1949,,,,,,,,,1949,1949,1949,1,651.7932166483664
2025,09,21627,1,0052,1,1,202509216271005211,1,1,1,1,2,,1,29,1,1,19,12,1995,1,,,,,,,,,,,,,,,,7411,4530,3,5,1,,1,3,0,10,10,10,10,10,10,60,,60,1,,1,1,1,2,2,320,72,,,,,,,,,,,,,,1,5,2,,2,,2,,2,,1,5,2,,2,,2,,2,,2,,2,,2,,6,5,,2,2,2,2,2,2,1,1,1,1386,312,,,,,,,,1698,1698,1698,1,843.0489639331443
2025,09,21627,1,0052,1,1,202509216271005212,1,2,2,1,2,,2,31,2,2,17,10,1993,2,2,2,2,2,2,2,2,2,2,2,2,2,2,2,2,,,,,,,,,,,,,,,,,,,,,,,,,,,,,,,,,,2,5,1,2,5,,,1,5,2,,2,,2,,2,,1,5,2,,2,,2,,2,,2,,2,,2,,6,5,,2,2,2,2,2,2,1,1,4,,,,,,,,,,,,,1,817.475837717816
2025,09,21627,1,0052,1,1,202509216271005213,1,3,3,1,2,,2,11,,,,,,,,,,,,,,,,,,,,,,,,,,,,,,,,,,,,,,,,,,,,,,,,,,,,,,,,,,,,,,,,,,,,,,,,,,,,,,,,,,,,,,,,,,,,,,,,,,,,,,,,,,,,,,,,1,
2025,09,21627,1,0053,1,1,202509216271005311,1,1,1,1,2,,1,50,1,1,1,1,1975,1,,,,,,,,,,,,,,,,9313,4100,3,5,3,2,1,5,0,8,8,8,8,8,6,46,,46,1,,2,,2,2,2,350,,,,,,,,,,,,,,,1,5,2,,2,,2,,2,,1,5,2,,2,,2,,2,,2,,2,,2,,6,5,,2,2,2,2,2,2,1,1,1,1516,,,,,,,,,1516,1516,1516,1,777.7432510466865
2025,09,21627,1,0053,1,1,202509216271005312,1,2,2,1,2,,2,50,2,2,3,1,1975,1,,,,,,,,,,,,,,,,7354,1313,2,,3,2,1,1,2,7,7,7,7,7,7,44,,44,1,,1,1,1,2,,,,,,,,,,,,,,,,,1,5,2,,2,,2,,2,,1,5,2,,2,,2,,2,,2,,2,,2,,1,,,2,2,2,2,2,2,1,1,1,,,180,,,,,,,180,180,180,1,695.9933594811715
2025,09,21627,1,0053,1,1,202509216271005313,1,3,3,1,2,,2,11,,,,,,,,,,,,,,,,,,,,,,,,,,,,,,,,,,,,,,,,,,,,,,,,,,,,,,,,,,,,,,,,,,,,,,,,,,,,,,,,,,,,,,,,,,,,,,,,,,,,,,,,,,,,,,,,1,
2025,09,21627,1,0054,1,1,202509216271005411,1,1,1,1,2,,1,23,1,1,17,11,2001,1,,,,,,,,,,,,,,,,7121,4390,3,5,3,2,1,5,0,8,8,8,8,8,6,46,,46,1,,2,,2,2,2,500,,,,,,,,,,,,,,,1,1,1,5,2,,2,,2,,2,,2,,2,,2,,1,5,2,,2,,2,,5,3,,2,2,2,2,2,2,1,1,1,2165,,,,,,,,,2165,2165,2165,1,722.4998412326503
