ANIO,MES,CONGLOMERADO,MUESTRA,SELVIV,HOGAR,REGION,LLAVE_PANEL,ESTRATO,C201,C203,C204,C205,C206,C207,C208,C300n,NROINF,C301_DIA,C301_MES,C301_ANIO,C303,C304,C305,C306_1,C306_2,C306_3,C306_4,C306_5,C306_6,C306_7,C306_8,C306_9,C306_10,C306_10A,C306_11,C306A,C308_COD,C309_COD,C310,C311,C312,C313,C317,C317A,C318_1,C318_2,C318_3,C318_4,C318_5,C318_6,C318_7,C318_T,C328_T,whoraT,C330,C331,C333,C334,P209H,C335,C338,C339_1,C341_T,C342,C344,C345_1,C347_T,C348,C350,C352,C353,C354,C355,C356,C357_I,C358,C359,SEGURO1,C361_1,C362_1,C361_2,C362_2,C361_3,C362_3,C361_4,C362_4,C361_5,C362_5,C361_6,C362_6,C361_7,C362_7,C361_8,C362_8,C364_1,C365_1,C364_2,C365_2,C364_3,C365_3,C364_4,C365_4,C366,C366_1,C366_2,C375_1,C375_2,C375_3,C375_4,C375_5,C375_6,C376,C377,OCUP300,I339_1,D341_T,I342,D344,I345_1,I348,D347_T,D350,D351_T,INGTOT,INGTOTP,ingtrabw,RESIDENT,fa_amj25
2025,04,26524,1,0001,1,1,202501265241000112,1,2,2,1,2,,1,72,2,2,10,4,1953,1,,,,,,,,,,,,,,,,1142,5610,1,,1,,5,801,0,6,6,6,6,6,6,36,,36,1,,2,,2,2,,,,70000,,,,,,,,,,,,,1,1,1,2,2,,2,,2,,2,,2,,2,,2,,2,,1,2,2,,2,,6,5,,2,2,2,2,2,2,10,8,1,,,70000,,,,,,,70000,70000,70000,1,892.8000090265828
2025,06,29555,1,0015,1,1,202503295551001512,1,2,2,1,2,,2,60,2,2,5,1,1965,1,,,,,,,,,,,,,,,,1219,2100,3,5,1,,4,240,0,8,8,8,8,8,0,40,,40,1,,2,,2,2,4,30000,,,,,,,,,,,,,,,1,3,1,1,2,,1,1,2,,2,,2,,2,,2,,1,1,2,,2,,2,,12,2,,2,2,2,2,2,2,10,7,1,30000,,,,,,,,10000,30000,30000,40000,1,859.3487849659746
2025,04,17938,1,0045,1,1,202401179381004511,1,1,1,1,2,,1,62,1,1,2,10,1962,1,,,,,,,,,,,,,,,,3314,7911,3,5,1,,4,400,0,8,8,8,0,0,0,24,11,65,2,65,2,,2,2,4,20000,300,,,6000,,,,,,,,,,,1,3,1,1,2,,1,1,2,,2,,2,,2,,2,,1,1,2,,2,,2,,12,2,,2,2,2,2,2,2,10,7,1,20000,25,,,6000,,,,7500,26025,20025,33525,1,464.75338785126064
2025,05,2653302,1,0051,1,1,20250526533021005112,1,2,2,1,2,,1,58,2,1,26,9,1966,1,,,,,,,,,,,,,,,,2142,4100,3,5,1,,3,100,0,10,10,10,10,10,5,55,,55,1,,1,1,1,2,4,20000,450,,,,,,,,,,,,,,1,3,1,1,2,,1,1,2,,2,,2,,2,,2,,1,1,2,,2,,2,,11,5,,2,2,2,2,2,2,10,7,1,20000,450,,,,,,,5001,20450,20450,25451,1,953.1672787805126
2025,06,25382,1,0094,1,1,202506253821009412,1,2,2,1,2,,1,48,2,2,1,10,1976,1,,,,,,,,,,,,,,,,1221,4661,3,5,1,,4,400,0,8,8,8,8,8,0,40,,40,1,,1,1,1,2,4,20000,,,,,,,,,,,,,,,1,3,1,1,2,,1,1,2,,2,,2,,2,,2,,1,1,2,,2,,2,,12,2,,2,2,2,2,2,2,10,7,1,20000,,,,,,,,5439,20000,20000,25439,1,1099.4421170075666
2025,05,26722,2,0055,1,1,202505267222005512,1,2,2,1,2,,2,62,2,2,26,9,1962,1,,,,,,,,,,,,,,,,4110,4290,3,5,1,,5,1100,0,10,10,10,10,10,0,50,,50,1,,2,,2,2,4,20000,,,,,,,,,,,,,,,1,3,1,1,2,,1,1,2,,2,,2,,2,,2,,1,1,2,,2,,2,,11,5,,2,2,2,2,2,2,10,6,1,20000,,,,,,,,5001,20000,20000,25001,1,732.7988749610328
2025,06,26448,1,0211,1,1,202406264481021111,1,1,1,1,2,,1,73,1,1,6,7,1951,1,,,,,,,,,,,,,,,,1219,1709,3,5,1,,1,8,0,8,8,8,8,8,0,40,,40,1,,2,,2,2,4,20000,,,,,,,,,,,,,,,1,3,1,1,2,,1,1,2,,2,,2,,2,,2,,1,1,2,,2,,2,,11,5,,2,2,2,2,2,2,10,7,1,20000,,,,,,,,2499,20000,20000,22499,1,1418.8805787978401
2025,04,2626601,1,0035,1,1,20240426266011003511,1,1,1,1,2,,2,57,1,1,30,8,1967,1,,,,,,,,,,,,,,,,4110,2100,3,5,1,,2,50,0,8,8,8,8,8,0,40,,40,1,,2,,2,2,4,15000,50,,,,,,,,,,,,,,1,3,1,1,2,,1,1,2,,2,,2,,2,,2,,1,1,2,,2,,2,,11,5,,2,2,2,2,2,2,10,7,1,15000,217,,,,,,,5250,15217,15217,20467,1,837.8403457614652
2025,06,29555,1,0016,1,1,202503295551001611,1,1,1,1,2,,1,67,1,1,27,8,1957,1,,,,,,,,,,,,,,,,3314,2220,1,,1,,4,141,0,12,11,13,12,11,12,71,,71,1,,2,,2,2,,,,20000,,,,,,,,,,,,,1,1,1,2,2,,2,,2,,2,,2,,2,,2,,1,5,2,,2,,2,,11,5,,2,2,2,2,2,2,10,7,1,,,20000,,,,,,,20000,20000,20000,1,930.7238386467714
2025,06,26274,1,0135,1,1,202506262741013511,1,1,1,1,2,,1,36,1,1,24,6,1989,1,,,,,,,,,,,,,,,,2529,6202,2,,2,2,1,1,0,10,10,10,10,10,0,50,,50,1,,1,1,1,2,,,,,,,,,,,,,,,,,1,2,2,,1,2,2,,2,,2,,2,,2,,2,,2,,2,,2,,2,,11,5,,2,2,2,2,2,2,1,7,1,,,19770,,,,,,,19770,19770,19770,1,1050.9106039886335
2025,06,2692202,1,0068,1,1,20240626922021006811,1,1,1,1,2,,1,58,1,1,16,2,1967,1,,,,,,,,,,,,,,,,1221,4649,3,5,1,,3,100,0,6,6,6,6,6,0,30,,45,2,45,2,,2,2,4,13000,,,,,,,,,,,,,,,1,3,1,1,1,2,1,1,2,,2,,2,,2,,2,,1,1,2,,2,,2,,11,5,,2,2,2,2,2,2,10,7,1,13000,,,,,,,,6749,13000,13000,19749,1,919.4112549146108
2025,06,2668202,1,0053,1,1,20240626682021005312,1,2,2,1,2,,2,42,2,2,23,3,1983,1,,,,,,,,,,,,,,,,1211,7310,3,5,1,,3,100,0,10,10,10,10,10,0,50,,50,1,,2,,2,2,4,15000,,,,,,,,,,,,,,,1,3,1,1,2,,1,1,2,,2,,2,,2,,2,,2,,1,1,2,,2,,12,2,,2,2,2,2,2,2,10,8,1,15000,,,,,,,,4375,15000,15000,19375,1,993.6010990103163
2025,05,25262,1,0100,1,1,202405252621010011,1,1,1,1,2,,1,53,1,1,22,8,1971,1,,,,,,,,,,,,,,,,2146,729,3,5,1,,5,750,10,10,10,0,0,0,0,30,,30,1,,2,,2,2,4,11300,1100,,,,,,,,,,,,,,1,3,1,1,2,,1,2,2,,2,,2,,2,,2,,1,1,2,,2,,2,,11,5,,2,2,2,2,2,2,10,7,1,11300,1100,,,,,,,6625,12400,12400,19025,1,1586.7258544883277
2025,05,2627701,1,0012,1,1,20240826277011001212,1,2,2,1,2,,1,49,2,2,31,3,1976,1,,,,,,,,,,,,,,,,1499,6201,3,5,1,,2,30,0,8,8,8,0,8,0,32,,40,2,40,2,,2,2,4,15000,,,,,,,,,,,,,,,1,3,1,1,2,,1,1,2,,2,,2,,2,,2,,1,1,2,,2,,2,,11,5,,2,2,2,2,2,2,10,7,1,15000,,,,,,,,3750,15000,15000,18750,1,913.5551314419529
2025,05,2734402,1,0048,1,1,20240227344021004811,1,1,1,1,2,,1,51,1,1,7,2,1974,1,,,,,,,,,,,,,,,,4110,6920,3,5,1,,2,25,0,8,8,8,0,8,0,32,,40,2,40,2,,2,2,4,15000,,,,,,,,,,,,,,,1,1,1,1,2,,2,,2,,2,,2,,2,,2,,1,1,2,,2,,2,,11,5,,2,2,2,2,2,2,10,7,1,15000,,,,,,,,3750,15000,15000,18750,1,982.8119157626081
2025,05,26398,1,0086,1,1,202502263981008611,1,1,1,1,2,,1,41,1,1,16,7,1983,1,,,,,,,,,,,,,,,,1221,1101,3,5,1,,3,90,0,8,8,8,8,8,5,45,,45,1,,2,,2,2,4,15000,,,,,,,,,,,,,,,1,3,1,1,2,,1,1,2,,2,,2,,2,,2,,1,1,2,,2,,2,,11,5,,2,2,2,2,2,2,10,7,1,15000,,,,,,,,3750,15000,15000,18750,1,989.4571412552293
2025,05,25636,1,0042,1,1,202502256361004211,1,1,1,1,2,,1,45,1,1,26,1,1980,1,,,,,,,,,,,,,,,,2114,729,3,5,1,,4,500,0,9,9,9,9,9,0,45,,45,1,,2,,2,2,4,17000,,,,,,,,,,,,,,,1,1,1,1,2,,2,,2,,2,,2,,2,,2,,1,1,2,,2,,2,,12,2,,2,2,2,2,2,2,10,7,1,17000,,,,,,,,1416,17000,17000,18416,1,876.246588756243
2025,05,2527102,1,0019,1,1,20250525271021001911,1,1,1,1,2,,1,65,1,2,19,6,1959,1,,,,,,,,,,,,,,,,4416,729,3,5,1,,3,60,10,10,10,10,10,10,10,70,,70,1,,2,,2,2,4,13500,630,,,,,,,,,,,,,,1,3,1,1,2,,1,1,2,,2,,2,,2,,2,,1,1,2,,2,,2,,11,5,,2,2,2,2,2,2,10,7,1,13500,1229,,,,,,,3375,14729,14729,18104,1,1481.8787377608087
2025,05,2578501,1,0022,1,1,20240825785011002212,1,2,2,1,2,,1,53,2,2,22,5,1971,1,,,,,,,,,,,,,,,,2611,8413,3,2,,,5,9998,0,8,8,8,8,8,0,40,,40,1,,2,,2,2,4,18000,,,,,,,,,,,,,,,1,1,1,1,2,,2,,2,,2,,2,,2,,2,,1,1,2,,2,,2,,11,6,,2,2,2,2,2,2,10,7,1,18000,,,,,,,,50,18000,18000,18050,1,1162.4788714418817
2025,04,24790,1,0056,1,1,202501247901005611,1,1,1,1,2,,1,36,1,1,4,10,1988,1,,,,,,,,,,,,,,,,2142,4100,1,,1,,1,20,0,10,10,10,10,10,0,50,,50,1,,2,,2,2,,,,18000,,,,,,,,,,,,,1,1,1,2,2,,2,,2,,2,,2,,2,,2,,1,2,2,,2,,2,,11,5,,2,2,2,2,2,2,10,7,1,,,18000,,,,,,,18000,18000,18000,1,1069.4962946181693
2025,05,2527102,1,0017,1,1,20250525271021001713,1,3,3,1,2,,1,35,3,3,27,2,1990,1,,,,,,,,,,,,,,,,2152,1074,3,5,1,,4,400,0,8,8,8,8,8,0,40,,40,1,,2,,2,2,4,14000,,,,,,,,,,,,,,,1,3,1,1,2,,1,1,2,,2,,2,,2,,2,,1,1,2,,2,,2,,11,5,,2,2,2,2,2,2,10,7,1,14000,,,,,,,,3501,14000,14000,17501,1,1671.3701011733037
2025,05,29415,1,0143,1,1,202505294151014311,1,1,1,1,2,,1,37,1,1,16,12,1987,1,,,,,,,,,,,,,,,,2142,7110,2,,1,,1,1,0,1,2,2,4,2,3,14,20,60,2,60,1,1,1,2,,,,13000,,,,4500,,,,,,,,,1,1,1,2,2,,2,,2,,2,,2,,2,,2,,1,2,2,,2,,2,,11,5,,2,2,2,2,2,2,10,7,1,,,13000,,,4500,,,,17500,13000,17500,1,1161.358960091592
2025,05,26700,1,0059,1,1,202505267001005911,1,1,1,1,2,,1,48,1,1,14,1,1977,1,,,,,,,,,,,,,,,,3513,6209,3,5,1,,5,1300,0,9,9,9,9,9,0,45,10,55,1,,2,,2,2,4,11000,,,,,,4000,,,,,,,,,1,1,1,1,2,,2,,2,,2,,2,,2,,2,,1,1,2,,2,,2,,12,1,,2,2,2,2,2,2,10,7,1,11000,,,,,4000,,,2499,15000,11000,17499,1,1512.5593041494867
2025,05,19968,1,0016,1,1,202505199681001611,1,1,1,1,2,,1,42,1,1,29,11,1982,1,,,,,,,,,,,,,,,,4312,6419,3,5,1,,5,3000,2,10,10,10,10,10,0,52,,52,1,,2,,2,2,4,13000,,,,,,,,,,,,,,,1,3,1,1,2,,1,4,2,,2,,2,,2,,2,,1,1,2,,2,,2,,11,5,,2,2,2,2,2,2,10,7,1,13000,,,,,,,,3712,13000,13000,16712,1,756.4620680728718
2025,04,2657901,1,0056,1,1,20240426579011005611,1,1,1,1,2,,2,52,1,1,4,7,1972,1,,,,,,,,,,,,,,,,2611,1030,3,5,1,,5,505,0,10,9,10,9,10,0,48,,48,1,,2,,2,2,4,13200,,,,,,,,,,,,,,,1,3,1,1,2,,1,1,2,,2,,2,,2,,2,,1,1,2,,2,,2,,12,2,,2,2,2,2,2,2,10,7,1,13200,,,,,,,,3249,13200,13200,16449,1,748.6483278979146
2025,06,2814801,1,0024,1,1,20250328148011002411,1,1,1,1,2,,1,38,1,1,10,2,1987,1,,,,,,,,,,,,,,,,5211,4630,1,,2,2,1,2,8,8,8,8,8,8,8,56,42,98,1,,2,,2,2,,,,,,,,2000,,,,,,,,,2,5,2,,2,,2,,2,,1,5,2,,2,,2,,2,,2,,2,,2,,11,5,,2,2,2,2,2,2,10,7,1,,,9990,4330,,2000,,,,16320,14320,16320,1,1238.1829052146568
2025,06,4724502,1,0130,1,1,20240647245021013011,1,1,1,1,2,,1,48,1,1,27,5,1977,1,,,,,,,,,,,,,,,,2631,6419,3,5,1,,5,501,0,12,12,12,12,12,5,65,,65,1,,2,,2,2,4,13000,,,,,,,,,,,,,,,1,3,1,1,2,,1,1,2,,2,,2,,2,,2,,1,1,2,,2,,2,,11,5,,2,2,2,2,2,2,10,7,1,13000,,,,,,,,3250,13000,13000,16250,1,684.8320949683492
2025,06,2668202,1,0053,1,1,20240626682021005311,1,1,1,1,2,,1,47,1,1,23,6,1977,1,,,,,,,,,,,,,,,,1213,4321,3,5,1,,4,250,0,10,10,10,10,10,0,50,,50,1,,2,,2,2,4,15000,,,,,,,,,,,,,,,1,3,1,1,2,,1,1,2,,2,,2,,2,,2,,1,1,2,,2,,2,,12,2,,2,2,2,2,2,2,10,8,1,15000,,,,,,,,1250,15000,15000,16250,1,866.3022801102582
2025,06,25275,1,0009,1,1,202409252751000911,1,1,1,1,2,,1,70,1,1,29,9,1954,1,,,,,,,,,,,,,,,,1169,9412,3,5,1,,5,9998,0,8,8,8,8,8,0,40,,40,1,,2,,2,2,4,16000,,,,,,,,,,,,,,,1,1,1,1,2,,2,,2,,2,,2,,2,,2,,2,,1,1,2,,2,,12,2,,2,2,2,2,2,2,10,7,1,16000,,,,,,,,50,16000,16000,16050,1,889.084905221816
2025,05,2304701,1,0119,1,1,20240523047011011911,1,1,1,1,2,,1,54,1,1,3,4,1971,1,,,,,,,,,,,,,,,,3314,4530,1,,1,,1,3,0,11,11,11,11,0,11,55,12,67,1,,1,1,1,2,,,,10000,,,,6000,,,,,,,,,1,5,2,,2,,2,,2,,1,5,2,,2,,2,,2,,2,,2,,2,,6,5,,2,2,2,2,2,2,10,7,1,,,10000,,,6000,,,,16000,10000,16000,1,730.89295188284
2025,06,27224,1,0053,1,1,202503272241005311,1,1,1,1,2,,1,57,1,1,12,6,1967,1,,,,,,,,,,,,,,,,1221,3520,3,5,1,,4,400,0,9,8,8,9,8,0,42,,42,1,,1,1,1,2,4,10000,,,,,,,,,,,,,,,1,3,1,1,2,,1,1,2,,2,,2,,2,,2,,1,1,2,,2,,2,,12,2,,2,2,2,2,2,2,10,6,1,10000,,,,,,,,5832,10000,10000,15832,1,977.3140865062297
2025,05,19839,1,0110,1,1,202402198391011011,1,1,1,1,2,,1,29,1,1,20,2,1996,1,,,,,,,,,,,,,,,,9629,7490,2,,2,2,1,1,6,6,6,6,0,6,0,30,18,53,2,53,1,1,1,2,,,,,,3100,,,,,,,,,,,1,1,1,2,2,,2,,2,,2,,2,,2,,2,,1,2,2,,2,,2,,10,4,,2,2,2,2,2,2,10,7,1,,,12500,,3100,,,,,15600,12500,15600,1,1275.0018365097671
2025,06,25542,1,0008,1,1,202403255421000812,1,2,2,1,2,,1,41,2,1,11,8,1983,1,,,,,,,,,,,,,,,,2611,6910,3,5,1,,3,100,0,9,9,9,9,9,0,45,,45,1,,2,,2,2,4,12000,,,,,,,,,,,,,,,1,3,1,1,2,,1,1,2,,2,,2,,2,,2,,1,1,2,,2,,2,,11,6,,2,2,2,2,2,2,10,7,1,12000,,,,,,,,3500,12000,12000,15500,1,938.6426187366658
2025,06,26818,2,0088,1,1,202506268182008811,1,1,1,1,2,,1,56,1,1,4,3,1969,1,,,,,,,,,,,,,,,,2631,311,3,5,1,,3,100,0,8,8,8,8,8,8,48,,48,1,,2,,2,2,4,12000,,,,,,,,,,,,,,,1,1,1,1,2,,2,,2,,2,,2,,2,,2,,1,1,2,,2,,2,,11,5,,2,2,2,2,2,2,10,7,1,12000,,,,,,,,3332,12000,12000,15332,1,1196.0660242345448
2025,04,29453,1,0111,1,1,202404294531011111,1,1,1,1,2,,1,42,1,1,10,6,1982,1,,,,,,,,,,,,,,,,5211,4641,2,,1,,1,2,0,12,12,12,12,12,12,72,,72,1,,1,1,1,2,,,,15000,250,,,,,,,,,,,,1,6,2,,2,,2,,2,,2,,2,,2,,2,,2,,2,,2,,2,,6,5,,2,2,2,2,2,2,2,2,1,,,15000,250,,,,,,15250,15250,15250,1,1033.503219252756
2025,06,2654701,1,0082,1,1,20250626547011008211,1,1,1,1,2,,1,45,1,1,3,7,1979,1,,,,,,,,,,,,,,,,1491,9311,3,5,1,,2,25,0,10,10,10,10,10,10,60,,60,1,,2,,2,2,4,12000,,,,,,,,,,,,,,,1,3,1,1,2,,1,1,2,,2,,2,,2,,2,,1,1,2,,2,,2,,12,2,,2,2,2,2,2,2,10,7,1,12000,,,,,,,,3250,12000,12000,15250,1,995.9913203336422
2025,06,29555,1,0016,1,1,202503295551001613,1,3,3,1,2,,2,27,3,3,2,5,1998,1,,,,,,,,,,,,,,,,2211,8610,3,5,1,,5,9998,0,12,12,12,12,12,0,60,24,84,1,,2,,2,2,4,6500,,,,3500,,3500,,,,,,,,,1,3,1,1,2,,1,1,2,,2,,2,,2,,2,,1,1,2,,2,,2,,11,7,,2,2,2,2,2,2,10,7,1,6500,,,,3500,3500,,,1626,13500,6500,15126,1,1067.4890857228645
2025,04,28454,1,0071,1,1,202504284541007112,1,2,2,1,2,,1,62,2,2,21,7,1962,1,,,,,,,,,,,,,,,,2212,8610,3,2,,,5,998,0,6,6,6,6,6,6,36,10,46,1,,2,,2,2,4,13000,,,,2000,,,,,,,,,,,2,1,1,1,2,,2,,2,,2,,2,,2,,2,,1,1,2,,2,,2,,11,7,,2,2,2,2,2,2,10,7,1,13000,,,,2000,,,,50,15000,13000,15050,1,1057.421028716595
2025,05,2734402,1,0047,1,1,20240227344021004711,1,1,1,1,2,,1,66,1,1,18,9,1958,1,,,,,,,,,,,,,,,,2631,8413,3,2,,,5,9998,0,8,8,8,0,8,0,32,,40,2,40,2,,2,2,4,15000,,,,,,,,,,,,,,,1,1,1,1,2,,2,,2,,2,,2,,2,,2,,2,,1,1,2,,2,,11,5,,2,2,2,2,2,2,10,7,1,15000,,,,,,,,50,15000,15000,15050,1,982.8119157626081
2025,05,26896,1,0021,1,1,202408268961002112,1,2,6,1,2,,2,58,2,2,10,5,1967,1,,,,,,,,,,,,,,,,2611,8423,3,2,,,5,9998,0,8,8,8,8,8,0,40,,40,1,,2,,2,2,4,15000,,,,,,,,,,,,,,,1,2,2,,1,1,2,,2,,2,,2,,2,,2,,1,1,2,,2,,2,,12,2,,2,2,2,2,2,2,10,7,1,15000,,,,,,,,50,15000,15000,15050,1,806.5396425876015
2025,04,29588,1,0048,1,1,202504295881004811,1,1,1,1,2,,2,55,1,1,8,7,1969,1,,,,,,,,,,,,,,,,1163,8620,3,5,1,,2,30,6,8,8,8,8,8,8,54,,54,1,,1,1,1,2,4,12000,,,,,,,,,,,,,,,1,3,1,1,2,,1,1,2,,2,,2,,2,,2,,1,1,2,,2,,2,,11,5,,2,2,2,2,2,2,10,7,1,12000,,,,,,,,3000,12000,12000,15000,1,1293.602991673339
2025,05,2693901,1,0015,1,1,20240226939011001511,1,1,1,1,2,,2,49,1,4,6,12,1975,1,,,,,,,,,,,,,,,,2161,6820,1,,1,,1,6,0,8,8,8,8,8,0,40,,40,1,,2,,2,2,,,,15000,,,,,,,,,,,,,1,1,1,2,2,,2,,2,,2,,2,,2,,2,,1,2,2,,2,,2,,11,5,,2,2,2,2,2,2,10,7,1,,,15000,,,,,,,15000,15000,15000,1,856.9281830649365
2025,04,2662401,1,0072,1,1,20250426624011007211,1,1,1,1,2,,1,41,1,1,17,9,1983,1,,,,,,,,,,,,,,,,2511,6202,3,5,1,,5,9998,0,8,8,8,8,8,0,40,,40,1,,2,,2,2,4,13000,,,,,,,,,,,,,,,1,3,1,1,2,,1,1,2,,2,,2,,2,,2,,1,1,2,,2,,2,,11,5,,2,2,2,2,2,2,10,7,1,13000,,,,,,,,1666,13000,13000,14666,1,1002.2037214619065
2025,05,26700,1,0063,1,1,202505267001006311,1,1,1,1,2,,1,50,1,1,15,12,1974,1,,,,,,,,,,,,,,,,2511,7210,3,5,1,,5,9998,0,8,8,8,8,8,0,40,4,44,1,,2,,2,2,4,10000,,,,,,3000,,,,,,,,,1,1,1,1,2,,2,,2,,2,,2,,2,,2,,1,1,2,,2,,2,,12,2,,2,2,2,2,2,2,10,7,1,10000,,,,,3000,,,1666,13000,10000,14666,1,1512.5593041494867
2025,05,2578501,1,0022,1,1,20240825785011002211,1,1,1,1,2,,2,47,1,1,19,10,1977,1,,,,,,,,,,,,,,,,2631,8430,3,3,,,5,9998,0,8,8,8,8,8,0,40,,40,1,,1,1,1,2,4,14000,,,,,,,,,,,,,,,1,1,1,1,2,,2,,2,,2,,2,,2,,2,,1,1,2,,2,,2,,11,5,,2,2,2,2,2,2,10,7,1,14000,,,,,,,,50,14000,14000,14050,1,1073.3310615258986
2025,04,2655102,1,0047,1,1,20250426551021004711,1,1,1,1,2,,2,51,1,1,22,9,1973,1,,,,,,,,,,,,,,,,2421,6810,1,,1,,1,9,0,8,8,8,0,0,0,24,,40,2,40,2,,2,2,,,,14000,,,,,,,,,,,,,1,2,2,,1,2,2,,2,,2,,2,,2,,2,,1,2,2,,2,,2,,11,5,,2,2,2,2,2,2,10,8,1,,,14000,,,,,,,14000,14000,14000,1,905.1360025125027
2025,04,29516,1,0056,1,1,202501295161005612,1,2,2,1,2,,1,56,2,2,6,12,1968,1,,,,,,,,,,,,,,,,2144,4752,3,5,1,,4,101,0,8,8,8,8,8,8,48,,48,1,,2,,2,2,4,11000,,,,,,,,,,,,,,,1,3,1,1,1,2,2,,2,,2,,2,,2,,2,,1,1,2,,2,,2,,11,5,,2,2,2,2,2,2,10,7,1,11000,,,,,,,,2889,11000,11000,13889,1,954.2362405877911
2025,04,2694701,1,0066,1,1,20240426947011006612,1,2,2,1,2,,2,46,2,2,13,8,1978,1,,,,,,,,,,,,,,,,2211,2100,3,5,1,,4,200,0,8,8,8,0,0,0,24,,40,2,40,2,,2,2,4,11000,,,,,,,,,,,,,,,1,3,1,1,2,,1,1,2,,2,,2,,2,,2,,1,1,2,,2,,2,,12,2,,2,2,2,2,2,2,10,7,1,11000,,,,,,,,2751,11000,11000,13751,1,897.756775295958
2025,06,27488,1,0074,1,1,202506274881007412,1,2,2,1,2,,1,46,2,2,22,3,1979,1,,,,,,,,,,,,,,,,1221,4649,3,5,1,,4,120,0,8,8,8,8,8,0,40,,40,1,,2,,2,2,4,12000,,,,,,,,,,,,,,,1,3,1,1,2,,1,1,2,,2,,2,,2,,2,,1,1,2,,2,,2,,10,3,,2,2,2,2,2,2,10,7,1,12000,,,,,,,,1393,12000,12000,13393,1,1280.609771068338
2025,05,27407,1,0046,1,1,202405274071004613,1,3,3,1,2,,2,36,3,3,15,7,1988,1,,,,,,,,,,,,,,,,2212,8610,3,2,,,5,501,12,6,6,6,6,6,0,42,10,70,2,70,1,2,2,2,4,9000,40,,,2000,,2000,,,,,,,,,1,1,1,1,2,,2,,2,,2,,2,,2,,2,,1,1,2,,2,,2,,11,7,,2,2,2,2,2,2,10,7,1,9000,40,,,2000,2000,,,50,13040,9040,13090,1,1095.5617659308377
2025,06,25321,1,0138,1,1,202403253211013811,1,1,1,1,2,,1,57,1,1,1,3,1968,1,,,,,,,,,,,,,,,,2142,8413,3,2,,,5,9998,0,8,8,8,8,8,0,40,,40,1,,1,1,1,2,4,13000,,,,,,,,,,,,,,,1,1,1,1,2,,2,,2,,2,,2,,2,,2,,1,1,2,,2,,2,,12,2,,1,2,2,2,2,2,10,7,1,13000,,,,,,,,50,13000,13000,13050,1,1070.776894444015
2025,06,25275,1,0012,1,1,202406252751001211,1,1,1,1,2,,2,64,1,1,25,4,1961,1,,,,,,,,,,,,,,,,2311,8530,3,2,,,5,998,0,6,6,6,6,6,0,30,16,46,1,,1,1,1,2,4,5000,,,,,,8000,,,,,,,,,1,3,1,1,2,,1,1,2,,2,,2,,2,,2,,1,1,2,,2,,2,,12,2,,2,2,2,2,2,2,10,7,1,5000,,,,,8000,,,50,13000,5000,13050,1,820.9030448224316
2025,04,2688001,1,0004,1,1,20240126880011000411,1,1,1,1,2,,1,67,1,1,25,9,1957,1,,,,,,,,,,,,,,,,1221,4663,3,5,1,,1,11,0,8,8,8,8,8,0,40,,40,1,,2,,2,2,4,12000,,,,,,,,,,,,,,,1,3,1,1,2,,1,1,2,,2,,2,,2,,2,,1,1,2,,2,,2,,11,5,,2,2,2,2,2,2,10,7,1,12000,,,,,,,,1000,12000,12000,13000,1,989.3707194572122
2025,05,24856,1,0072,1,1,202502248561007211,1,1,1,1,2,,1,35,1,1,19,2,1990,1,,,,,,,,,,,,,,,,2212,8610,3,2,,,5,9998,0,12,0,12,0,12,0,36,28,64,1,,1,1,1,2,4,8500,,,,4500,,,,,,,,,,,1,1,1,1,2,,2,,2,,2,,2,,2,,2,,1,1,2,,2,,2,,12,2,,2,2,2,2,2,2,10,7,1,8500,,,,4500,,,,,13000,8500,13000,1,963.5753140609866
2025,04,2731801,1,0022,1,1,20250427318011002211,1,1,1,1,2,,2,59,1,1,27,10,1965,1,,,,,,,,,,,,,,,,2411,6920,3,5,1,,2,50,0,8,8,8,8,8,8,48,42,90,1,,2,,2,2,4,5000,,,,,,6000,,,,,,,,,1,3,1,1,2,,1,1,2,,2,,2,,2,,2,,1,1,2,,2,,2,,12,2,,2,2,2,2,2,2,10,4,1,5000,,,,,6000,,,1876,11000,5000,12876,1,1052.007212135377
2025,05,25636,1,0040,1,1,202502256361004012,1,2,2,1,2,,1,59,2,2,25,1,1966,1,,,,,,,,,,,,,,,,2311,8530,3,5,1,,5,9998,0,8,8,8,8,8,0,40,,40,1,,2,,2,2,4,9000,,,,,,,,,,,,,,,1,1,1,1,2,,2,,2,,2,,2,,2,,2,,1,1,2,,2,,2,,12,2,,2,2,2,2,2,2,10,9,1,9000,,,,,,,,3666,9000,9000,12666,1,876.246588756243
2025,06,25321,1,0136,1,1,202403253211013612,1,2,2,1,2,,1,49,2,2,28,7,1975,1,,,,,,,,,,,,,,,,2141,8413,3,2,,,5,9998,0,8,8,8,8,8,0,40,,40,1,,2,,2,2,4,12500,,,,,,,,,,,,,,,1,1,1,1,2,,2,,2,,2,,2,,2,,2,,1,1,2,,2,,2,,12,2,,2,2,2,2,2,2,10,7,1,12500,,,,,,,,50,12500,12500,12550,1,1070.776894444015
2025,05,2627701,1,0012,1,1,20240826277011001211,1,1,1,1,2,,2,46,1,1,18,3,1979,1,,,,,,,,,,,,,,,,4110,6311,3,5,1,,2,50,0,8,8,8,0,8,0,32,,32,1,,2,,2,2,4,10000,,,,,,,,,,,,,,,1,3,1,1,2,,1,1,2,,2,,2,,2,,2,,1,1,2,,2,,2,,11,5,,2,2,2,2,2,2,10,7,1,10000,,,,,,,,2499,10000,10000,12499,1,843.4967061180223
2025,05,1792901,1,0032,1,1,20240517929011003211,1,1,1,1,2,,1,54,1,1,15,3,1971,1,,,,,,,,,,,,,,,,2212,8610,3,3,,,5,9998,0,6,6,6,6,6,0,30,,30,1,,2,,2,2,4,10000,,,,,,,,,,,,,,,1,1,1,1,2,,2,,2,,2,,2,,2,,2,,1,1,2,,2,,2,,12,2,,2,2,2,2,2,2,10,7,1,10000,,,,,,,,2499,10000,10000,12499,1,422.0973234780819
2025,06,26818,2,0090,1,1,202506268182009011,1,1,1,1,2,,1,30,1,1,16,2,1995,1,,,,,,,,,,,,,,,,2421,4510,3,5,1,,5,501,0,8,8,8,8,8,0,40,,40,1,,2,,2,2,4,10000,,,,,,,,,,,,,,,1,3,1,1,2,,1,1,2,,2,,2,,2,,2,,1,1,2,,2,,2,,11,5,,2,2,2,2,2,2,10,6,1,10000,,,,,,,,2499,10000,10000,12499,1,1349.0098352821592
2025,05,2527102,1,0017,1,1,20250525271021001714,1,4,3,1,2,,2,38,4,4,22,3,1987,1,,,,,,,,,,,,,,,,2411,8411,3,2,,,5,9998,0,8,8,8,8,8,0,40,,40,1,,2,,2,2,4,12000,,,,,,,,,,,,,,,1,1,1,1,2,,2,,2,,2,,2,,2,,2,,1,1,2,,2,,2,,11,5,,2,2,2,2,2,2,10,7,1,12000,,,,,,,,75,12000,12000,12075,1,1699.6334607958795
2025,05,2528301,1,0079,1,1,20240225283011007911,1,1,1,1,2,,1,58,1,1,5,4,1967,1,,,,,,,,,,,,,,,,2142,8412,3,2,,,5,9998,0,8,8,8,8,8,0,40,,40,1,,2,,2,2,4,12000,,,,,,,,,,,,,,,1,1,1,1,2,,2,,2,,2,,2,,2,,2,,1,1,2,,2,,2,,11,5,,2,2,2,2,2,2,10,7,1,12000,,,,,,,,50,12000,12000,12050,1,815.8379735008406
2025,06,2571002,1,0021,1,1,20250625710021002111,1,1,1,1,2,,2,40,1,1,18,9,1984,1,,,,,,,,,,,,,,,,2212,8610,3,2,,,5,9882,12,0,0,12,0,0,12,36,48,84,1,,2,,2,2,4,7000,,,,5000,,,,,,,,,,,1,3,1,1,1,2,2,,2,,2,,2,,2,,2,,1,1,2,,2,,2,,11,7,,2,2,2,2,2,2,10,1,1,7000,,,,5000,,,,50,12000,7000,12050,1,2802.597726708476
2025,05,2528301,1,0036,1,1,20240225283011003611,1,1,1,1,2,,1,51,1,1,5,3,1974,1,,,,,,,,,,,,,,,,2152,3312,3,5,1,,2,50,0,8,8,8,8,8,0,40,,40,1,,2,,2,2,4,9500,,,,,,,,,,,,,,,1,3,1,1,2,,1,1,2,,2,,2,,2,,2,,1,1,2,,2,,2,,11,5,,2,2,2,2,2,2,10,7,1,9500,,,,,,,,2376,9500,9500,11876,1,815.8379735008406
2025,06,26274,1,0012,1,1,202506262741001212,1,2,2,1,2,,2,62,2,1,1,6,1963,1,,,,,,,,,,,,,,,,2411,6920,2,,2,1,1,1,0,8,8,6,8,8,0,38,,38,1,,1,1,1,2,,,,,,,,,,,,,,,,,2,2,2,,1,2,2,,2,,2,,2,,2,,2,,1,2,2,,2,,2,,12,2,,2,2,2,2,2,2,10,7,1,,,11700,,,,,,,11700,11700,11700,1,860.3089513703218
2025,05,2642402,1,0020,1,1,20250526424021002011,1,1,1,1,2,,1,37,1,1,14,5,1988,1,,,,,,,,,,,,,,,,2212,8610,3,1,,,5,1000,0,6,6,6,6,6,6,36,20,56,1,,2,,2,2,4,6000,20,,,5000,,,,,,,,,,,1,4,2,,2,,2,,1,1,2,,2,,2,,2,,2,,2,,2,,1,1,11,7,,2,2,2,2,2,2,10,7,1,6000,600,,,5000,,,,50,11600,6600,11650,1,535.7464772922389
2025,06,2692202,1,0070,1,1,20250626922021007011,1,1,1,1,2,,1,44,1,1,20,8,1980,1,,,,,,,,,,,,,,,,2421,111,3,5,1,,1,15,0,8,8,8,8,8,0,40,,40,1,,2,,2,2,4,8000,,,,,,,,,,,,,,,1,3,1,1,2,,1,1,2,,2,,2,,2,,2,,1,1,2,,2,,2,,11,5,,2,2,2,2,2,2,10,7,1,8000,,,,,,,,3334,8000,8000,11334,1,1036.9785617333985
2025,04,29034,1,0041,1,1,202504290341004115,1,5,3,1,2,,1,52,5,5,10,1,1973,1,,,,,,,,,,,,,,,,4110,2630,3,5,1,,5,9998,0,9,9,9,9,9,0,45,,45,1,,2,,2,2,4,9000,,,,,,,,,,,,,,,1,3,1,1,2,,1,1,2,,2,,2,,2,,2,,1,1,2,,2,,2,,11,5,,2,2,2,2,2,2,10,7,1,9000,,,,,,,,2250,9000,9000,11250,1,1016.5735956127996
2025,05,2627701,1,0011,1,1,20240526277011001113,1,3,3,1,2,,2,27,3,3,8,4,1998,1,,,,,,,,,,,,,,,,4110,8610,3,3,,,5,9998,0,8,8,8,0,8,0,32,,32,1,,2,,2,2,4,9000,,,,,,,,,,,,,,,1,1,1,1,2,,2,,2,,2,,2,,2,,2,,1,1,2,,2,,2,,11,5,,2,2,2,2,2,2,10,6,1,9000,,,,,,,,2250,9000,9000,11250,1,1047.797522236361
2025,06,26141,1,0187,1,1,202506261411018711,1,1,1,1,2,,1,36,1,1,14,9,1988,1,,,,,,,,,,,,,,,,2144,4290,3,5,1,,4,450,0,11,11,11,11,4,0,48,,48,1,,2,,2,2,4,9000,,,,,,,,,,,,,,,1,3,1,1,2,,1,1,2,,2,,2,,2,,2,,1,1,2,,2,,2,,11,5,,2,2,2,2,2,2,10,7,1,9000,,,,,,,,2250,9000,9000,11250,1,944.5091359921158
2025,05,2683902,1,0025,1,1,20240526839021002511,1,1,1,1,2,,1,42,1,1,4,10,1982,1,,,,,,,,,,,,,,,,2511,6419,3,5,1,,5,9998,0,8,8,8,8,8,0,40,,40,1,,2,,2,2,4,8500,,,,,,,,,,,,,,,1,1,1,1,2,,2,,2,,2,,2,,2,,2,,1,1,2,,2,,2,,12,2,,2,2,2,2,2,2,10,7,1,8500,,,,,,,,2699,8500,8500,11199,1,1471.5076577916743
2025,05,24545,1,0141,1,1,202502245451014112,1,2,2,1,2,,1,39,2,2,15,6,1985,2,1,,,,,,,,,,,,,,,2152,3312,3,5,1,,5,9998,0,0,0,0,0,0,0,0,,48,2,48,2,,2,2,4,7500,1100,,,,,,,,,,,,,,1,3,1,1,2,,1,1,2,,2,,2,,2,,2,,1,1,2,,2,,2,,11,5,,2,2,2,2,2,2,10,7,1,7500,1100,,,,,,,2500,8600,8600,11100,1,1560.4933538605005
2025,06,2957002,1,0053,1,1,20250329570021005311,1,1,1,1,2,,2,41,1,1,8,11,1983,1,,,,,,,,,,,,,,,,2145,2022,3,5,1,,4,120,0,8,8,8,8,8,0,40,,40,1,,2,,2,2,4,8000,,,,,,,,,,,,,,,1,1,1,1,2,,2,,2,,2,,2,,2,,2,,1,1,2,,2,,2,,12,2,,2,2,2,2,2,2,10,7,1,8000,,,,,,,,3001,8000,8000,11001,1,1053.4308424591206
2025,04,29353,1,0015,1,1,202504293531001519,1,3,3,1,2,,1,48,3,3,28,7,1976,1,,,,,,,,,,,,,,,,2411,6920,2,,1,,1,1,4,4,4,4,4,4,4,28,,28,1,,2,,2,2,,,,11000,,,,,,,,,,,,,1,3,1,2,1,2,2,,2,,2,,2,,2,,2,,2,,1,2,2,,2,,12,2,,2,2,2,2,2,2,10,7,1,,,11000,,,,,,,11000,11000,11000,1,1327.5005678512975
2025,06,2640901,1,0006,1,1,20250326409011000611,1,1,1,1,2,,2,63,1,1,11,4,1962,1,,,,,,,,,,,,,,,,2411,8411,3,2,,,5,9998,0,8,8,8,8,8,0,40,,40,1,,2,,2,2,4,8500,1600,,,,,,,,,,,,,,1,3,1,1,2,,1,2,2,,2,,2,,2,,2,,1,1,2,,2,,2,,11,5,,2,2,2,2,2,2,10,7,1,8500,133,,,,,,,2124,8633,8633,10757,1,825.7429667302562
2025,06,25017,1,0027,1,1,202506250171002712,1,2,2,1,2,,1,68,2,2,1,2,1957,1,,,,,,,,,,,,,,,,5120,5610,1,,3,2,1,3,0,12,12,12,12,12,12,72,,72,1,,2,,2,2,,,,,,,,,,,,,,,,,1,1,1,2,2,,2,,2,,2,,2,,2,,2,,2,,2,,2,,2,,6,5,,2,2,2,2,2,2,10,7,1,,,10652,,,,,,,10652,10652,10652,1,970.5811551759487
2025,05,2528301,1,0035,1,1,20240225283011003511,1,1,1,1,2,,2,40,1,1,10,10,1984,1,,,,,,,,,,,,,,,,4110,6810,3,5,1,,1,10,0,8,8,8,8,8,0,40,,40,1,,2,,2,2,4,8500,,,,,,,,,,,,,,,1,3,1,1,1,2,2,,2,,2,,2,,2,,2,,1,1,2,,2,,2,,11,5,,2,2,2,2,2,2,10,7,1,8500,,,,,,,,2124,8500,8500,10624,1,935.7213130982566
2025,05,2683902,1,0027,1,1,20250526839021002711,1,1,1,1,2,,1,65,1,3,19,9,1959,1,,,,,,,,,,,,,,,,2212,8620,3,5,1,,1,18,0,8,8,8,8,8,5,45,,45,1,,2,,2,2,4,8500,,,,,,,,,,,,,,,1,1,1,1,2,,2,,2,,2,,2,,2,,2,,1,1,2,,2,,2,,11,7,,2,2,2,2,2,2,10,7,1,8500,,,,,,,,2124,8500,8500,10624,1,1304.6756723737665
2025,06,27268,1,0050,1,1,202403272681005013,1,4,3,1,2,,2,39,4,4,23,7,1985,1,,,,,,,,,,,,,,,,2212,5629,3,5,1,,5,2500,0,7,7,7,7,7,0,35,,35,1,,2,,2,2,4,8500,13,,,,,,,,,,,,,,1,2,2,,1,1,2,,2,,2,,2,,2,,2,,1,1,2,,2,,2,,11,7,,2,2,2,2,2,2,10,7,1,8500,390,,,,,,,1626,8890,8890,10516,1,1007.5495894559293
2025,05,22828,1,0078,1,1,202502228281007811,1,1,1,1,2,,1,34,1,1,11,9,1990,1,,,,,,,,,,,,,,,,2421,4661,3,5,1,,4,150,0,8,8,8,8,8,0,40,,40,1,,2,,2,2,4,8200,,,,,,,,,,,,,,,1,3,1,1,2,,1,1,2,,2,,2,,2,,2,,1,1,2,,2,,2,,11,5,,2,2,2,2,2,2,10,7,1,8200,,,,,,,,2132,8200,8200,10332,1,1241.8612832640085
2025,05,25262,1,0101,1,1,202405252621010111,1,1,1,1,2,,1,36,1,1,30,1,1989,1,,,,,,,,,,,,,,,,2151,4220,3,5,1,,5,998,0,10,8,8,10,8,0,44,,44,1,,2,,2,2,4,8475,,,,,,,,,,,,,,,1,3,1,1,2,,1,1,2,,2,,2,,2,,2,,1,1,2,,2,,2,,11,5,,2,2,2,2,2,2,10,7,1,8475,,,,,,,,1667,8475,8475,10142,1,1789.6242684187268
2025,06,2359501,1,0039,1,1,20250323595011003911,1,1,1,1,2,,1,38,1,1,8,8,1986,1,,,,,,,,,,,,,,,,2141,4711,3,5,1,,5,9998,0,8,8,8,8,8,5,45,,45,1,,2,,2,2,4,7600,,,,,,,,,,,,,,,1,1,1,1,2,,2,,2,,2,,2,,2,,2,,1,1,2,,2,,2,,11,5,,2,2,2,2,2,2,10,7,1,7600,,,,,,,,2500,7600,7600,10100,1,1110.3741545725525
2025,04,2566001,1,0094,1,1,20240425660011009411,1,1,1,1,2,,1,44,1,1,16,2,1981,1,,,,,,,,,,,,,,,,2221,8610,3,2,,,5,9000,7,5,12,0,12,0,0,36,36,72,1,,2,,2,2,4,6000,,,,4000,,,,,,,,,,,1,1,1,1,2,,2,,2,,2,,2,,2,,2,,2,,1,1,2,,2,,11,5,,2,2,2,2,2,2,10,1,1,6000,,,,4000,,,,83,10000,6000,10083,1,1178.2689023239427
2025,05,19698,1,0008,1,1,202505196981000812,1,2,3,1,2,,1,36,2,2,11,8,1988,1,,,,,,,,,,,,,,,,4110,8423,3,2,,,5,9998,0,8,8,8,8,8,0,40,35,75,1,,2,,2,2,4,5000,,,,5000,,,,,,,,,,,1,3,1,1,2,,1,1,2,,2,,2,,2,,2,,1,1,2,,2,,2,,11,5,,2,2,2,2,2,2,10,7,1,5000,,,,5000,,,,50,10000,5000,10050,1,1318.1216628195493
2025,06,25321,1,0136,1,1,202403253211013611,1,1,1,1,2,,2,35,1,1,18,7,1989,1,,,,,,,,,,,,,,,,2611,8413,3,2,,,5,9998,0,8,8,8,8,8,0,40,,40,1,,2,,2,2,4,10000,,,,,,,,,,,,,,,1,1,1,1,2,,2,,2,,2,,2,,2,,2,,1,1,2,,2,,2,,12,2,,2,2,2,2,2,2,10,7,1,10000,,,,,,,,50,10000,10000,10050,1,1228.1222427107268
2025,05,25327,1,0112,1,1,202402253271011211,1,1,1,1,2,,1,57,1,1,15,5,1968,1,,,,,,,,,,,,,,,,2611,8411,3,2,,,5,9998,0,8,8,8,8,8,0,40,,40,1,,2,,2,2,4,8000,,,,,,,,,,,,,,,1,1,1,1,2,,2,,2,,2,,2,,2,,2,,1,1,2,,2,,2,,12,2,,2,2,2,2,2,2,10,7,1,8000,,,,,,,,2026,8000,8000,10026,1,918.4295176550869
2025,04,2671401,1,0053,1,1,20240126714011005311,1,2,2,1,2,,1,70,2,2,4,10,1954,1,,,,,,,,,,,,,,,,1321,2220,3,5,1,,3,60,0,8,8,8,8,8,0,40,,40,1,,2,,2,2,4,8000,,,,,,,,,,,,,,,1,1,1,1,2,,2,,2,,2,,2,,2,,2,,1,1,2,,2,,2,,11,5,,2,2,2,2,2,2,10,7,1,8000,,,,,,,,2001,8000,8000,10001,1,895.9391561335481
2025,05,2627701,1,0011,1,1,20240526277011001112,1,2,2,1,2,,2,62,2,2,11,6,1962,1,,,,,,,,,,,,,,,,2421,2220,3,5,1,,2,30,0,8,8,8,0,8,0,32,,40,2,40,2,,2,2,4,8000,,,,,,,,,,,,,,,1,1,1,1,2,,2,,2,,2,,2,,2,,2,,1,1,2,,2,,2,,11,5,,2,2,2,2,2,2,10,7,1,8000,,,,,,,,2001,8000,8000,10001,1,843.4967061180223
2025,05,2672403,1,0101,1,1,20240526724031010112,1,2,2,1,2,,2,53,2,2,6,7,1971,1,,,,,,,,,,,,,,,,1169,6010,3,5,1,,4,101,0,8,8,8,0,8,0,32,,40,2,40,2,,2,2,4,8000,,,,,,,,,,,,,,,1,1,1,1,2,,2,,2,,2,,2,,2,,2,,1,1,2,,2,,2,,11,5,,2,2,2,2,2,2,10,6,1,8000,,,,,,,,2001,8000,8000,10001,1,983.1541623368333
2025,05,2485902,1,0047,1,1,20250524859021004711,1,1,1,1,2,,1,30,1,2,19,7,1994,1,,,,,,,,,,,,,,,,2143,3510,3,5,1,,5,1000,0,8,8,8,8,8,0,40,,40,1,,1,1,1,2,4,8000,,,,,,,,,,,,,,,1,3,1,1,2,,1,1,2,,2,,2,,2,,2,,1,1,2,,2,,2,,12,2,,2,2,2,2,2,2,10,7,1,8000,,,,,,,,2001,8000,8000,10001,1,776.6065706381149
2025,04,26517,1,0045,1,1,202401265171004511,1,1,1,1,2,,1,68,1,2,3,11,1956,1,,,,,,,,,,,,,,,,1321,2825,1,,1,,1,7,2,8,8,8,8,8,3,45,,45,1,,2,,2,2,,,,10000,,,,,,,,,,,,,1,1,1,5,2,,2,,2,,2,,2,,2,,2,,1,5,2,,2,,2,,11,5,,2,2,2,2,2,2,10,7,1,,,10000,,,,,,,10000,10000,10000,1,1470.873997206813
2025,04,2645802,1,0013,1,1,20240126458021001311,1,1,1,1,2,,1,70,1,2,4,3,1955,1,,,,,,,,,,,,,,,,1491,6820,1,,1,,1,12,0,9,9,9,9,9,6,51,,51,1,,2,,2,2,,,,,,,,,,,,,,,,,1,1,1,2,2,,2,,2,,2,,2,,2,,2,,1,2,2,,2,,2,,11,5,,2,2,2,2,2,2,10,7,1,,,10000,,,,,,,10000,10000,10000,1,905.9198217797558
2025,05,2642402,1,0018,1,1,20250526424021001811,1,1,1,1,2,,1,42,1,2,29,5,1982,1,,,,,,,,,,,,,,,,1133,4100,1,,1,,1,11,0,9,9,9,9,9,4,49,,49,1,,2,,2,2,,,,10000,,,,,,,,,,,,,2,3,1,2,2,,1,2,2,,2,,2,,2,,2,,1,2,2,,2,,2,,11,5,,2,2,2,2,2,2,10,6,1,,,10000,,,,,,,10000,10000,10000,1,535.7464772922389
2025,05,26700,1,0065,1,1,202505267001006511,1,1,1,1,2,,1,31,1,1,3,3,1994,1,,,,,,,,,,,,,,,,2141,6202,3,5,1,,3,60,0,8,8,8,8,15,0,47,,47,2,40,2,,2,1,4,10000,,,,,,,,,,,,,,,1,2,2,,1,2,2,,2,,2,,2,,2,,2,,1,5,2,,2,,2,,11,5,,2,2,2,2,2,2,12,7,1,10000,,,,,,,,,10000,10000,10000,1,1705.9738646543724
2025,05,2443802,1,0042,1,1,20240524438021004214,1,4,7,1,2,,1,59,4,4,29,9,1965,1,,,,,,,,,,,,,,,,3314,2511,1,,1,,1,4,0,8,8,8,8,8,8,48,,48,1,,2,,2,2,,,,10000,,,,,,,,,,,,,1,5,2,,2,,2,,2,,1,5,2,,2,,2,,2,,2,,2,,2,,11,5,,2,2,2,2,2,2,10,7,1,,,10000,,,,,,,10000,10000,10000,1,901.5153126557476
2025,05,23496,1,0011,1,1,202505234961001111,1,1,1,1,2,,1,66,1,1,2,5,1959,1,,,,,,,,,,,,,,,,2151,7120,3,5,1,,2,50,0,8,8,8,8,8,5,45,,45,1,,2,,2,2,4,10000,,,,,,,,,,,,,,,1,1,1,5,2,,2,,2,,2,,2,,2,,2,,1,5,2,,2,,2,,11,5,,2,2,2,2,2,2,10,7,1,10000,,,,,,,,,10000,10000,10000,1,1074.328814131046
2025,05,25131,1,0066,1,1,202405251311006611,1,1,1,1,2,,1,55,1,1,20,1,1970,1,,,,,,,,,,,,,,,,3314,4923,1,,1,,1,6,0,12,12,12,12,12,0,60,,60,1,,2,,2,2,,,,10000,,,,,,,,,,,,,1,5,2,,2,,2,,2,,1,5,2,,2,,2,,1,5,2,,2,,2,,9,3,,2,2,2,2,2,2,10,7,1,,,10000,,,,,,,10000,10000,10000,1,727.460568262576
2025,06,18459,2,0129,1,1,202506184592012911,1,1,1,1,2,,1,46,1,2,23,3,1979,1,,,,,,,,,,,,,,,,5212,4761,2,,1,,1,4,0,12,12,12,12,12,12,72,,72,1,,2,,2,2,,,,10000,,,,,,,,,,,,,1,2,2,,1,2,2,,2,,2,,2,,2,,2,,2,,2,,2,,2,,6,5,,2,2,2,2,2,2,10,9,1,,,10000,,,,,,,10000,10000,10000,1,465.31081521986465
2025,06,26182,1,0081,1,1,202406261821008111,1,1,1,1,2,,1,39,1,1,17,5,1986,1,,,,,,,,,,,,,,,,3314,3250,1,,1,,1,3,0,10,10,10,10,10,0,50,,50,1,,2,,2,2,,,,10000,,,,,,,,,,,,,1,1,1,2,2,,2,,2,,2,,2,,2,,2,,2,,1,5,2,,2,,9,3,,2,2,2,2,2,2,10,7,1,,,10000,,,,,,,10000,10000,10000,1,1507.5907084647
2025,06,47736,1,0086,1,1,202506477361008612,1,2,2,1,2,,1,45,2,1,8,12,1979,1,,,,,,,,,,,,,,,,1219,6202,3,5,1,,1,20,0,8,8,8,8,8,0,40,,40,1,,2,,2,2,4,,,,,,,,,,,,,,,,1,3,1,1,1,2,2,,2,,2,,2,,2,,2,,1,1,2,,2,,2,,11,5,,2,2,2,2,2,2,10,7,1,10000,,,,,,,,,10000,10000,10000,1,1350.686350583223
2025,04,27698,1,0087,1,1,202504276981008711,1,1,1,1,2,,1,42,1,1,12,12,1982,1,,,,,,,,,,,,,,,,2611,6910,3,5,1,,1,2,8,10,10,0,0,10,10,48,,48,1,,2,,2,2,4,8500,,,,,,,,,,,,,,,1,1,1,1,2,,2,,2,,2,,2,,2,,2,,2,,1,1,2,,2,,11,5,,2,2,2,2,2,2,10,7,1,8500,,,,,,,,1416,8500,8500,9916,1,997.5552803014806
2025,04,27698,1,0087,1,1,202504276981008712,1,2,6,1,2,,1,64,2,2,7,12,1960,1,,,,,,,,,,,,,,,,2631,6910,3,5,1,,1,2,8,10,10,0,0,10,10,48,,48,1,,2,,2,2,4,8500,,,,,,,,,,,,,,,1,1,1,1,2,,2,,2,,2,,2,,2,,2,,1,1,2,,2,,2,,11,5,,2,2,2,2,2,2,10,7,1,8500,,,,,,,,1416,8500,8500,9916,1,884.457582783161
2025,04,27698,1,0089,1,1,202504276981008912,1,2,2,1,2,,2,68,2,2,10,5,1956,1,,,,,,,,,,,,,,,,2211,8610,3,2,,,5,502,0,12,6,12,6,12,6,54,,54,1,,2,,2,2,4,9800,,,,,,,,,,,,,,,1,1,1,1,2,,2,,2,,2,,2,,2,,2,,1,1,2,,2,,2,,11,7,,2,2,2,2,2,2,10,7,1,9800,,,,,,,,50,9800,9800,9850,1,816.6305810150303
2025,06,25376,1,0044,1,1,202506253761004414,1,4,3,1,2,,1,36,4,1,29,11,1988,1,,,,,,,,,,,,,,,,2631,6530,3,2,,,5,998,0,8,8,8,8,8,0,40,,40,1,,2,,2,2,4,8000,,,,,,,,,,,,,,,1,1,1,1,2,,2,,2,,2,,2,,2,,2,,1,1,2,,2,,2,,11,5,,2,2,2,2,2,2,10,7,1,8000,,,,,,,,1667,8000,8000,9667,1,1276.7759570426751
2025,05,17935,2,0082,1,1,202505179352008211,1,1,1,1,2,,1,58,1,2,25,8,1966,1,,,,,,,,,,,,,,,,8343,5022,3,5,1,,3,80,16,16,16,16,16,16,16,112,,112,1,,2,,2,2,4,7000,180,,,,,,,,,,,,,,1,1,1,1,2,,2,,2,,2,,2,,2,,2,,1,1,2,,2,,2,,9,3,,2,2,2,2,2,2,10,7,1,7000,779,,,,,,,1749,7779,7779,9528,1,561.2650297707326
2025,06,29555,1,0015,1,1,202503295551001514,1,4,3,1,2,,1,25,4,4,14,2,2000,1,,,,,,,,,,,,,,,,2631,6419,3,5,1,,5,9998,0,8,8,8,8,8,8,48,4,52,1,,2,,2,2,4,6000,,,,2000,,,,,,,,,,,1,3,1,1,2,,1,1,2,,2,,2,,2,,2,,1,1,2,,2,,2,,11,5,,2,2,2,2,2,2,10,7,1,6000,,,,2000,,,,1500,8000,6000,9500,1,1049.737712489231
2025,06,29555,1,0020,1,1,202503295551002012,1,3,3,1,2,,1,54,3,3,11,6,1970,1,,,,,,,,,,,,,,,,2161,7110,2,,2,1,1,1,2,8,8,8,8,8,8,50,,50,1,,2,,2,2,,,,,,,,,,,,,,,,,1,3,1,2,1,2,2,,2,,2,,2,,2,,2,,1,5,2,,2,,2,,12,2,,2,2,2,2,2,2,10,7,1,,,9340,,,,,,,9340,9340,9340,1,930.7238386467714
2025,05,2699804,2,0072,1,1,20250526998042007211,1,1,1,1,2,,2,48,1,1,11,6,1976,1,,,,,,,,,,,,,,,,2311,8530,3,5,1,,3,60,0,8,8,8,8,8,0,40,,40,1,,2,,2,2,4,8000,,,,,,,,,,,,,,,1,1,1,1,2,,2,,2,,2,,2,,2,,2,,1,1,2,,2,,2,,12,2,,2,2,2,2,2,2,10,7,1,8000,,,,,,,,1334,8000,8000,9334,1,711.3488891483158
2025,05,22385,1,0126,1,1,202408223851012611,1,1,1,1,2,,1,39,1,2,16,7,1985,1,,,,,,,,,,,,,,,,2212,8610,3,3,,,5,9998,0,8,8,8,8,8,8,48,,48,1,,1,1,1,2,4,7000,,,,,,,,,,,,,,,1,1,1,1,2,,2,,2,,2,,2,,2,,2,,1,1,2,,2,,2,,11,7,,2,2,2,2,2,2,10,7,1,7000,,,,,,,,2282,7000,7000,9282,1,1396.9949073846442
2025,05,25705,1,0041,1,1,202402257051004111,1,1,1,1,2,,1,54,1,1,21,6,1970,1,,,,,,,,,,,,,,,,4110,1709,3,5,1,,5,2000,0,8,8,8,0,8,0,32,,48,2,48,1,1,1,2,4,6000,250,,,,,,,,,,,,,,1,1,1,1,2,,2,,2,,2,,2,,2,,2,,1,1,2,,2,,2,,8,2,,2,2,2,2,2,2,10,1,1,6000,1083,,,,,,,2182,7083,7083,9265,1,767.296305332055
2025,06,2199601,1,0081,1,1,20240621996011008111,1,1,1,1,2,,2,42,1,1,20,10,1982,1,,,,,,,,,,,,,,,,2146,729,3,5,1,,3,100,12,12,12,12,12,12,12,84,,84,1,,2,,2,2,4,5000,680,,,,,,,,,,,,,,1,3,1,1,2,,1,1,2,,2,,2,,2,,2,,1,1,2,,2,,2,,12,2,,2,2,2,2,2,2,10,7,1,5000,1279,,,,,,,2835,6279,6279,9114,1,940.9371509994147
2025,04,17842,1,0070,1,1,202404178421007012,1,2,3,1,2,,1,36,2,2,27,11,1988,1,,,,,,,,,,,,,,,,2211,8610,3,2,,,5,9998,0,8,8,0,0,8,8,32,,48,2,48,2,,2,2,4,9000,,,,,,,,,,,,,,,1,1,1,1,2,,2,,2,,2,,2,,2,,2,,2,,1,1,2,,2,,11,7,,2,2,2,2,2,2,10,7,1,9000,,,,,,,,50,9000,9000,9050,1,331.7863625201148
2025,04,2565602,1,0144,1,1,20250425656021014411,1,1,1,1,2,,2,27,1,1,21,2,1998,1,,,,,,,,,,,,,,,,2212,8610,3,2,,,5,9000,0,6,6,6,0,0,6,24,25,66,2,66,2,,2,2,4,6000,,,,3000,,,,,,,,,,,1,1,1,1,2,,2,,2,,2,,2,,2,,2,,1,1,2,,2,,2,,11,7,,2,2,2,2,2,2,10,7,1,6000,,,,3000,,,,50,9000,6000,9050,1,1324.9974666670714
2025,05,21227,1,0054,1,1,202502212271005411,1,1,1,1,2,,1,52,1,1,16,10,1972,1,,,,,,,,,,,,,,,,2611,8411,3,2,,,5,9998,0,8,8,8,8,8,0,40,,40,1,,2,,2,2,4,9000,,,,,,,,,,,,,,,1,1,1,1,2,,2,,2,,2,,2,,2,,2,,1,1,2,,2,,2,,12,2,,2,2,2,2,2,2,10,7,1,9000,,,,,,,,50,9000,9000,9050,1,844.5223640413626
2025,05,23496,1,0009,1,1,202505234961000912,1,2,2,1,2,,1,62,2,2,18,5,1963,1,,,,,,,,,,,,,,,,2311,8530,3,2,,,5,9998,0,6,8,8,8,6,3,39,13,52,1,,2,,2,2,4,5000,,,,4000,,,,,,,,,,,1,1,1,1,2,,2,,2,,2,,2,,2,,2,,1,1,2,,2,,2,,12,2,,2,2,2,2,2,2,10,7,1,5000,,,,4000,,,,50,9000,5000,9050,1,1074.328814131046
2025,04,24241,1,0079,1,1,202504242411007911,1,1,1,1,2,,2,52,1,1,5,12,1972,1,,,,,,,,,,,,,,,,3314,1071,1,,2,1,1,5,9,9,9,9,9,9,9,63,,63,1,,2,,2,2,,,,,,,,,,,,,,,,,2,5,2,,2,,2,,2,,1,4,2,,2,,2,,2,,2,,2,,2,,10,1,,2,2,2,2,2,2,10,7,1,,,9000,,,,,,,9000,9000,9000,1,861.1953901198347
2025,05,2721702,1,0007,1,1,20240227217021000711,1,1,1,1,2,,1,52,1,1,14,6,1972,1,,,,,,,,,,,,,,,,1322,3312,1,,1,,1,2,0,10,10,10,10,10,6,56,,56,1,,1,1,1,2,,,,9000,,,,,,,,,,,,,1,1,1,2,2,,2,,2,,2,,2,,2,,2,,1,2,2,,2,,2,,11,5,,2,2,2,2,2,2,10,7,1,,,9000,,,,,,,9000,9000,9000,1,873.52851985431
2025,05,2946101,1,0013,1,1,20240229461011001311,1,1,1,1,2,,1,66,1,1,18,4,1959,1,,,,,,,,,,,,,,,,4321,5222,3,5,1,,5,9998,10,10,10,9,0,0,9,48,,48,1,,2,,2,2,4,6800,,,,,,,,,,,,,,,1,3,1,1,2,,1,1,2,,2,,2,,2,,2,,2,,1,1,2,,2,,9,3,,2,2,2,2,2,2,10,7,1,6800,,,,,,,,2168,6800,6800,8968,1,1179.6777136370154
2025,04,2731801,1,0023,1,1,20250127318011002311,1,1,1,1,2,,1,51,1,1,23,6,1973,1,,,,,,,,,,,,,,,,2512,6419,3,5,1,,5,7000,0,8,8,8,8,8,0,40,,40,1,,2,,2,2,4,6000,300,,,,,,,,,,,,,,1,1,1,1,2,,2,,2,,2,,2,,2,,2,,1,1,2,,2,,2,,11,5,,2,2,2,2,2,2,10,5,1,6000,300,,,,,,,2605,6300,6300,8905,1,1139.3839240739653
2025,05,19968,1,0016,1,1,202505199681001612,1,2,2,1,2,,2,40,2,2,16,1,1985,1,,,,,,,,,,,,,,,,2311,8530,3,5,1,,5,1000,0,5,5,5,5,5,5,30,,30,1,,2,,2,2,4,6500,,,,,,,,,,,,,,,1,3,1,1,2,,1,1,2,,2,,2,,2,,2,,1,1,2,,2,,2,,12,2,,2,2,2,2,2,2,10,7,1,6500,,,,,,,,2376,6500,6500,8876,1,769.2540639664038
2025,05,24230,1,0016,1,1,202505242301001611,1,1,1,1,2,,1,40,1,1,19,6,1984,1,,,,,,,,,,,,,,,,3143,2011,3,5,1,,5,3000,0,2,9,9,9,0,0,29,,45,2,45,2,,2,2,4,6600,,,,,,,,,,,,,,,1,3,1,1,2,,1,1,2,,2,,2,,2,,2,,1,1,2,,2,,2,,11,5,,2,2,2,2,2,2,10,7,1,6600,,,,,,,,2167,6600,6600,8767,1,1205.2330109189247
2025,04,2655102,1,0047,1,1,20250426551021004712,1,2,3,1,2,,2,29,2,1,24,11,1995,1,,,,,,,,,,,,,,,,2611,6910,3,5,1,,1,20,0,8,8,8,0,0,0,24,,40,2,40,2,,2,2,4,7000,,,,,,,,,,,,,,,2,1,1,1,2,,2,,2,,2,,2,,2,,2,,2,,1,1,2,,2,,12,2,,2,2,2,2,2,2,10,8,1,7000,,,,,,,,1749,7000,7000,8749,1,1124.3662883810057
2025,05,18294,1,0008,1,1,202402182941000811,1,1,1,1,2,,1,52,1,1,10,3,1973,1,,,,,,,,,,,,,,,,6223,311,3,5,1,,5,501,0,12,12,12,0,12,0,48,,48,1,,2,,2,2,4,7000,,,,,,,,,,,,,,,2,1,1,1,2,,2,,2,,2,,2,,2,,2,,1,1,2,,2,,2,,10,2,,2,2,2,2,2,2,10,7,1,7000,,,,,,,,1749,7000,7000,8749,1,414.8051812645131
2025,05,26136,1,0101,1,1,202505261361010111,1,1,1,1,2,,1,54,1,1,20,1,1971,1,,,,,,,,,,,,,,,,1169,4321,3,5,1,,1,12,0,10,10,10,0,10,5,45,,55,2,55,2,,2,2,4,7000,,,,,,,,,,,,,,,1,1,1,1,2,,2,,2,,2,,2,,2,,2,,1,1,2,,2,,2,,12,2,,2,2,2,2,2,2,10,7,1,7000,,,,,,,,1749,7000,7000,8749,1,1486.9396571824125
2025,05,2485902,1,0045,1,1,20250524859021004511,1,1,1,1,2,,1,33,1,1,4,8,1991,1,,,,,,,,,,,,,,,,4419,8411,3,2,,,5,9998,0,8,8,8,8,8,0,40,,40,1,,2,,2,2,4,7000,,,,,,,,,,,,,,,1,1,1,1,2,,2,,2,,2,,2,,2,,2,,1,1,2,,2,,2,,6,5,,2,2,2,2,2,2,10,7,1,7000,,,,,,,,1749,7000,7000,8749,1,776.6065706381149
2025,05,19968,1,0014,1,1,202505199681001411,1,1,1,1,2,,1,48,1,1,14,3,1977,1,,,,,,,,,,,,,,,,4110,1104,3,5,1,,5,1000,0,8,8,8,8,8,0,40,,40,1,,2,,2,2,4,7000,,,,,,,,,,,,,,,1,3,1,1,2,,1,1,2,,2,,2,,2,,2,,1,1,2,,2,,2,,11,5,,2,2,2,2,2,2,10,7,1,7000,,,,,,,,1749,7000,7000,8749,1,670.6982814954182
2025,06,26537,1,0027,1,1,202506265371002711,1,1,1,1,2,,2,58,1,1,2,9,1966,1,,,,,,,,,,,,,,,,2622,8530,3,5,1,,5,9998,0,8,8,8,8,8,0,40,,40,1,,2,,2,2,4,7000,,,,,,,,,,,,,,,2,3,1,1,2,,1,2,2,,2,,2,,2,,2,,1,1,2,,2,,2,,11,5,,2,2,2,2,2,2,10,7,1,7000,,,,,,,,1749,7000,7000,8749,1,908.4649813040578
2025,06,2640901,1,0008,1,1,20250326409011000812,1,2,2,1,2,,1,59,2,2,19,2,1966,1,,,,,,,,,,,,,,,,4110,4719,3,5,1,,5,501,0,8,8,8,8,8,0,40,,40,1,,2,,2,2,4,7000,,,,,,,,,,,,,,,1,4,2,,2,,2,,1,3,2,,2,,2,,2,,2,,2,,2,,1,3,11,5,,2,2,2,2,2,2,10,7,1,7000,,,,,,,,1749,7000,7000,8749,1,894.3268172086696
2025,06,2654802,2,0005,1,1,20250626548022000512,1,2,2,1,2,,1,53,2,1,14,2,1972,1,,,,,,,,,,,,,,,,2161,7110,3,5,1,,1,4,0,10,10,10,10,10,0,50,,50,1,,2,,2,2,4,7000,,,,,,,,,,,,,,,1,3,1,1,2,,1,1,2,,2,,2,,2,,2,,1,1,2,,2,,2,,11,5,,2,2,2,2,2,2,10,7,1,7000,,,,,,,,1749,7000,7000,8749,1,730.9068921326391
2025,06,27067,1,0146,1,1,202506270671014612,1,2,2,1,2,,2,64,2,2,25,9,1960,1,,,,,,,,,,,,,,,,1167,6512,3,5,1,,1,6,0,7,7,7,7,7,0,35,,35,1,,1,1,1,2,4,7000,,,,,,,,,,,,,,,2,3,1,1,2,,1,1,2,,2,,2,,2,,2,,1,1,2,,2,,2,,11,5,,2,2,2,2,2,2,10,7,1,7000,,,,,,,,1749,7000,7000,8749,1,1140.2801838039486
2025,05,28984,1,0016,1,1,202405289841001611,1,2,2,1,2,,2,46,2,2,6,8,1978,1,,,,,,,,,,,,,,,,2411,5229,3,5,1,,4,160,0,9,9,9,9,9,0,45,,45,1,,2,,2,2,4,6330,,,,,,,,,,,,,,,1,3,1,1,2,,1,1,2,,2,,2,,2,,2,,1,1,2,,2,,2,,11,5,,2,2,2,2,2,2,10,6,1,6330,,,,,,,,2387,6330,6330,8717,1,830.2706606134789
2025,05,2683902,1,0026,2,1,20240826839021002621,1,1,1,1,2,,1,60,1,1,2,7,1964,1,,,,,,,,,,,,,,,,2151,2610,3,5,1,,4,200,0,8,8,8,8,8,5,45,,45,1,,2,,2,2,4,6500,,,,,,,,,,,,,,,1,1,1,1,2,,2,,2,,2,,2,,2,,2,,1,1,2,,2,,2,,12,2,,2,2,2,2,2,2,10,7,1,6500,,,,,,,,2168,6500,6500,8668,1,1304.6756723737665
2025,05,21352,1,0053,1,1,202505213521005311,1,1,1,1,2,,2,35,1,1,15,9,1989,1,,,,,,,,,,,,,,,,5142,9602,3,5,2,2,1,4,10,10,0,10,10,10,10,60,2,70,2,70,1,1,1,2,1,187,,,,,,3000,,,,,,,,,1,5,2,,2,,2,,2,,1,5,2,,2,,2,,2,,2,,2,,2,,6,5,,2,2,2,2,2,2,10,7,1,5610,,,,,3000,,,,8610,5610,8610,1,1112.1771208744065
2025,06,26274,1,0135,1,1,202506262741013512,1,2,2,1,2,,2,40,2,2,18,7,1984,1,,,,,,,,,,,,,,,,4110,8412,3,2,,,5,998,0,8,8,8,8,8,0,40,,40,1,,2,,2,2,4,8500,,,,,,,,,,,,,,,1,3,1,1,1,2,2,,2,,2,,2,,2,,2,,1,1,2,,2,,2,,11,5,,2,2,2,2,2,2,1,1,1,8500,,,,,,,,66,8500,8500,8566,1,1068.681811162232
2025,05,19968,1,0014,1,1,202505199681001412,1,2,2,1,2,,2,42,2,2,6,5,1983,1,,,,,,,,,,,,,,,,5221,4659,3,5,1,,3,55,0,8,8,8,8,8,0,40,,40,1,,2,,2,2,4,6000,700,,,,,,,,,,,,,,1,3,1,1,2,,1,1,2,,2,,2,,2,,2,,1,1,2,,2,,2,,11,5,,2,2,2,2,2,2,10,6,1,6000,1033,,,,,,,1500,7033,7033,8533,1,769.2540639664038
2025,05,2699002,1,0068,1,1,20240526990021006811,1,1,1,1,2,,1,46,1,2,7,11,1978,1,,,,,,,,,,,,,,,,1211,5229,3,5,1,,4,200,0,8,8,8,8,8,0,40,,40,1,,2,,2,2,4,8500,,,,,,,,,,,,,,,1,1,1,1,2,,2,,2,,2,,2,,2,,2,,1,1,2,,2,,2,,11,5,,2,2,2,2,2,2,10,7,1,8500,,,,,,,,,8500,8500,8500,1,917.7266163627577
2025,06,25376,1,0043,1,1,202506253761004311,1,1,1,1,2,,1,46,1,1,18,10,1978,1,,,,,,,,,,,,,,,,3314,4630,3,5,1,,1,6,0,8,8,8,8,8,0,40,,40,1,,2,,2,2,4,7000,,,,,,,,,,,,,,,1,1,1,1,2,,2,,2,,2,,2,,2,,2,,1,1,2,,2,,2,,9,3,,2,2,2,2,2,2,10,7,1,7000,,,,,,,,1458,7000,7000,8458,1,1132.0216523542827
2025,06,29810,1,0053,1,1,202506298101005312,1,2,2,1,2,,1,42,2,2,30,8,1982,1,,,,,,,,,,,,,,,,3115,1311,3,5,1,,4,160,0,8,8,8,8,8,5,45,18,63,1,,2,,2,2,4,3500,100,,,,,3200,,,,,,,,,1,1,1,1,2,,2,,2,,2,,2,,2,,2,,2,,1,1,2,,2,,9,3,,2,2,2,2,2,2,10,7,1,3500,433,,,,3200,,,1293,7133,3933,8426,1,1376.5829481976148
2025,06,47758,1,0001,1,1,202506477581000111,1,1,1,1,2,,1,42,1,1,19,3,1983,1,,,,,,,,,,,,,,,,3314,1410,1,,1,,1,4,0,10,10,10,10,10,6,56,,56,1,,2,,2,2,,,,8000,400,,,,,,,,,,,,1,2,2,,1,2,2,,2,,2,,2,,2,,2,,1,5,2,,2,,2,,6,5,,2,2,2,2,2,2,10,1,1,,,8000,400,,,,,,8400,8400,8400,1,973.0653740189371
2025,06,1799601,1,0037,1,1,20240617996011003711,1,1,1,1,2,,1,52,1,1,14,10,1972,2,1,,,,,,,,,,,,,,,4419,8423,3,2,,,5,9998,0,0,0,0,0,0,0,0,12,52,2,40,2,,2,2,4,4700,,,,,,2500,,,,,,,,,1,3,1,1,2,,1,1,2,,2,,2,,2,,2,,1,1,2,,2,,2,,9,3,,2,2,2,2,2,2,10,7,1,4700,,,,,2500,,,1176,7200,4700,8376,1,469.3411621867739
2025,04,26219,1,0032,1,1,202401262191003212,1,2,3,1,2,,1,38,2,2,24,6,1986,1,,,,,,,,,,,,,,,,2330,8521,3,5,1,,4,400,0,8,8,8,0,8,0,32,3,35,1,,1,1,1,2,4,8000,,,,270,,,,,,,,,,,1,2,2,,1,1,2,,2,,2,,2,,2,,2,,1,1,2,,2,,2,,12,2,,2,2,2,2,2,2,10,7,1,8000,,,,270,,,,,8270,8000,8270,1,1178.3442123923865
2025,06,2199601,1,0024,1,1,20240621996011002414,1,2,3,1,2,,2,36,2,2,17,7,1988,1,,,,,,,,,,,,,,,,2211,8610,3,2,,,5,9990,0,12,0,12,0,12,0,36,12,48,1,,2,,2,2,4,5000,50,,,3000,,,,,,,,,,,1,1,1,1,2,,2,,2,,2,,2,,2,,2,,2,,1,1,2,,2,,12,2,,2,2,2,2,2,2,10,7,1,5000,217,,,3000,,,,50,8217,5217,8267,1,940.9371509994147
2025,04,1969701,1,0027,1,1,20240119697011002711,1,1,1,1,2,,1,39,1,1,12,12,1985,1,,,,,,,,,,,,,,,,2142,4100,3,5,1,,3,100,0,8,8,8,8,8,8,48,,48,1,,2,,2,2,4,6000,1000,,,,,,,,,,,,,,1,1,1,1,2,,2,,2,,2,,2,,2,,2,,1,1,2,,2,,2,,11,5,,2,2,2,2,2,2,10,7,1,6000,1000,,,,,,,1233,7000,7000,8233,1,1380.0721741728494
2025,04,46816,1,0034,1,1,202401468161003411,1,1,1,1,2,,1,44,1,1,23,5,1980,1,,,,,,,,,,,,,,,,3213,4772,2,,2,1,1,2,0,12,12,12,12,12,0,60,24,84,1,,2,,2,2,,,,,,,,2000,,,,,,,,,1,5,2,,2,,2,,2,,1,5,2,,2,,2,,2,,2,,2,,2,,9,3,,2,2,2,2,2,2,10,7,1,,,6200,,,2000,,,,8200,6200,8200,1,1379.3560142321344
2025,05,1962301,1,0037,1,1,20240519623011003711,1,1,1,1,2,,1,39,1,1,22,8,1985,1,,,,,,,,,,,,,,,,4110,4659,3,5,1,,5,9998,0,8,8,8,8,8,8,48,,48,1,,2,,2,2,4,6000,,,,,,,,,,,,,,,1,1,1,1,2,,2,,2,,2,,2,,2,,2,,1,1,2,,2,,2,,11,5,,2,2,2,2,2,2,10,7,1,6000,,,,,,,,2167,6000,6000,8167,1,1175.548302311803
2025,06,27321,1,0058,2,1,202506273211005821,1,1,1,1,2,,1,42,1,2,16,10,1982,1,,,,,,,,,,,,,,,,4110,4659,3,5,1,,3,100,0,11,11,11,11,11,9,64,,64,1,,1,1,1,2,4,6000,250,,,,,,,,,,,,,,1,1,1,1,2,,2,,2,,2,,2,,2,,2,,1,1,2,,2,,2,,10,4,,2,2,2,2,2,2,10,7,1,6000,250,,,,,,,1917,6250,6250,8167,1,1117.9900041919702
2025,05,25903,1,0029,1,1,202405259031002912,1,2,3,1,2,,1,37,2,2,5,2,1988,1,,,,,,,,,,,,,,,,2142,4100,3,5,1,,1,17,0,9,10,8,10,11,6,54,,54,2,48,2,,2,2,4,6500,,,,,,,,,,,,,,,1,1,1,1,2,,2,,2,,2,,2,,2,,2,,1,1,2,,2,,2,,11,5,,2,2,2,2,2,2,10,7,1,6500,,,,,,,,1626,6500,6500,8126,1,886.9069614039499
2025,06,26214,1,0020,1,1,202506262141002015,1,5,4,1,2,,1,50,5,5,3,8,1974,1,,,,,,,,,,,,,,,,2311,8530,3,5,1,,5,9998,0,6,8,8,6,8,4,40,,40,1,,2,,2,2,4,6500,,,,,,,,,,,,,,,1,1,1,1,2,,2,,2,,2,,2,,2,,2,,1,1,2,,2,,2,,12,2,,2,2,2,2,2,2,10,7,1,6500,,,,,,,,1626,6500,6500,8126,1,904.6263517848946
2025,05,2018302,1,0099,1,1,20240220183021009911,1,1,1,1,2,,1,50,1,1,22,10,1974,1,,,,,,,,,,,,,,,,9411,5610,1,,3,2,1,4,10,0,8,10,8,10,10,56,,56,1,,2,,2,2,,,,,,,,,,,,,,,,,1,5,2,,2,,2,,2,,1,5,2,,2,,2,,2,,2,,2,,2,,6,5,,2,2,2,2,2,2,1,1,1,,,7825,260,,,,,,8085,8085,8085,1,1307.7982135706627
2025,05,20438,1,0012,1,1,202505204381001214,1,3,7,1,2,,1,42,3,1,8,8,1982,1,,,,,,,,,,,,,,,,1111,8423,3,2,,,5,9000,0,8,8,8,8,8,0,40,,40,1,,2,,2,2,4,8000,,,,,,,,,,,,,,,1,1,1,1,2,,2,,2,,2,,2,,2,,2,,1,1,2,,2,,2,,11,6,,2,2,2,2,2,2,10,7,1,8000,,,,,,,,83,8000,8000,8083,1,1286.722590764953
2025,05,22385,1,0126,1,1,202408223851012612,1,2,2,1,2,,2,33,2,2,27,4,1992,1,,,,,,,,,,,,,,,,2211,8610,3,3,,,5,9998,0,8,8,8,8,8,8,48,,48,1,,2,,2,2,4,7000,,,,,,,,,,,,,,,1,1,1,1,2,,2,,2,,2,,2,,2,,2,,1,1,2,,2,,2,,11,7,,2,2,2,2,2,2,10,7,1,7000,,,,,,,,1083,7000,7000,8083,1,1420.6185018420308
2025,05,2561301,1,0060,1,1,20250525613011006011,1,1,1,1,2,,2,36,1,1,18,1,1989,1,,,,,,,,,,,,,,,,2611,8412,3,2,,,5,9998,0,8,8,8,8,8,0,40,,40,1,,2,,2,1,4,8000,,,,,,,,,,,,,,,1,1,1,1,2,,2,,2,,2,,2,,2,,2,,1,1,2,,2,,2,,12,2,,2,2,2,2,2,2,10,7,1,8000,,,,,,,,50,8000,8000,8050,1,960.4810630707525
2025,06,25576,1,0135,1,1,202406255761013511,1,1,1,1,2,,2,62,1,1,17,6,1962,1,,,,,,,,,,,,,,,,2424,8412,3,2,,,5,9998,0,8,8,8,8,8,0,40,,40,1,,2,,2,2,4,8000,,,,,,,,,,,,,,,1,1,1,1,2,,2,,2,,2,,2,,2,,2,,1,1,2,,2,,2,,12,2,,2,2,2,2,2,2,10,7,1,8000,,,,,,,,50,8000,8000,8050,1,1270.2658731269667
2025,04,2658802,1,0001,1,1,20240126588021000111,1,1,1,1,2,,1,41,1,1,7,6,1983,1,,,,,,,,,,,,,,,,2631,729,3,5,1,,5,9998,0,9,9,9,9,9,0,45,,45,1,,2,,2,2,4,6500,,,,,,,,,,,,,,,1,3,1,1,2,,1,1,2,,2,,2,,2,,2,,1,1,2,,2,,2,,11,5,,2,2,2,2,2,2,10,7,1,6500,,,,,,,,1500,6500,6500,8000,1,1003.5466032592702
2025,04,26517,1,0046,1,1,202401265171004611,1,1,1,1,2,,1,69,1,1,8,3,1956,1,,,,,,,,,,,,,,,,3314,5811,1,,1,,1,10,0,8,8,8,8,8,5,45,,45,1,,2,,2,2,,,,8000,,,,,,,,,,,,,1,1,1,3,2,,2,,2,,2,,2,,2,,2,,1,3,2,,2,,2,,11,6,,2,2,2,2,2,2,10,7,1,,,8000,,,,,,,8000,8000,8000,1,1470.873997206813
2025,04,25563,1,0196,1,1,202501255631019612,1,2,3,1,2,,2,29,2,2,15,8,1995,1,,,,,,,,,,,,,,,,2212,8620,3,5,1,,1,20,0,9,9,9,9,9,0,45,,45,1,,2,,2,2,4,8000,,,,,,,,,,,,,,,1,6,2,,2,,2,,2,,2,,2,,2,,2,,2,,2,,2,,2,,11,7,,2,2,2,2,2,2,10,7,1,8000,,,,,,,,,8000,8000,8000,1,1164.0003006366499
2025,05,25659,2,0050,1,1,202505256592005011,1,1,1,1,2,,1,59,1,1,14,7,1965,1,,,,,,,,,,,,,,,,3314,4210,1,,1,,1,4,12,12,12,12,12,12,12,84,10,94,1,,2,,2,2,,,,8000,,,,,,,,,,,,,1,3,1,2,1,2,2,,2,,2,,2,,2,,2,,1,2,2,,2,,2,,11,5,,2,2,2,2,2,2,10,7,1,,,8000,,,,,,,8000,8000,8000,1,893.6096349831977
2025,05,26896,1,0024,1,1,202405268961002411,1,1,1,1,2,,1,50,1,1,21,5,1974,1,,,,,,,,,,,,,,,,3314,1392,1,,2,1,1,11,0,8,8,8,8,8,0,40,,40,1,,2,,2,2,,,,,,,,,,,,,,,,,1,5,2,,2,,2,,2,,1,5,2,,2,,2,,1,5,2,,2,,2,,9,3,,2,2,2,2,2,2,10,7,1,,,8000,,,,,,,8000,8000,8000,1,873.52851985431
2025,05,28984,1,0017,1,1,202402289841001711,1,1,1,1,2,,1,78,1,1,22,12,1946,1,,,,,,,,,,,,,,,,3314,1610,1,,1,,1,5,4,4,4,4,4,4,4,28,,50,2,50,1,1,1,2,,,,8000,,,,,,,,,,,,,1,1,1,3,2,,2,,2,,2,,2,,2,,2,,1,3,2,,2,,2,,11,5,,2,2,2,2,2,2,10,7,1,,,8000,,,,,,,8000,8000,8000,1,899.2305684036832
2025,06,26460,1,0095,1,1,202503264601009511,1,1,1,1,2,,1,33,1,1,17,8,1991,1,,,,,,,,,,,,,,,,2311,8530,3,5,1,,4,300,0,7,7,7,7,7,0,35,,35,1,,1,1,1,2,4,8000,,,,,,,,,,,,,,,1,2,2,,1,1,2,,2,,2,,2,,2,,2,,1,1,2,,2,,2,,11,5,,2,2,2,2,2,2,10,6,1,8000,,,,,,,,,8000,8000,8000,1,1154.564873384812
2025,06,2704001,1,0006,1,1,20250327040011000611,1,1,1,1,2,,1,39,1,1,28,5,1986,1,,,,,,,,,,,,,,,,2421,6810,1,,1,,1,6,0,9,9,9,9,9,8,53,,53,1,,2,,2,2,,,,8000,,,,,,,,,,,,,1,2,2,,1,2,2,,2,,2,,2,,2,,2,,1,5,2,,2,,2,,11,5,,2,2,2,2,2,2,10,7,1,,,8000,,,,,,,8000,8000,8000,1,609.9954834608186
2025,06,27268,1,0052,1,1,202403272681005211,1,1,1,1,2,,1,42,1,1,11,12,1982,1,,,,,,,,,,,,,,,,4110,8530,3,5,1,,2,50,0,8,8,8,8,8,0,40,11,51,1,,1,1,1,2,4,4000,,,,,,3000,,,,,,,,,1,1,1,1,2,,2,,2,,2,,2,,2,,2,,1,1,2,,2,,2,,11,5,,2,2,2,2,2,2,10,7,1,4000,,,,,3000,,,999,7000,4000,7999,1,990.7949555650215
2025,06,2655503,1,0037,1,1,20240626555031003711,1,1,1,1,2,,1,48,1,1,11,6,1976,1,,,,,,,,,,,,,,,,2431,7320,2,,2,2,1,1,0,8,8,8,8,8,5,45,,45,1,,2,,2,2,,,,,,,,,,,,,,,,,1,6,2,,2,,2,,2,,2,,2,,2,,2,,2,,2,,2,,2,,12,2,,2,2,2,2,2,2,10,7,1,,,7900,,,,,,,7900,7900,7900,1,864.4392644587004
2025,06,26818,2,0089,1,1,202506268182008912,1,2,2,1,2,,2,58,2,2,9,2,1967,1,,,,,,,,,,,,,,,,2611,8412,3,2,,,5,501,0,8,8,8,8,8,0,40,,40,1,,2,,2,2,4,6300,,,,,,,,,,,,,,,1,3,1,1,1,2,2,,2,,2,,2,,2,,2,,1,1,2,,2,,2,,11,6,,2,2,2,2,2,2,10,7,1,6300,,,,,,,,1575,6300,6300,7875,1,1104.342493429058
2025,05,20132,1,0011,1,1,202505201321001111,1,1,1,1,2,,1,40,1,1,21,2,1985,1,,,,,,,,,,,,,,,,4110,8010,3,4,1,,5,2000,0,8,8,8,8,8,0,40,,40,1,,2,,2,2,4,6000,,,,,,,,,,,,,,,1,1,1,1,2,,2,,2,,2,,2,,2,,2,,1,1,2,,2,,2,,12,2,,2,2,2,2,2,2,10,7,1,6000,,,,,,,,1842,6000,6000,7842,1,1543.5538559013753
2025,06,29810,1,0053,1,1,202506298101005311,1,1,1,1,2,,2,34,1,1,18,11,1990,1,,,,,,,,,,,,,,,,4313,1311,3,5,1,,4,160,0,8,8,8,8,8,5,45,3,50,2,50,1,1,1,2,4,4200,100,,,,,1500,,,,,,,,,1,1,1,1,2,,2,,2,,2,,2,,2,,2,,1,1,2,,2,,2,,11,5,,2,2,2,2,2,2,10,7,1,4200,433,,,,1500,,,1592,6133,4633,7725,1,1399.8613704261218
2025,04,2671502,1,0005,1,1,20250126715021000511,1,1,1,1,2,,1,56,1,2,7,4,1969,1,,,,,,,,,,,,,,,,2611,6910,2,,2,2,1,1,0,8,8,8,0,0,0,24,,24,1,,2,,2,2,,,,,,,,,,,,,,,,,1,2,2,,1,2,2,,2,,2,,2,,2,,2,,2,,2,,2,,2,,12,2,,2,2,2,2,2,2,10,7,1,,,7700,,,,,,,7700,7700,7700,1,1395.955898343696
2025,04,2671502,1,0005,1,1,20250126715021000512,1,2,2,1,2,,2,57,2,2,22,3,1968,1,,,,,,,,,,,,,,,,2611,6910,2,,2,2,1,1,0,8,8,8,0,0,0,24,,40,2,40,2,,2,2,,,,,,,,,,,,,,,,,1,2,2,,1,2,2,,2,,2,,2,,2,,2,,1,5,2,,2,,2,,12,2,,2,2,2,2,2,2,10,7,1,,,7700,,,,,,,7700,7700,7700,1,1288.903276456227
2025,04,18414,1,0052,1,1,202504184141005211,1,1,1,1,2,,1,49,1,1,1,4,1976,1,,,,,,,,,,,,,,,,2642,6020,3,5,1,,3,55,0,8,8,8,8,8,0,40,,40,1,,2,,2,2,4,7000,,,,,,,,,,,,,,,2,3,1,1,2,,1,1,2,,2,,2,,2,,2,,1,1,2,,2,,2,,11,5,,2,2,2,2,2,2,10,6,1,7000,,,,,,,,666,7000,7000,7666,1,392.0648137032541
2025,04,2347601,1,0014,1,1,20240423476011001411,1,1,1,1,2,,1,62,1,1,17,8,1962,1,,,,,,,,,,,,,,,,4419,8412,3,3,,,5,9998,0,8,8,8,8,8,0,40,,40,1,,2,,2,2,4,5865,,,,,,,,,,,,,,,1,1,1,1,2,,2,,2,,2,,2,,2,,2,,1,1,2,,2,,2,,10,1,,2,2,2,2,2,2,10,7,1,5865,,,,,,,,1800,5865,5865,7665,1,899.0480037823772
2025,05,29593,1,0113,1,1,202502295931011311,1,1,1,1,2,,1,66,1,1,14,11,1958,1,,,,,,,,,,,,,,,,1211,4663,3,5,1,,3,100,0,8,8,8,8,8,0,40,,40,1,,1,1,1,2,4,6000,19,,,,,,,,,,,,,,1,1,1,1,2,,2,,2,,2,,2,,2,,2,,1,1,2,,2,,2,,11,5,,2,2,2,2,2,2,10,6,1,6000,570,,,,,,,1084,6570,6570,7654,1,887.2488622929218
2025,06,2692202,1,0070,1,1,20250626922021007012,1,2,2,1,2,,2,41,2,2,28,9,1983,1,,,,,,,,,,,,,,,,9629,7490,2,,3,2,1,1,1,6,6,6,6,6,4,35,,35,1,,1,1,1,2,,,,,,,,,,,,,,,,,1,3,1,4,2,,1,4,2,,2,,2,,2,,2,,1,5,2,,2,,2,,11,5,,2,2,2,2,2,2,10,7,1,,,7600,,,,,,,7600,7600,7600,1,1054.5141739778667
2025,06,2359501,1,0041,1,1,20250323595011004111,1,1,1,1,2,,1,29,1,1,2,12,1995,1,,,,,,,,,,,,,,,,2161,4100,3,5,1,,2,30,0,8,8,8,8,8,8,48,,48,1,,2,,2,2,4,6000,,,,,,,,,,,,,,,1,1,1,1,2,,2,,2,,2,,2,,2,,2,,1,1,2,,2,,2,,11,5,,2,2,2,2,2,2,10,7,1,6000,,,,,,,,1583,6000,6000,7583,1,1110.3741545725525
2025,05,25262,1,0101,1,1,202405252621010112,1,2,2,1,2,,2,36,2,2,24,3,1989,1,,,,,,,,,,,,,,,,4110,4630,3,5,1,,5,998,0,8,8,8,8,8,8,48,,48,1,,2,,2,2,4,6000,,,,,,,,,,,,,,,1,3,1,1,2,,1,1,2,,2,,2,,2,,2,,1,1,2,,2,,2,,11,5,,2,2,2,2,2,2,10,7,1,6000,,,,,,,,1575,6000,6000,7575,1,1819.8873407640438
2025,04,17995,2,0143,1,1,202504179952014311,1,1,1,1,2,,1,37,1,1,4,8,1987,1,,,,,,,,,,,,,,,,2144,2593,3,5,1,,4,200,0,8,8,8,8,8,0,40,,40,1,,2,,2,2,4,6000,,,,,,,,,,,,,,,1,3,1,1,2,,1,1,2,,2,,2,,2,,2,,1,1,2,,2,,2,,11,5,,2,2,2,2,2,2,10,7,1,6000,,,,,,,,1567,6000,6000,7567,1,635.1761785191813
2025,06,27224,1,0165,1,1,202503272241016512,1,2,2,1,2,,2,68,2,2,25,7,1956,1,,,,,,,,,,,,,,,,2221,8610,3,2,,,5,9998,0,6,6,12,6,6,0,36,,36,1,,1,1,1,2,4,7500,,,,,,,,,,,,,,,1,3,1,1,1,2,2,,2,,2,,2,,2,,2,,2,,1,1,2,,2,,11,5,,2,2,2,2,2,2,10,7,1,7500,,,,,,,,50,7500,7500,7550,1,902.366134717649
2025,06,49910,1,0250,1,1,202403499101025011,1,1,1,1,2,,1,52,1,1,4,9,1972,1,,,,,,,,,,,,,,,,2631,8413,3,2,,,5,9998,0,8,8,8,8,8,0,40,,40,1,,2,,2,2,4,7500,,,,,,,,,,,,,,,1,1,1,1,2,,2,,2,,2,,2,,2,,2,,1,1,2,,2,,2,,11,5,,2,2,2,2,2,2,10,7,1,7500,,,,,,,,50,7500,7500,7550,1,887.1537870766409
2025,06,2570202,1,0043,1,1,20250625702021004311,1,1,1,1,2,,1,43,1,1,28,6,1982,1,,,,,,,,,,,,,,,,2142,7110,3,5,1,,5,1000,0,8,8,8,8,8,6,46,6,52,2,46,2,,2,2,4,5000,,,,,,1500,,,,,,,,,1,3,1,1,2,,1,1,2,,2,,2,,2,,2,,2,,1,1,2,,2,,11,5,,2,2,2,2,2,2,10,7,1,5000,,,,,1500,,,1042,6500,5000,7542,1,910.2448520195371
2025,05,2561301,1,0062,1,1,20250525613011006211,1,1,1,1,2,,2,39,1,1,4,3,1986,1,,,,,,,,,,,,,,,,2221,8610,3,3,,,5,9998,8,5,10,8,10,0,5,46,,46,1,,1,1,1,2,4,6800,,,,,,,,,,,,,,,1,1,1,1,2,,2,,2,,2,,2,,2,,2,,1,1,2,,2,,2,,12,2,,2,2,2,2,2,2,10,7,1,6800,,,,,,,,709,6800,6800,7509,1,960.4810630707525
2025,04,26335,2,0026,1,1,202504263352002611,1,1,1,1,2,,1,45,1,1,2,11,1979,1,,,,,,,,,,,,,,,,2142,4100,3,5,1,,2,50,0,8,8,8,8,8,0,40,,40,1,,2,,2,2,4,6000,,,,,,,,,,,,,,,1,1,1,1,2,,2,,2,,2,,2,,2,,2,,1,1,2,,2,,2,,12,2,,2,2,2,2,2,2,10,6,1,6000,,,,,,,,1500,6000,6000,7500,1,949.8425382811978
2025,04,2625902,1,0011,1,1,20240426259021001111,1,1,1,1,2,,1,54,1,1,16,1,1971,1,,,,,,,,,,,,,,,,4110,4100,3,5,1,,1,18,0,9,9,9,9,9,9,54,,54,1,,2,,2,2,4,6000,,,,,,,,,,,,,,,1,1,1,1,2,,2,,2,,2,,2,,2,,2,,1,1,2,,2,,2,,11,5,,2,2,2,2,2,2,10,7,1,6000,,,,,,,,1500,6000,6000,7500,1,843.5635198481601
2025,04,26515,1,0075,1,1,202501265151007511,1,1,1,1,2,,2,61,1,1,1,6,1963,1,,,,,,,,,,,,,,,,2643,7490,2,,2,2,1,1,0,8,8,8,8,8,0,40,,40,1,,2,,2,2,,,,,,,,,,,,,,,,,1,1,1,2,2,,2,,2,,2,,2,,2,,2,,1,5,2,,2,,2,,11,5,,2,2,2,2,2,2,10,7,1,,,7500,,,,,,,7500,7500,7500,1,1126.2236374707343
2025,04,26515,1,0075,1,1,202501265151007512,1,2,3,1,2,,1,35,2,2,12,12,1989,1,,,,,,,,,,,,,,,,2611,6910,1,,1,,1,3,0,8,8,8,8,8,8,48,,48,1,,2,,2,2,,,,7500,,,,,,,,,,,,,1,2,2,,1,2,2,,2,,2,,2,,2,,2,,1,5,2,,2,,2,,12,2,,2,2,2,2,2,2,10,7,1,,,7500,,,,,,,7500,7500,7500,1,1375.738751986063
2025,04,26613,1,0070,1,1,202504266131007011,1,1,1,1,2,,1,68,1,1,9,4,1957,1,,,,,,,,,,,,,,,,5111,5110,3,5,1,,5,9998,0,12,0,12,0,12,0,36,,36,1,,2,,2,2,4,6000,,,,,,,,,,,,,,,1,1,1,1,2,,2,,2,,2,,2,,2,,2,,1,1,2,,2,,2,,10,3,,2,2,2,2,2,2,10,7,1,6000,,,,,,,,1500,6000,6000,7500,1,1298.1297751312288
2025,04,2694701,1,0066,1,1,20240426947011006611,1,1,1,1,2,,1,52,1,1,7,9,1972,1,,,,,,,,,,,,,,,,2211,8610,3,5,1,,5,3000,0,8,12,8,0,0,0,28,,43,2,43,2,,2,2,4,7500,,,,,,,,,,,,,,,1,3,1,1,2,,1,4,2,,2,,2,,2,,2,,1,1,2,,2,,2,,12,2,,2,2,2,2,2,2,10,7,1,7500,,,,,,,,,7500,7500,7500,1,972.3218868665588
2025,04,26517,1,0045,1,1,202401265171004512,1,2,2,1,2,,2,62,2,2,9,10,1962,1,,,,,,,,,,,,,,,,1211,6820,3,5,1,,3,60,0,8,8,8,8,8,8,48,,48,1,,2,,2,2,4,6000,,,,,,,,,,,,,,,1,3,1,1,2,,1,1,2,,2,,2,,2,,2,,1,1,2,,2,,2,,11,5,,2,2,2,2,2,2,10,7,1,6000,,,,,,,,1500,6000,6000,7500,1,1358.0760799847014
2025,04,1778902,1,0035,1,1,20240417789021003511,1,1,1,1,2,,1,56,1,2,4,9,1968,1,,,,,,,,,,,,,,,,2251,8610,3,3,,,5,9998,0,6,6,6,6,6,6,36,,36,1,,2,,2,2,4,6000,,,,,,,,,,,,,,,1,1,1,1,2,,2,,2,,2,,2,,2,,2,,2,,1,1,2,,2,,12,2,,2,2,2,2,2,2,10,7,1,6000,,,,,,,,1500,6000,6000,7500,1,281.49511283004216
2025,04,1847901,1,0111,1,1,20250418479011011111,1,1,1,1,2,,1,66,1,1,19,12,1958,2,1,,,,,,,,,,,,,,,8343,5222,3,5,1,,5,2000,0,0,0,0,0,0,0,0,,48,2,48,2,,2,2,4,6000,,,,,,,,,,,,,,,1,3,1,1,2,,1,1,2,,2,,2,,2,,2,,1,1,2,,2,,2,,10,2,,2,2,2,2,2,2,10,7,1,6000,,,,,,,,1500,6000,6000,7500,1,383.4005207299847
2025,04,26470,1,0068,1,1,202401264701006811,1,1,1,1,2,,1,38,1,1,14,12,1986,1,,,,,,,,,,,,,,,,2152,2710,3,5,1,,4,500,0,8,8,8,8,8,0,40,,40,1,,2,,2,2,4,6000,,,,,,,,,,,,,,,1,1,1,1,2,,2,,2,,2,,2,,2,,2,,1,1,2,,2,,2,,12,2,,2,2,2,2,2,2,10,7,1,6000,,,,,,,,1500,6000,6000,7500,1,1034.7928749648315
2025,05,20507,1,0123,1,1,202505205071012313,1,3,3,1,2,,2,36,3,3,21,8,1988,1,,,,,,,,,,,,,,,,2411,4659,3,5,1,,4,180,0,12,12,8,12,8,0,52,,52,2,48,1,2,2,2,4,6000,,,,,,,,,,,,,,,1,3,1,1,2,,1,1,2,,2,,2,,2,,2,,1,1,2,,2,,2,,11,5,,2,2,2,2,2,2,10,7,1,6000,,,,,,,,1500,6000,6000,7500,1,1230.676945000107
2025,05,26398,1,0088,1,1,202502263981008813,1,3,3,1,2,,2,35,3,1,3,2,1990,1,,,,,,,,,,,,,,,,4416,8413,3,2,,,5,9998,0,8,8,8,8,8,0,40,,40,1,,2,,2,2,4,6000,,,,,,,,,,,,,,,1,1,1,1,2,,2,,2,,2,,2,,2,,2,,1,1,2,,2,,2,,11,5,,2,2,2,2,2,2,10,6,1,6000,,,,,,,,1500,6000,6000,7500,1,1006.189152312978
2025,05,26466,1,0057,1,1,202402264661005713,1,3,3,1,2,,2,50,3,3,28,7,1974,1,,,,,,,,,,,,,,,,2212,8610,3,5,1,,5,600,0,12,0,12,0,12,0,36,,36,1,,2,,2,2,4,6000,,,,,,,,,,,,,,,1,1,1,1,2,,2,,2,,2,,2,,2,,2,,1,1,2,,2,,2,,11,7,,2,2,2,2,2,2,10,7,1,6000,,,,,,,,1500,6000,6000,7500,1,823.1693253909756
2025,05,2528402,1,0011,1,1,20250525284021001111,1,1,1,1,2,,1,65,1,1,9,9,1959,1,,,,,,,,,,,,,,,,2611,8411,3,2,,,5,9998,0,8,8,8,8,8,0,40,,40,1,,1,1,1,2,4,6000,,,,,,,,,,,,,,,1,1,1,1,2,,2,,2,,2,,2,,2,,2,,1,1,2,,2,,2,,12,2,,2,2,2,2,2,2,10,5,1,6000,,,,,,,,1500,6000,6000,7500,1,883.582851064786
2025,05,2653302,1,0051,1,1,20250526533021005111,1,1,1,1,2,,2,49,1,1,23,1,1976,1,,,,,,,,,,,,,,,,2142,7110,3,5,1,,2,40,0,10,10,10,10,10,0,50,,50,1,,1,1,1,2,4,6000,,,,,,,,,,,,,,,1,3,1,1,2,,1,1,2,,2,,2,,2,,2,,1,1,2,,2,,2,,11,5,,2,2,2,2,2,2,10,7,1,6000,,,,,,,,1500,6000,6000,7500,1,880.0710897018552
2025,05,2693901,1,0017,1,1,20240226939011001711,1,1,1,1,2,,1,68,1,1,30,1,1957,1,,,,,,,,,,,,,,,,2421,6492,3,5,1,,5,9998,0,8,8,8,8,8,0,40,,40,1,,2,,2,2,4,6000,,,,,,,,,,,,,,,1,3,1,1,2,,1,1,2,,2,,2,,2,,2,,1,1,2,,2,,2,,12,2,,2,2,2,2,2,2,10,8,1,6000,,,,,,,,1500,6000,6000,7500,1,928.1021884709828
2025,06,26837,1,0102,1,1,202503268371010211,1,1,1,1,2,,1,47,1,1,30,3,1978,1,,,,,,,,,,,,,,,,2144,4659,3,5,1,,3,60,0,9,9,9,9,9,5,50,,50,1,,2,,2,2,4,6000,,,,,,,,,,,,,,,1,1,1,1,2,,2,,2,,2,,2,,2,,2,,1,1,2,,2,,2,,11,5,,2,2,2,2,2,2,10,7,1,6000,,,,,,,,1500,6000,6000,7500,1,1392.456353113908
2025,06,27806,1,0083,1,1,202503278061008311,1,1,1,1,2,,1,61,1,1,25,7,1963,2,1,,,,,,,,,,,,,,,1167,8291,3,5,1,,4,200,0,0,0,0,0,0,0,0,,40,2,40,2,,2,2,4,6000,,,,,,,,,,,,,,,1,1,1,1,2,,2,,2,,2,,2,,2,,2,,1,1,2,,2,,2,,12,2,,2,2,2,2,2,2,10,7,1,6000,,,,,,,,1500,6000,6000,7500,1,1007.5619957280796
2025,06,29555,1,0015,1,1,202503295551001515,1,5,3,1,2,,2,25,5,5,14,2,2000,1,,,,,,,,,,,,,,,,2211,8610,3,5,1,,5,9998,0,12,12,12,12,12,10,70,,70,2,40,2,,2,2,4,7500,,,,,,,,,,,,,,,1,1,1,1,2,,2,,2,,2,,2,,2,,2,,1,1,2,,2,,2,,11,7,,2,2,2,2,2,2,10,7,1,7500,,,,,,,,,7500,7500,7500,1,1067.4890857228645
2025,06,29798,1,0078,1,1,202506297981007811,1,1,1,1,2,,1,25,1,1,15,6,2000,1,,,,,,,,,,,,,,,,2142,8411,3,2,,,5,9998,8,8,8,8,8,8,8,56,12,68,1,,2,,2,2,4,4500,,,,,,3000,,,,,,,,,2,5,2,,2,,2,,2,,1,5,2,,2,,2,,2,,2,,2,,2,,12,1,,2,2,2,2,2,2,10,7,1,4500,,,,,3000,,,,7500,4500,7500,1,808.7902661130048
2025,06,26274,1,0012,1,1,202506262741001211,1,1,1,1,2,,1,58,1,1,15,4,1967,1,,,,,,,,,,,,,,,,1323,4100,3,5,1,,1,14,0,10,10,10,10,10,10,60,,60,1,,2,,2,2,4,6000,,,,,,,,,,,,,,,1,1,1,1,2,,2,,2,,2,,2,,2,,2,,1,1,2,,2,,2,,11,5,,2,2,2,2,2,2,10,7,1,6000,,,,,,,,1500,6000,6000,7500,1,931.763753728084
