ANIO,MES,CONGLOMERADO,MUESTRA,SELVIV,HOGAR,REGION,LLAVE_PANEL,ESTRATO,C201,C203,C204,C205,C206,C207,C208,C300n,NROINF,C301_DIA,C301_MES,C301_ANIO,C303,C304,C305,C306_1,C306_2,C306_3,C306_4,C306_5,C306_6,C306_7,C306_8,C306_9,C306_10,C306_10A,C306_11,C306A,C308_COD,C309_COD,C310,C311,C312,C313,C317,C317A,C318_1,C318_2,C318_3,C318_4,C318_5,C318_6,C318_7,C318_T,C328_T,whoraT,C330,C331,C333,C334,P209H,C335,C338,C339_1,C341_T,C342,C344,C345_1,C347_T,C348,C350,C352,C353,C354,C355,C356,C357_I,C358,C359,SEGURO1,C361_1,C362_1,C361_2,C362_2,C361_3,C362_3,C361_4,C362_4,C361_5,C362_5,C361_6,C362_6,C361_7,C362_7,C361_8,C362_8,C364_1,C365_1,C364_2,C365_2,C364_3,C365_3,C364_4,C365_4,C366,C366_1,C366_2,C375_1,C375_2,C375_3,C375_4,C375_5,C375_6,C376,C377,OCUP300,I339_1,D341_T,I342,D344,I345_1,I348,D347_T,D350,D351_T,INGTOT,INGTOTP,ingtrabw,RESIDENT,fa_jas25
2025,07,1797302,2,0122,1,1,20250717973022012211,1,1,1,1,2,,2,27,1,1,14,10,1997,1,,,,,,,,,,,,,,,,3314,2824,3,5,1,,3,80,0,8,8,8,8,8,0,40,,40,1,,2,,2,2,4,2500,,,,,,,,,,,,,,,1,1,1,1,2,,2,,2,,2,,2,,2,,2,,1,1,2,,2,,2,,9,3,,2,2,2,2,2,2,10,7,1,2500,,,,,,,,166,2500,2500,2666,1,791.0990470804874
2025,07,1797302,2,0125,1,1,20250717973022012511,1,1,1,1,2,,2,52,1,1,17,1,1973,1,,,,,,,,,,,,,,,,2342,8510,3,2,,,5,1000,0,6,6,6,6,6,0,30,,30,1,,2,,2,2,4,1400,,,,,,,,,,,,,,,1,1,1,1,2,,2,,2,,2,,2,,2,,2,,1,1,2,,2,,2,,9,3,,2,2,2,2,2,2,10,7,1,1400,,,,,,,,,1400,1400,1400,1,662.6716685350572
2025,07,1797302,2,0125,1,1,20250717973022012512,1,2,2,1,2,,1,62,2,2,1,2,1963,1,,,,,,,,,,,,,,,,8331,4921,1,,3,2,1,2,0,12,12,12,12,12,15,75,,75,1,,2,,2,2,,,,,,,,,,,,,,,,,1,5,2,,2,,2,,2,,1,5,2,,2,,2,,2,,2,,2,,2,,6,5,,1,2,2,2,2,2,10,7,1,,,1700,,,,,,,1700,1700,1700,1,733.2734079451852
2025,07,1797302,2,0125,1,1,20250717973022012513,1,3,3,1,2,,1,22,3,3,20,11,2002,1,,,,,,,,,,,,,,,,7231,4520,3,5,3,2,1,3,0,8,8,8,8,8,8,48,,48,1,,2,,2,2,2,300,,,,,,,,,,,,,,,2,6,2,,2,,2,,2,,2,,2,,2,,2,,2,,2,,2,,2,,9,3,,2,2,2,2,2,2,10,7,1,1299,,,,,,,,,1299,1299,1299,1,693.6425498115913
2025,07,1797302,2,0125,1,1,20250717973022012514,1,4,3,1,2,,1,17,4,4,18,2,2008,2,2,2,2,2,2,2,2,2,2,2,2,2,2,2,2,,,,,,,,,,,,,,,,,,,,,,,,,,,,,,,,,,2,5,1,1,3,,,1,5,2,,2,,2,,2,,1,5,2,,2,,2,,2,,2,,2,,2,,6,5,,2,2,2,2,2,2,10,7,4,,,,,,,,,,,,,1,693.6425498115913
2025,07,1797302,2,0262,1,1,20250717973022026211,1,1,1,1,2,,1,68,1,1,29,6,1957,2,2,2,2,2,2,2,2,2,2,2,2,2,2,2,2,,,,,,,,,,,,,,,,,,,,,,,,,,,,,,,,,,2,6,1,1,3,,,1,6,2,,2,,2,,2,,2,,2,,2,,2,,2,,2,,2,,2,,4,5,,2,2,2,2,2,2,10,7,4,,,,,,,,,,,,,1,733.2734079451852
2025,07,18237,1,0073,1,1,202507182371007311,1,1,1,1,2,,1,91,1,1,25,12,1933,2,2,2,2,2,2,2,2,2,2,2,2,2,2,2,2,,,,,,,,,,,,,,,,,,,,,,,,,,,,,,,,,,2,6,2,2,3,,,1,1,1,3,2,,2,,2,,2,,2,,2,,2,,1,3,2,,2,,2,,4,5,,2,2,2,2,2,2,1,1,4,,,,,,,,,,,,,1,527.8071204995628
2025,07,18237,1,0075,1,1,202507182371007511,1,1,1,1,2,,2,61,1,1,13,4,1964,1,,,,,,,,,,,,,,,,5212,4761,2,,2,2,1,1,4,12,12,12,12,12,6,70,,70,1,,2,,2,2,,,,,,,,,,,,,,,,,1,5,2,,2,,2,,2,,1,5,2,,2,,2,,1,5,2,,2,,2,,9,3,,2,2,2,2,2,2,10,7,1,,,550,20,,,,,,570,570,570,1,476.98828488305855
2025,07,18237,1,0077,1,1,202507182371007711,1,1,1,1,2,,1,49,1,1,3,2,1976,1,,,,,,,,,,,,,,,,7212,4290,3,5,1,,4,200,0,8,8,8,8,8,5,45,,45,1,,2,,2,2,4,2500,,,,,,,,,,,,,,,1,1,1,1,2,,2,,2,,2,,2,,2,,2,,1,1,2,,2,,2,,6,5,,2,2,2,2,2,2,10,6,1,2500,,,,,,,,492,2500,2500,2992,1,527.8071204995628
2025,07,18237,1,0077,1,1,202507182371007712,1,2,2,1,2,,2,47,2,2,11,12,1977,1,,,,,,,,,,,,,,,,4132,8219,2,,3,2,1,1,0,0,0,2,2,0,0,4,2,6,1,,2,,2,2,,,,,,,,40,,,,,,,,,1,5,2,,2,,2,,2,,1,5,2,,2,,2,,1,5,2,,2,,2,,9,3,,2,2,2,2,2,2,10,7,1,,,120,,,40,,,,160,120,160,1,476.98828488305855
2025,07,18237,1,0077,1,1,202507182371007713,1,3,3,1,2,,1,18,3,1,12,10,2006,1,,,,,,,,,,,,,,,,7212,3313,3,5,1,,3,70,0,8,8,8,8,8,5,45,,45,1,,2,,2,2,4,1200,,,,,,,,,,,,,,,1,1,1,1,2,,2,,2,,2,,2,,2,,2,,1,1,2,,2,,2,,5,4,,2,2,2,2,2,2,10,7,1,1200,,,,,,,,,1200,1200,1200,1,499.2809951992674
2025,07,18237,1,0077,1,1,202507182371007714,1,4,3,1,2,,1,14,4,4,7,5,2011,2,2,2,2,2,2,2,2,2,2,2,2,2,2,2,2,,,,,,,,,,,,,,,,,,,,,,,,,,,,,,,,,,2,4,2,2,3,,,2,5,2,,2,,2,,2,,1,5,2,,2,,2,,2,,2,,2,,2,,5,1,,2,2,2,2,2,2,10,7,4,,,,,,,,,,,,,1,499.2809951992674
2025,07,18237,1,0213,1,1,202507182371021311,1,1,1,1,2,,1,59,1,1,30,11,1965,1,,,,,,,,,,,,,,,,9112,9491,3,5,1,,1,14,0,8,8,8,8,8,8,48,,48,1,,2,,2,2,4,1225,,,,,,,,,,,,,,,1,1,1,1,2,,2,,2,,2,,2,,2,,2,,2,,1,1,2,,2,,5,4,,2,2,2,2,2,2,10,7,1,1225,,,,,,,,249,1225,1225,1474,1,527.8071204995628
2025,07,18237,1,0213,1,1,202507182371021312,1,2,7,1,2,,2,61,2,2,21,1,1964,1,,,,,,,,,,,,,,,,5329,8620,3,5,1,,2,23,0,11,11,11,11,11,5,60,,60,1,,1,1,1,2,4,2000,,,,,,,,,,,,,,,1,1,1,1,2,,2,,2,,2,,2,,2,,2,,1,1,2,,2,,2,,6,5,,2,2,2,2,2,2,10,7,1,2000,,,,,,,,475,2000,2000,2475,1,476.98828488305855
2025,07,18373,1,0132,1,1,202507183731013211,1,1,1,1,2,,1,40,1,1,14,4,1985,1,,,,,,,,,,,,,,,,5414,8010,3,4,1,,3,100,0,12,12,12,12,12,12,72,,72,1,,2,,2,2,4,2100,,,,,,,,,,,,,,,1,1,1,1,2,,2,,2,,2,,2,,2,,2,,1,1,2,,2,,2,,6,5,,2,2,2,2,2,2,10,7,1,2100,,,,,,,,427,2100,2100,2527,1,446.6087248091195
2025,07,18373,1,0133,1,1,202507183731013311,1,1,1,1,2,,2,37,1,1,30,4,1988,1,,,,,,,,,,,,,,,,9112,8121,2,,3,2,1,1,0,0,4,0,0,0,4,8,,8,1,,2,,2,2,,,,,,,,,,,,,,,,,1,5,2,,2,,2,,2,,1,5,2,,2,,2,,2,,2,,2,,2,,6,5,,2,2,2,2,2,2,10,7,1,,,400,,,,,,,400,400,400,1,438.31390297121493
2025,07,18373,1,0133,1,1,202507183731013312,1,2,3,1,2,,1,13,,,,,,,,,,,,,,,,,,,,,,,,,,,,,,,,,,,,,,,,,,,,,,,,,,,,,,,,,,,,,,,,,,,,,,,,,,,,,,,,,,,,,,,,,,,,,,,,,,,,,,,,,,,,,,,,1,
2025,07,18373,1,0133,1,1,202507183731013313,1,3,3,1,2,,1,7,,,,,,,,,,,,,,,,,,,,,,,,,,,,,,,,,,,,,,,,,,,,,,,,,,,,,,,,,,,,,,,,,,,,,,,,,,,,,,,,,,,,,,,,,,,,,,,,,,,,,,,,,,,,,,,,1,
2025,07,18373,1,0133,1,1,202507183731013314,1,4,3,1,2,,1,5,,,,,,,,,,,,,,,,,,,,,,,,,,,,,,,,,,,,,,,,,,,,,,,,,,,,,,,,,,,,,,,,,,,,,,,,,,,,,,,,,,,,,,,,,,,,,,,,,,,,,,,,,,,,,,,,1,
2025,07,18373,1,0134,1,1,202507183731013411,1,1,1,1,2,,2,69,1,1,29,6,1956,2,2,2,2,2,2,2,2,2,2,2,2,2,2,2,2,,,,,,,,,,,,,,,,,,,,,,,,,,,,,,,,,,2,5,1,1,7,,,1,1,1,5,2,,2,,2,,2,,2,,2,,2,,2,,2,,2,,2,,5,3,,2,2,2,2,2,2,10,7,3,,,,,,,,,,,,,1,367.15782492213845
2025,07,18373,1,0134,1,1,202507183731013412,1,2,3,1,2,,2,41,2,2,2,11,1983,1,,,,,,,,,,,,,,,,4419,8411,3,2,,,5,1000,0,9,9,9,9,9,0,45,,45,1,,2,,2,2,4,2200,,,,,,,,,,,,,,,1,1,1,5,2,,2,,2,,2,,2,,2,,2,,1,5,2,,2,,2,,6,5,,2,2,2,2,2,2,10,8,1,2200,,,,,,,,,2200,2200,2200,1,438.31390297121493
2025,07,18373,1,0134,1,1,202507183731013413,1,3,5,1,2,,1,9,,,,,,,,,,,,,,,,,,,,,,,,,,,,,,,,,,,,,,,,,,,,,,,,,,,,,,,,,,,,,,,,,,,,,,,,,,,,,,,,,,,,,,,,,,,,,,,,,,,,,,,,,,,,,,,,1,
2025,07,18373,1,0134,1,1,202507183731013414,1,4,3,1,2,,2,30,4,4,1,8,1994,2,2,2,2,2,2,2,2,2,2,2,2,2,2,2,2,,,,,,,,,,,,,,,,,,,,,,,,,,,,,,,,,,1,5,1,1,13,5,3,1,5,2,,2,,2,,2,,1,5,2,,2,,2,,1,5,2,,2,,2,,6,5,,2,2,2,2,2,2,10,7,2,,,,,,,,,,,,,1,438.31390297121493
2025,07,18373,1,0134,1,1,202507183731013415,1,5,5,1,2,,1,16,5,5,4,5,2009,2,2,2,2,2,2,2,2,2,2,2,2,2,2,2,2,,,,,,,,,,,,,,,,,,,,,,,,,,,,,,,,,,2,4,2,2,5,,,1,2,2,,1,4,2,,2,,2,,2,,2,,2,,2,,2,,2,,2,,5,3,,2,2,2,2,2,2,10,7,4,,,,,,,,,,,,,1,384.31745607183274
2025,07,18373,1,0134,1,1,202507183731013416,1,6,5,1,2,,1,8,,,,,,,,,,,,,,,,,,,,,,,,,,,,,,,,,,,,,,,,,,,,,,,,,,,,,,,,,,,,,,,,,,,,,,,,,,,,,,,,,,,,,,,,,,,,,,,,,,,,,,,,,,,,,,,,1,
2025,07,18373,1,0134,1,1,202507183731013417,1,7,5,1,2,,2,6,,,,,,,,,,,,,,,,,,,,,,,,,,,,,,,,,,,,,,,,,,,,,,,,,,,,,,,,,,,,,,,,,,,,,,,,,,,,,,,,,,,,,,,,,,,,,,,,,,,,,,,,,,,,,,,,1,
2025,07,18373,1,0135,1,1,202507183731013511,1,1,1,1,2,,1,55,1,1,20,10,1969,1,,,,,,,,,,,,,,,,7111,4100,3,5,1,,2,46,0,8,8,8,8,8,5,45,,45,1,,2,,2,2,4,2000,,,,,,,,,,,,,,,1,1,1,1,2,,2,,2,,2,,2,,2,,2,,1,1,2,,2,,2,,6,5,,2,2,2,2,2,2,10,5,1,2000,,,,,,,,,2000,2000,2000,1,406.2752073429789
2025,07,18373,1,0135,1,1,202507183731013512,1,2,2,1,2,,2,63,2,3,26,8,1961,1,,,,,,,,,,,,,,,,9412,5629,3,5,3,2,1,2,0,0,0,0,5,5,0,10,,10,1,,1,1,1,2,2,120,,,,,,,,,,,,,,,1,5,2,,2,,2,,2,,1,5,2,,2,,2,,1,5,2,,2,,2,,9,3,,2,2,2,2,2,2,10,7,1,520,,,,,,,,,520,520,520,1,367.15782492213845
2025,07,18373,1,0135,1,1,202507183731013513,1,3,3,1,2,,1,45,3,3,22,10,1979,2,1,,,,,,,,,,,,,,,8332,3812,3,5,1,,3,100,0,0,0,0,0,0,0,0,,72,2,72,2,,2,2,4,2000,,,,,,,,,,,,,,,1,1,1,1,2,,2,,2,,2,,2,,2,,2,,1,1,2,,2,,2,,10,2,,2,2,2,2,2,2,10,7,1,2000,,,,,,,,674,2000,2000,2674,1,406.2752073429789
2025,07,17917,1,0091,1,1,202507179171009111,1,1,1,1,2,,1,37,1,1,8,1,1988,1,,,,,,,,,,,,,,,,1114,8411,3,2,,,5,9998,0,8,8,8,8,8,0,40,,40,1,,2,,2,2,4,3000,,,,,,,,,,,,,,,1,1,1,1,2,,2,,2,,2,,2,,2,,2,,1,1,2,,2,,2,,11,5,,2,2,2,2,2,2,10,7,1,3000,,,,,,,,50,3000,3000,3050,1,559.3220830253242
2025,07,17917,1,0091,1,1,202507179171009112,1,2,7,1,2,,1,25,2,2,17,3,2000,1,,,,,,,,,,,,,,,,4417,5229,3,5,1,,3,52,0,8,8,8,8,8,5,45,,45,1,,2,,2,2,4,1500,,,,,,,,,,,,,,,2,1,1,1,2,,2,,2,,2,,2,,2,,2,,1,1,2,,2,,2,,11,5,,2,2,2,2,2,2,10,7,1,1500,,,,,,,,355,1500,1500,1855,1,559.3220830253242
2025,07,17917,1,0092,1,1,202507179171009211,1,1,1,1,2,,1,34,1,1,7,8,1990,1,,,,,,,,,,,,,,,,3314,4520,3,5,1,,1,2,0,7,7,7,7,7,0,35,,35,1,,2,,2,2,4,5000,,,,,,,,,,,,,,,1,3,1,1,1,2,2,,2,,2,,2,,2,,2,,1,1,2,,2,,2,,9,3,,2,2,2,2,2,2,10,7,1,5000,,,,,,,,500,5000,5000,5500,1,559.3220830253242
2025,07,17917,1,0092,1,1,202507179171009212,1,2,2,1,2,,2,38,2,2,21,6,1987,2,2,2,2,2,2,2,2,2,2,2,2,2,2,2,2,,,,,,,,,,,,,,,,,,,,,,,,,,,,,,,,,,2,5,2,2,6,,,1,1,1,4,2,,2,,2,,2,,2,,2,,2,,2,,2,,2,,2,,9,3,,2,2,2,2,2,2,10,5,4,,,,,,,,,,,,,1,548.933846587078
2025,07,17917,1,0092,1,1,202507179171009213,1,3,3,1,2,,2,13,,,,,,,,,,,,,,,,,,,,,,,,,,,,,,,,,,,,,,,,,,,,,,,,,,,,,,,,,,,,,,,,,,,,,,,,,,,,,,,,,,,,,,,,,,,,,,,,,,,,,,,,,,,,,,,,1,
2025,07,17917,1,0092,1,1,202507179171009214,1,4,3,1,2,,1,6,,,,,,,,,,,,,,,,,,,,,,,,,,,,,,,,,,,,,,,,,,,,,,,,,,,,,,,,,,,,,,,,,,,,,,,,,,,,,,,,,,,,,,,,,,,,,,,,,,,,,,,,,,,,,,,,1,
2025,07,17917,1,0094,1,1,202507179171009411,1,1,1,1,2,,2,71,1,2,27,7,1953,2,2,2,2,2,2,2,2,2,2,2,2,2,2,2,2,,,,,,,,,,,,,,,,,,,,,,,,,,,,,,,,,,2,5,2,2,7,,,2,6,2,,2,,2,,2,,2,,2,,2,,2,,2,,2,,2,,2,,6,5,,2,2,2,2,2,2,10,7,4,,,,,,,,,,,,,1,459.8196766582838
2025,07,17917,1,0094,1,1,202507179171009412,1,2,2,1,2,,1,69,2,2,8,2,1956,2,2,2,2,2,2,2,2,2,2,2,2,2,2,2,2,,,,,,,,,,,,,,,,,,,,,,,,,,,,,,,,,,2,6,1,1,3,,,1,4,2,,2,,2,,1,3,2,,2,,2,,2,,2,,2,,2,,1,3,10,2,,2,2,2,2,2,2,10,7,4,,,,,,,,,,,,,1,508.8093506228348
2025,07,17468,1,0018,1,1,202507174681001811,,1,1,1,2,,1,70,1,1,19,3,1955,2,2,2,2,2,2,2,2,2,2,2,2,2,2,2,2,,,,,,,,,,,,,,,,,,,,,,,,,,,,,,,,,,2,7,1,2,7,,,1,5,2,,2,,2,,2,,1,5,2,,2,,2,,2,,2,,2,,2,,5,1,,2,2,2,2,2,2,10,7,4,,,,,,,,,,,,,1,438.4316550661355
2025,07,17468,1,0019,1,1,202507174681001911,,1,1,1,2,,1,59,1,1,1,1,1966,2,2,2,2,2,2,2,2,2,2,2,2,2,2,2,2,,,,,,,,,,,,,,,,,,,,,,,,,,,,,,,,,,1,5,1,1,13,5,4,1,5,2,,2,,2,,2,,1,5,2,,2,,2,,2,,2,,2,,2,,10,1,,2,2,2,2,2,2,1,1,2,,,,,,,,,,,,,1,438.4316550661355
2025,07,17468,1,0020,1,1,202507174681002011,,1,1,1,2,,2,69,1,1,31,7,1955,1,,,,,,,,,,,,,,,,5212,4771,2,,3,2,1,1,3,8,8,8,8,8,8,51,,51,1,,1,1,1,2,,,,,,,,,,,,,,,,,1,5,2,,2,,2,,2,,1,5,2,,2,,2,,2,,2,,2,,2,,4,5,,2,2,2,2,2,2,2,2,1,,,1112,20,,,,,,1132,1132,1132,1,396.21815444721716
2025,07,17468,1,0021,1,1,202507174681002111,,1,1,1,2,,2,68,1,1,13,6,1957,1,,,,,,,,,,,,,,,,5223,4711,4,,3,2,1,3,2,2,2,2,2,2,2,14,,,1,,2,,,,,,,,,,,,,2,7,2,2,7,,,1,5,2,,2,,2,,2,,1,5,2,,2,,2,,2,,2,,2,,2,,4,5,,2,2,2,2,2,2,2,2,4,,,,,,,,,,,,,1,396.21815444721716
2025,07,17468,1,0021,1,1,202507174681002112,,2,3,1,2,,2,46,2,2,27,5,1979,1,,,,,,,,,,,,,,,,5212,4711,2,,3,2,1,3,12,12,12,12,12,12,12,84,,84,1,,1,1,1,2,,,,,,,,,,,,,,,,,1,5,2,,2,,2,,2,,1,5,2,,2,,2,,2,,2,,2,,2,,6,5,,2,2,2,2,2,2,10,7,1,,,1100,900,,,,,,2000,2000,2000,1,396.21815444721716
2025,07,17468,1,0021,1,1,202507174681002113,,3,4,1,1,,1,43,,,,,,,,,,,,,,,,,,,,,,,,,,,,,,,,,,,,,,,,,,,,,,,,,,,,,,,,,,,,,,,,,,,,,,,,,,,,,,,,,,,,,,,,,,,,,,,,,,,,,,,,,,,,,,,,0,
2025,07,17468,1,0021,1,1,202507174681002114,,4,5,1,2,,2,15,4,4,12,5,2010,2,2,2,2,2,2,2,2,2,2,2,2,2,2,2,2,,,,,,,,,,,,,,,,,,,,,,,,,,,,,,,,,,2,4,2,2,5,,,1,1,1,4,2,,2,,2,,2,,2,,2,,2,,2,,2,,2,,2,,5,2,,2,2,2,2,2,2,10,7,4,,,,,,,,,,,,,1,426.9260007849223
2025,07,17468,1,0021,1,1,202507174681002115,,5,5,1,2,,2,6,,,,,,,,,,,,,,,,,,,,,,,,,,,,,,,,,,,,,,,,,,,,,,,,,,,,,,,,,,,,,,,,,,,,,,,,,,,,,,,,,,,,,,,,,,,,,,,,,,,,,,,,,,,,,,,,1,
2025,07,17468,1,0021,1,1,202507174681002116,,6,8,1,2,,2,42,6,6,27,12,1982,1,,,,,,,,,,,,,,,,5223,4711,4,,3,2,1,3,3,3,3,3,3,3,3,21,,21,1,,2,,2,,,,,,,,,,,,,,,,,,1,5,2,,2,,2,,2,,1,5,2,,2,,2,,2,,2,,2,,2,,6,5,,2,2,2,2,2,2,2,2,1,,,,,,,,,,,,,1,473.0061949262293
2025,07,17468,1,0021,1,1,202507174681002117,,7,11,1,2,,1,37,7,7,17,5,1988,1,,,,,,,,,,,,,,,,8331,4921,2,,3,2,1,1,0,13,13,13,13,13,13,78,,78,1,,2,,2,2,,,,,,,,,,,,,,,,,1,5,2,,2,,2,,2,,1,5,2,,2,,2,,2,,2,,2,,2,,6,5,,2,2,2,2,2,2,2,2,1,,,3000,,,,,,,3000,3000,3000,1,481.9575471159313
2025,07,17468,1,0021,1,1,202507174681002118,,8,8,1,2,,2,1,,,,,,,,,,,,,,,,,,,,,,,,,,,,,,,,,,,,,,,,,,,,,,,,,,,,,,,,,,,,,,,,,,,,,,,,,,,,,,,,,,,,,,,,,,,,,,,,,,,,,,,,,,,,,,,,1,
2025,07,25196,1,0005,1,1,202507251961000511,,1,1,1,2,,1,47,1,1,28,8,1977,1,,,,,,,,,,,,,,,,2411,6920,2,,2,1,1,1,1,8,8,8,8,8,2,43,,43,1,,2,,2,2,,,,,,,,,,,,,,,,,1,2,2,,1,2,2,,2,,2,,2,,2,,2,,1,2,2,,2,,2,,11,5,,2,2,2,2,2,2,10,7,1,,,4900,,,,,,,4900,4900,4900,1,1195.010745668357
2025,07,25196,1,0007,1,1,202507251961000711,,1,1,1,2,,2,96,1,1,29,8,1928,2,2,2,2,2,2,2,2,2,2,2,2,2,2,2,2,,,,,,,,,,,,,,,,,,,,,,,,,,,,,,,,,,2,8,2,2,7,,,1,1,1,4,2,,2,,2,,2,,2,,2,,2,,2,,2,,2,,2,,5,3,,1,2,2,2,2,2,10,7,4,,,,,,,,,,,,,1,1079.951565362875
2025,07,25196,1,0007,1,1,202507251961000712,,2,3,1,2,,2,70,2,2,9,11,1954,2,2,2,2,2,2,2,2,2,2,2,2,2,2,2,2,,,,,,,,,,,,,,,,,,,,,,,,,,,,,,,,,,2,5,2,2,6,,,1,5,2,,2,,2,,2,,1,5,2,,2,,2,,2,,2,,2,,2,,6,5,,2,2,2,2,2,2,10,7,4,,,,,,,,,,,,,1,1079.951565362875
2025,07,25196,1,0007,1,1,202507251961000713,,3,3,1,2,,2,68,3,3,5,6,1957,2,2,2,2,2,2,2,2,2,2,2,2,2,2,2,2,,,,,,,,,,,,,,,,,,,,,,,,,,,,,,,,,,2,5,1,1,6,,,1,5,2,,2,,2,,2,,1,5,2,,2,,2,,2,,2,,2,,2,,6,5,,2,2,2,2,2,2,10,7,4,,,,,,,,,,,,,1,1079.951565362875
2025,07,25196,1,0007,1,1,202507251961000714,,4,5,1,2,,1,37,4,4,11,6,1988,1,,,,,,,,,,,,,,,,7221,2511,3,5,2,1,1,6,0,8,8,8,0,0,0,24,,24,1,,1,1,1,2,2,320,48,,,,,,,,,,,,,,1,5,2,,2,,2,,2,,1,5,2,,2,,2,,2,,1,5,2,,2,,6,5,,2,2,2,2,2,2,10,7,1,1386,208,,,,,,,,1594,1594,1594,1,1313.6470441957997
2025,07,25196,1,0007,1,1,202507251961000715,,5,11,1,2,,1,27,5,5,11,3,1998,2,2,2,2,2,2,2,2,2,2,2,2,2,2,2,2,,,,,,,,,,,,,,,,,,,,,,,,,,,,,,,,,,2,4,1,1,5,,,1,6,2,,2,,2,,2,,2,,2,,2,,2,,2,,2,,2,,2,,8,2,,2,2,2,2,2,2,10,7,4,,,,,,,,,,,,,1,1313.6470441957997
2025,07,25196,1,0007,1,1,202507251961000716,,6,11,1,2,,1,17,6,6,10,5,2008,2,2,2,2,2,2,2,2,2,2,2,2,2,2,2,2,,,,,,,,,,,,,,,,,,,,,,,,,,,,,,,,,,2,4,2,2,5,,,2,5,2,,2,,2,,2,,1,5,2,,2,,2,,2,,2,,2,,2,,5,4,,2,2,2,2,2,2,10,7,4,,,,,,,,,,,,,1,1130.4246024691708
2025,07,25196,1,0008,1,1,202507251961000811,,1,1,1,2,,2,56,1,1,30,4,1969,1,,,,,,,,,,,,,,,,2131,8413,3,2,,,5,9998,0,10,10,10,10,10,10,60,,60,1,,2,,2,2,4,4800,,,,,,,,,,,,,,,1,1,1,1,2,,2,,2,,2,,2,,2,,2,,1,1,2,,2,,2,,12,2,,2,2,2,2,2,2,10,1,1,4800,,,,,,,,50,4800,4800,4850,1,1079.951565362875
2025,07,25196,1,0008,1,1,202507251961000812,,2,6,1,2,,2,82,2,1,3,1,1943,2,2,2,2,2,2,2,2,2,2,2,2,2,2,2,2,,,,,,,,,,,,,,,,,,,,,,,,,,,,,,,,,,2,7,2,2,7,,,1,1,1,4,2,,2,,2,,2,,2,,2,,2,,2,,2,,2,,2,,11,5,,1,2,2,2,2,2,10,1,4,,,,,,,,,,,,,1,1079.951565362875
2025,07,46884,1,0091,1,1,202507468841009111,1,1,1,1,2,,1,33,1,1,13,4,1992,1,,,,,,,,,,,,,,,,5414,8010,3,4,1,,5,1000,12,12,12,0,12,12,12,72,,72,1,,2,,2,2,3,1000,,,,,,,,,,,,,,,1,1,1,1,2,,2,,2,,2,,2,,2,,2,,1,1,2,,2,,2,,6,5,,2,2,2,2,2,2,10,5,1,2000,,,,,,,,7,2000,2000,2007,1,2169.936309407495
2025,07,46884,1,0091,1,1,202507468841009112,1,2,2,1,2,,2,31,2,2,25,11,1993,1,,,,,,,,,,,,,,,,9629,9200,3,5,1,,5,5000,10,10,10,0,10,10,0,50,,50,1,,2,,2,2,4,1650,,,,,,,,,,,,,,,1,1,1,1,2,,2,,2,,2,,2,,2,,2,,1,1,2,,2,,2,,6,5,,2,2,2,2,2,2,10,5,1,1650,,,,,,,,588,1650,1650,2238,1,2129.6342864368776
2025,07,46884,1,0097,1,1,202507468841009712,1,1,1,1,2,,2,42,1,1,3,1,1983,1,,,,,,,,,,,,,,,,5212,4752,2,,2,2,1,1,12,12,12,12,12,12,12,84,,84,1,,2,,2,2,,,,,,,,,,,,,,,,,1,5,2,,2,,2,,2,,1,5,2,,2,,2,,2,,2,,2,,2,,6,5,,2,2,2,2,2,2,1,1,1,,,836,100,,,,,,936,936,936,1,2129.6342864368776
2025,07,2450001,1,0071,1,1,20250724500011007111,,1,1,1,2,,1,38,1,2,4,9,1986,1,,,,,,,,,,,,,,,,8332,4923,3,5,2,2,1,5,0,9,9,9,9,9,8,53,,53,1,,2,,2,2,2,500,,,,,,,,,,,,,,,1,5,2,,2,,2,,2,,1,5,2,,2,,2,,2,,2,,2,,2,,6,5,,2,2,2,2,2,2,10,9,1,2165,,,,,,,,,2165,2165,2165,1,1112.908486919361
2025,07,2450001,1,0071,1,1,20250724500011007112,,2,2,1,2,,2,38,2,2,16,5,1987,2,2,2,2,2,2,2,2,2,2,2,2,2,2,2,2,,,,,,,,,,,,,,,,,,,,,,,,,,,,,,,,,,2,5,1,2,7,,,1,5,2,,2,,2,,2,,1,5,2,,2,,2,,2,,2,,2,,2,,6,5,,2,2,2,2,2,2,10,7,4,,,,,,,,,,,,,1,1092.238542271877
2025,07,2450001,1,0071,1,1,20250724500011007113,,3,3,1,2,,2,13,,,,,,,,,,,,,,,,,,,,,,,,,,,,,,,,,,,,,,,,,,,,,,,,,,,,,,,,,,,,,,,,,,,,,,,,,,,,,,,,,,,,,,,,,,,,,,,,,,,,,,,,,,,,,,,,1,
2025,07,2450001,1,0071,1,1,20250724500011007114,,4,3,1,2,,1,6,,,,,,,,,,,,,,,,,,,,,,,,,,,,,,,,,,,,,,,,,,,,,,,,,,,,,,,,,,,,,,,,,,,,,,,,,,,,,,,,,,,,,,,,,,,,,,,,,,,,,,,,,,,,,,,,1,
2025,07,2450001,1,0073,1,1,20250724500011007311,,1,1,1,2,,1,48,1,1,27,7,1976,1,,,,,,,,,,,,,,,,8322,8411,3,2,,,5,9998,0,8,8,8,8,8,0,40,,40,1,,2,,2,2,4,1800,,,,,,,,,,,,,,,1,5,2,,2,,2,,2,,1,5,2,,2,,2,,2,,2,,2,,2,,6,5,,2,2,2,2,2,2,10,7,1,1800,,,,,,,,,1800,1800,1800,1,1012.401014938013
2025,07,2450001,1,0074,1,1,20250724500011007411,,1,1,1,2,,1,61,1,1,5,3,1964,1,,,,,,,,,,,,,,,,3432,7310,3,5,1,,3,65,0,8,8,8,8,8,5,45,,45,1,,2,,2,2,4,2500,,,,,,,,,,,,,,,1,1,1,1,2,,2,,2,,2,,2,,2,,2,,1,1,2,,2,,2,,6,5,,2,2,2,2,2,2,10,7,1,2500,,,,,,,,624,2500,2500,3124,1,1012.401014938013
2025,07,2450001,1,0074,1,1,20250724500011007412,,2,2,1,2,,2,56,2,2,27,1,1969,1,,,,,,,,,,,,,,,,9211,113,3,5,3,2,1,5,0,6,6,6,6,6,6,36,,36,1,,2,,2,2,2,250,,,,,,,,,,,,,,,1,1,1,4,2,,2,,2,,2,,2,,2,,2,,2,,2,,2,,2,,6,5,,2,2,2,2,2,2,10,7,1,1083,,,,,,,,,1083,1083,1083,1,914.9240413279923
2025,07,2450001,1,0074,1,1,20250724500011007413,,3,6,1,2,,2,87,3,1,16,7,1937,2,2,2,2,2,2,2,2,2,2,2,2,2,2,2,2,,,,,,,,,,,,,,,,,,,,,,,,,,,,,,,,,,2,6,2,2,11,,,1,1,1,3,2,,2,,2,,2,,2,,2,,2,,2,,1,3,2,,2,,1,,,2,2,2,2,2,2,10,9,4,,,,,,,,,,,,,1,914.9240413279923
2025,07,2450001,1,0130,1,1,20250724500011013011,,1,1,1,2,,1,31,1,1,20,3,1994,1,,,,,,,,,,,,,,,,7352,1410,2,,2,2,1,1,0,8,8,8,8,8,8,48,,48,1,,1,1,1,2,,,,,,,,,,,,,,,,,1,6,2,,2,,2,,2,,2,,2,,2,,2,,2,,2,,2,,2,,6,5,,2,2,2,2,2,2,10,7,1,,,1793,,,,,,,1793,1793,1793,1,1112.908486919361
2025,07,21369,1,0123,1,1,202507213691012311,,1,1,1,2,,2,69,1,1,19,1,1956,2,2,2,2,2,2,2,2,2,2,2,2,2,2,2,2,,,,,,,,,,,,,,,,,,,,,,,,,,,,,,,,,,2,5,2,2,6,,,1,5,2,,2,,2,,2,,1,5,2,,2,,2,,2,,2,,2,,2,,6,5,,2,2,2,2,2,2,10,7,4,,,,,,,,,,,,,1,856.9138007834321
2025,07,21369,1,0124,1,1,202507213691012411,,1,1,1,2,,1,35,1,1,31,10,1989,1,,,,,,,,,,,,,,,,5211,4530,2,,2,1,1,1,0,10,10,10,10,10,8,58,,58,1,,2,,2,2,,,,,,,,,,,,,,,,,1,5,2,,2,,2,,2,,1,5,2,,2,,2,,1,5,2,,2,,2,,6,5,,2,2,2,2,2,2,10,7,1,,,1970,,,,,,,1970,1970,1970,1,1042.3451547584013
2025,07,21369,1,0124,1,1,202507213691012412,,2,2,1,2,,2,33,2,2,10,7,1991,2,2,2,2,2,2,2,2,2,2,2,2,2,2,2,2,,,,,,,,,,,,,,,,,,,,,,,,,,,,,,,,,,2,5,2,2,6,,,1,5,2,,2,,2,,2,,1,5,2,,2,,2,,2,,2,,2,,2,,9,3,,2,2,2,2,2,2,10,5,4,,,,,,,,,,,,,1,1022.985776241962
2025,07,21369,1,0124,1,1,202507213691012413,,3,3,1,2,,1,13,,,,,,,,,,,,,,,,,,,,,,,,,,,,,,,,,,,,,,,,,,,,,,,,,,,,,,,,,,,,,,,,,,,,,,,,,,,,,,,,,,,,,,,,,,,,,,,,,,,,,,,,,,,,,,,,1,
2025,07,21369,1,0124,1,1,202507213691012414,,4,3,1,2,,2,11,,,,,,,,,,,,,,,,,,,,,,,,,,,,,,,,,,,,,,,,,,,,,,,,,,,,,,,,,,,,,,,,,,,,,,,,,,,,,,,,,,,,,,,,,,,,,,,,,,,,,,,,,,,,,,,,1,
2025,07,21369,1,0124,1,1,202507213691012415,,5,3,1,2,,2,1,,,,,,,,,,,,,,,,,,,,,,,,,,,,,,,,,,,,,,,,,,,,,,,,,,,,,,,,,,,,,,,,,,,,,,,,,,,,,,,,,,,,,,,,,,,,,,,,,,,,,,,,,,,,,,,,1,
2025,07,21369,1,0125,1,1,202507213691012511,,1,1,1,2,,2,65,1,1,20,5,1960,2,2,2,2,2,2,2,2,2,2,2,2,2,2,2,2,,,,,,,,,,,,,,,,,,,,,,,,,,,,,,,,,,2,6,2,2,3,,,1,4,2,,2,,2,,1,3,2,,2,,2,,2,,2,,2,,2,,1,3,10,3,,2,2,2,2,2,2,10,7,4,,,,,,,,,,,,,1,856.9138007834321
2025,07,21369,1,0126,1,1,202507213691012611,,1,1,1,2,,1,65,1,1,19,5,1960,1,,,,,,,,,,,,,,,,8331,4921,2,,3,2,1,1,0,10,10,10,10,10,10,60,,60,1,,2,,2,2,,,,,,,,,,,,,,,,,1,5,2,,2,,2,,2,,1,5,2,,2,,2,,2,,2,,2,,2,,10,1,,2,2,2,2,2,2,10,7,1,,,1637,,,,,,,1637,1637,1637,1,948.2103021014956
2025,07,21369,1,0126,1,1,202507213691012612,,2,3,1,2,,2,30,2,2,27,3,1995,1,,,,,,,,,,,,,,,,9412,5610,3,5,1,,1,8,0,8,8,8,8,8,8,48,,48,1,,2,,2,2,4,1500,12,,,,,,,,,,,,,,1,5,2,,2,,2,,2,,1,5,2,,2,,2,,1,5,2,,2,,2,,9,3,,2,2,2,2,2,2,10,7,1,1500,360,,,,,,,,1860,1860,1860,1,1022.985776241962
2025,07,29531,1,0017,1,1,202507295311001711,,1,1,1,2,,1,76,1,1,15,10,1948,2,2,2,2,2,2,2,2,2,2,2,2,2,2,2,2,,,,,,,,,,,,,,,,,,,,,,,,,,,,,,,,,,2,6,2,2,7,,,1,1,1,3,2,,2,,2,,2,,2,,2,,2,,2,,2,,1,3,2,,11,5,,2,2,2,1,2,2,10,7,4,,,,,,,,,,,,,1,1119.169584293131
2025,07,29531,1,0018,1,1,202507295311001811,,1,1,1,2,,1,81,1,1,27,6,1944,2,2,2,2,2,2,2,2,2,2,2,2,2,2,2,2,,,,,,,,,,,,,,,,,,,,,,,,,,,,,,,,,,2,6,2,2,7,,,1,1,1,3,2,,2,,2,,2,,2,,2,,2,,2,,1,3,2,,2,,12,2,,2,2,2,1,2,2,10,7,4,,,,,,,,,,,,,1,1119.169584293131
2025,07,29531,1,0020,1,1,202507295311002011,,1,1,1,2,,2,48,1,1,31,3,1977,1,,,,,,,,,,,,,,,,7355,1392,3,5,2,2,1,3,0,8,8,8,8,8,8,48,,48,1,,1,1,1,2,2,400,72,,,,,,,,,,,,,,2,1,1,1,2,,2,,2,,2,,2,,2,,2,,2,,1,1,2,,2,,6,5,,2,2,2,2,2,2,10,7,1,1732,312,,,,,,,66,2044,2044,2110,1,1011.4126160329216
2025,07,29531,1,0020,1,1,202507295311002012,,2,8,1,2,,1,30,2,2,21,4,1995,1,,,,,,,,,,,,,,,,4416,4641,3,5,1,,3,60,0,8,8,8,8,8,8,48,,48,1,,1,1,1,2,4,1200,,,,,,,,,,,,,,,2,1,1,1,2,,2,,2,,2,,2,,2,,2,,2,,1,1,2,,2,,6,5,,2,2,2,2,2,2,10,7,1,1200,,,,,,,,300,1200,1200,1500,1,1230.2766495528456
2025,07,2024603,1,0115,1,1,20250720246031011511,,1,1,1,2,,1,41,1,1,12,2,1984,1,,,,,,,,,,,,,,,,4312,6492,3,5,1,,5,501,0,8,8,8,8,8,4,44,,44,1,,2,,2,1,4,3500,,,,,,,,,,,,,,,1,1,1,1,2,,2,,2,,2,,2,,2,,2,,1,1,2,,2,,2,,11,5,,2,2,2,2,2,2,10,7,1,3500,,,,,,,,438,3500,3500,3938,1,1782.6659236735961
2025,07,2024603,1,0115,1,1,20250720246031011512,,2,2,1,2,,2,36,2,2,27,1,1989,1,,,,,,,,,,,,,,,,4312,6492,3,5,1,,5,2000,0,8,8,8,8,8,4,44,,44,1,,2,,2,2,4,3000,,,,,,,,,,,,,,,1,1,1,1,2,,2,,2,,2,,2,,2,,2,,1,1,2,,2,,2,,9,3,,2,2,2,2,2,2,10,7,1,3000,,,,,,,,375,3000,3000,3375,1,1749.5566371505977
2025,07,2024603,1,0115,1,1,20250720246031011513,,3,6,1,2,,2,60,3,3,5,7,1964,2,2,2,2,2,2,2,2,2,2,2,2,2,2,2,2,,,,,,,,,,,,,,,,,,,,,,,,,,,,,,,,,,2,5,2,2,6,,,1,5,2,,2,,2,,2,,1,5,2,,2,,2,,2,,2,,2,,2,,5,4,,2,2,2,2,2,2,10,9,4,,,,,,,,,,,,,1,1465.5328181923767
2025,07,2024603,1,0115,1,1,20250720246031011514,,4,3,1,2,,2,14,4,4,18,6,2011,2,2,2,2,2,2,2,2,2,2,2,2,2,2,2,2,,,,,,,,,,,,,,,,,,,,,,,,,,,,,,,,,,2,4,2,1,5,,,1,1,1,4,2,,2,,2,,2,,2,,2,,2,,2,,2,,2,,2,,5,1,,2,2,2,2,2,2,10,7,4,,,,,,,,,,,,,1,1579.115086139442
2025,07,2024603,1,0115,1,1,20250720246031011515,,5,3,1,2,,2,6,,,,,,,,,,,,,,,,,,,,,,,,,,,,,,,,,,,,,,,,,,,,,,,,,,,,,,,,,,,,,,,,,,,,,,,,,,,,,,,,,,,,,,,,,,,,,,,,,,,,,,,,,,,,,,,,1,
2025,07,2024603,1,0115,1,1,20250720246031011516,,6,3,1,2,,2,3,,,,,,,,,,,,,,,,,,,,,,,,,,,,,,,,,,,,,,,,,,,,,,,,,,,,,,,,,,,,,,,,,,,,,,,,,,,,,,,,,,,,,,,,,,,,,,,,,,,,,,,,,,,,,,,,1,
2025,07,2024603,1,0116,1,1,20250720246031011611,,1,1,1,2,,1,47,1,1,99,99,1978,1,,,,,,,,,,,,,,,,3313,6920,2,,1,,1,1,0,8,10,10,8,10,8,54,,54,1,,2,,2,2,,,,3000,,,,,,,,,,,,,1,5,2,,2,,2,,2,,1,5,2,,2,,2,,1,5,2,,2,,2,,9,3,,2,2,2,2,2,2,10,7,1,,,3000,,,,,,,3000,3000,3000,1,1621.672232384844
2025,07,2024603,1,0116,1,1,20250720246031011612,,2,2,1,2,,2,44,2,1,99,99,1981,2,2,2,2,2,2,2,2,2,2,2,2,2,2,2,2,,,,,,,,,,,,,,,,,,,,,,,,,,,,,,,,,,2,5,1,1,6,,,1,5,2,,2,,2,,2,,1,5,2,,2,,2,,2,,2,,2,,2,,6,5,,2,2,2,2,2,2,10,7,4,,,,,,,,,,,,,1,1749.5566371505977
2025,07,2024603,1,0116,1,1,20250720246031011613,,3,3,1,2,,1,12,,,,,,,,,,,,,,,,,,,,,,,,,,,,,,,,,,,,,,,,,,,,,,,,,,,,,,,,,,,,,,,,,,,,,,,,,,,,,,,,,,,,,,,,,,,,,,,,,,,,,,,,,,,,,,,,1,
2025,07,2024603,1,0117,1,1,20250720246031011711,,1,1,1,2,,1,44,1,1,7,2,1981,1,,,,,,,,,,,,,,,,2512,8411,3,2,,,5,9998,0,8,8,8,8,8,0,40,,40,1,,2,,2,2,4,5000,,,,,,,,,,,,,,,1,1,1,1,2,,2,,2,,2,,2,,2,,2,,2,,1,1,2,,2,,12,1,,2,2,2,2,2,2,10,7,1,5000,,,,,,,,50,5000,5000,5050,1,1782.6659236735961
2025,07,2024603,1,0117,1,1,20250720246031011712,,2,2,1,2,,2,41,2,2,19,2,1984,2,2,2,2,2,2,2,2,2,2,2,2,2,2,2,2,,,,,,,,,,,,,,,,,,,,,,,,,,,,,,,,,,2,5,1,2,6,,,1,1,1,4,2,,2,,2,,2,,2,,2,,2,,1,5,2,,2,,2,,9,3,,2,2,2,2,2,2,10,7,4,,,,,,,,,,,,,1,1749.5566371505977
2025,07,2024603,1,0117,1,1,20250720246031011713,,3,3,1,2,,1,11,,,,,,,,,,,,,,,,,,,,,,,,,,,,,,,,,,,,,,,,,,,,,,,,,,,,,,,,,,,,,,,,,,,,,,,,,,,,,,,,,,,,,,,,,,,,,,,,,,,,,,,,,,,,,,,,1,
2025,07,2024603,1,0117,1,1,20250720246031011714,,4,3,1,2,,2,7,,,,,,,,,,,,,,,,,,,,,,,,,,,,,,,,,,,,,,,,,,,,,,,,,,,,,,,,,,,,,,,,,,,,,,,,,,,,,,,,,,,,,,,,,,,,,,,,,,,,,,,,,,,,,,,,1,
2025,07,2024603,1,0118,1,1,20250720246031011811,,1,1,1,2,,2,46,1,1,5,6,1979,1,,,,,,,,,,,,,,,,9111,9700,6,,,,1,1,7,7,0,0,0,7,7,28,15,43,1,,1,1,1,2,2,250,60,,,150,45,,,,,,,,,,1,1,1,4,2,,2,,2,,2,,2,,2,,2,,1,5,2,,2,,2,,6,5,,2,2,2,2,2,2,10,7,1,1083,260,,,150,,195,,,1688,1343,1688,1,1465.5328181923767
2025,07,2024603,1,0118,1,1,20250720246031011812,,2,2,1,2,,1,51,2,2,21,7,1973,1,,,,,,,,,,,,,,,,3257,2511,3,5,1,,2,40,0,10,8,9,8,9,4,48,6,54,1,,1,1,1,1,4,3500,,,,250,,250,,,,,,,,,1,1,1,1,2,,2,,2,,2,,2,,2,,2,,1,1,2,,2,,2,,9,3,,2,2,2,2,2,2,10,5,1,3500,,,,250,250,,,,4000,3500,4000,1,1621.672232384844
2025,07,2024603,1,0118,1,1,20250720246031011813,,3,3,1,2,,2,23,3,3,2,5,2002,1,,,,,,,,,,,,,,,,4222,8220,3,5,1,,1,16,0,8,8,8,8,8,0,40,,40,1,,2,,2,2,4,1400,,,,,,,,,,,,,,,1,5,2,,2,,2,,2,,1,5,2,,2,,2,,1,5,2,,2,,2,,10,2,,2,2,2,2,2,2,10,5,1,1400,,,,,,,,,1400,1400,1400,1,1579.115086139442
2025,07,2024603,1,0118,1,1,20250720246031011814,,4,3,1,2,,1,17,4,4,26,2,2008,2,2,2,2,2,2,2,2,2,2,2,2,2,2,2,2,,,,,,,,,,,,,,,,,,,,,,,,,,,,,,,,,,2,4,1,1,5,,,1,1,1,4,2,,2,,2,,2,,1,2,2,,2,,2,,2,,2,,2,,6,5,,2,2,2,2,2,2,10,5,4,,,,,,,,,,,,,1,1534.0265309527845
2025,07,2024603,1,0118,1,1,20250720246031011815,,5,3,1,2,,1,5,,,,,,,,,,,,,,,,,,,,,,,,,,,,,,,,,,,,,,,,,,,,,,,,,,,,,,,,,,,,,,,,,,,,,,,,,,,,,,,,,,,,,,,,,,,,,,,,,,,,,,,,,,,,,,,,1,
2025,07,2024603,1,0118,1,1,20250720246031011816,,6,7,1,2,,1,40,6,6,21,3,1985,1,,,,,,,,,,,,,,,,9112,8730,3,5,1,,1,16,0,8,8,8,8,8,8,48,,48,1,,1,2,2,2,4,1500,,,,,,,,,,,,,,,1,5,2,,2,,2,,2,,1,5,2,,2,,2,,1,5,2,,2,,2,,6,5,,2,2,2,2,2,2,10,7,1,1500,,,,,,,,,1500,1500,1500,1,1782.6659236735961
2025,07,2040001,1,0061,1,1,20250720400011006111,,1,1,1,2,,1,79,1,1,11,4,1946,1,,,,,,,,,,,,,,,,4417,6920,3,5,3,2,1,2,4,4,1,1,1,1,1,13,,13,1,,2,,2,2,4,2000,,,,,,,,,,,,,,,1,1,1,3,2,,2,,2,,2,,2,,2,,2,,2,,1,3,2,,2,,9,3,,2,2,2,2,2,2,10,7,1,2000,,,,,,,,,2000,2000,2000,1,776.3069289248514
2025,07,2040001,1,0061,1,1,20250720400011006112,,2,2,1,2,,2,69,2,2,5,5,1956,1,,,,,,,,,,,,,,,,2411,6419,3,5,1,,2,26,0,7,7,7,7,7,0,35,13,48,1,,1,2,2,2,4,4000,,,,,,3000,,,,,,,,,1,1,1,1,2,,2,,2,,2,,2,,2,,2,,1,1,2,,2,,2,,11,5,,2,2,2,2,2,2,10,7,1,4000,,,,,3000,,,533,7000,4000,7533,1,701.5617944301798
2025,07,2040001,1,0062,1,1,20250720400011006211,,1,1,1,2,,1,41,1,1,20,6,1984,1,,,,,,,,,,,,,,,,5212,4759,3,5,1,,4,110,0,8,8,8,8,8,8,48,,48,1,,2,,2,2,3,800,,,,,,,,,,,,,,,1,1,1,1,2,,2,,2,,2,,2,,2,,2,,1,1,2,,2,,2,,10,3,,2,2,2,2,2,2,10,6,1,1600,,,,,,,,169,1600,1600,1769,1,853.3758430770346
2025,07,2040001,1,0062,1,1,20250720400011006212,,2,3,1,2,,2,18,2,2,9,11,2006,2,2,2,2,2,2,2,2,2,2,2,2,2,2,2,2,,,,,,,,,,,,,,,,,,,,,,,,,,,,,,,,,,2,4,2,2,5,,,2,5,2,,2,,2,,2,,1,5,2,,2,,2,,2,,2,,2,,2,,10,2,,2,2,2,2,2,2,10,6,4,,,,,,,,,,,,,1,755.9344967860901
2025,07,2040001,1,0062,1,1,20250720400011006213,,3,3,1,2,,1,16,3,3,15,7,2008,2,2,2,2,2,2,2,2,2,2,2,2,2,2,2,2,,,,,,,,,,,,,,,,,,,,,,,,,,,,,,,,,,2,4,2,2,5,,,2,1,1,4,2,,2,,2,,2,,2,,2,,2,,2,,2,,2,,2,,5,4,,2,2,2,2,2,2,10,6,4,,,,,,,,,,,,,1,734.3502597820825
2025,07,2040001,1,0063,1,1,20250720400011006311,,1,1,1,2,,1,45,1,1,6,4,1980,2,2,2,2,2,2,2,2,2,2,2,2,2,2,2,2,,,,,,,,,,,,,,,,,,,,,,,,,,,,,,,,,,2,3,1,1,1,,,1,6,2,,2,,2,,2,,2,,2,,2,,2,,2,,2,,2,,2,,10,4,,2,2,2,2,2,2,10,7,3,,,,,,,,,,,,,1,776.3069289248514
2025,07,2040001,1,0064,1,1,20250720400011006411,,1,1,1,2,,2,47,1,1,2,3,1978,1,,,,,,,,,,,,,,,,9112,8121,2,,3,2,1,1,0,0,0,0,4,4,0,8,4,12,1,,2,,2,2,,,,,,,,120,,,,,,,,,1,5,2,,2,,2,,2,,1,5,2,,2,,2,,2,,2,,2,,2,,6,5,,2,2,2,2,2,2,10,7,1,,,400,,,120,,,,520,400,520,1,701.5617944301798
2025,07,2040001,1,0064,1,1,20250720400011006412,,2,3,1,2,,1,13,,,,,,,,,,,,,,,,,,,,,,,,,,,,,,,,,,,,,,,,,,,,,,,,,,,,,,,,,,,,,,,,,,,,,,,,,,,,,,,,,,,,,,,,,,,,,,,,,,,,,,,,,,,,,,,,1,
2025,07,2319902,1,0118,1,1,20250723199021011811,,1,1,1,2,,2,57,1,1,13,3,1968,1,,,,,,,,,,,,,,,,9111,9700,6,,,,1,2,10,10,10,10,10,10,10,70,,70,1,,2,,2,2,2,420,30,,,,,,,,,,,,,,1,5,2,,2,,2,,2,,1,5,2,,2,,2,,2,,2,,2,,2,,6,5,,2,2,2,2,2,2,10,1,1,1819,900,,,,,,,42,2719,2719,2761,1,1322.3853780516824
2025,07,2319902,1,0118,1,1,20250723199021011812,,2,2,1,2,,1,54,2,2,16,11,1970,1,,,,,,,,,,,,,,,,3115,4520,1,,2,1,1,2,0,9,9,9,9,9,9,54,,54,1,,2,,2,2,,,,,,,,,,,,,,,,,1,6,2,,2,,2,,2,,2,,2,,2,,2,,2,,2,,2,,2,,9,3,,2,2,2,2,2,2,1,1,1,,,4135,,,,,,,4135,4135,4135,1,1463.2737127942282
2025,07,2319902,1,0118,1,1,20250723199021011813,,3,3,1,2,,1,22,3,3,15,5,2003,1,,,,,,,,,,,,,,,,4120,8413,3,2,,,5,9998,0,8,8,8,8,8,0,40,,40,1,,1,1,1,2,4,1130,,,,,,,,,,,,,,,1,2,2,,1,1,2,,2,,2,,2,,2,,2,,1,1,2,,2,,2,,11,5,,2,2,2,2,2,2,10,1,1,1130,,,,,,,,,1130,1130,1130,1,1384.1888962796486
2025,07,2319902,1,0119,1,1,20250723199021011911,,1,1,1,2,,2,40,1,1,13,6,1985,1,,,,,,,,,,,,,,,,5212,4530,3,5,2,1,1,3,0,8,8,8,8,8,8,48,,48,1,,2,,2,2,2,300,,,,,,,,,,,,,,,1,5,2,,2,,2,,2,,1,5,2,,2,,2,,2,,2,,2,,2,,5,2,,2,2,2,2,2,2,1,7,1,1299,,,,,,,,134,1299,1299,1433,1,1578.6668755018798
2025,07,2319902,1,0119,1,1,20250723199021011912,,2,3,1,2,,1,19,2,2,26,9,2005,2,2,2,2,2,2,2,2,2,2,2,2,2,2,2,2,,,,,,,,,,,,,,,,,,,,,,,,,,,,,,,,,,2,4,2,2,5,,,1,6,2,,2,,2,,2,,2,,1,2,2,,2,,1,5,2,,2,,2,,10,1,,2,2,2,2,2,2,10,1,4,,,,,,,,,,,,,1,1384.1888962796486
2025,07,2664102,2,0080,1,1,20250726641022008011,1,1,1,1,2,,2,79,1,1,26,1,1946,1,,,,,,,,,,,,,,,,8153,1410,2,,2,2,1,1,0,5,5,5,5,5,0,25,,25,1,,2,,2,2,,,,,,,,,,,,,,,,,1,5,2,,2,,2,,2,,1,5,2,,2,,2,,2,,2,,2,,2,,6,5,,2,2,2,2,2,2,10,7,1,,,1139,,,,,,,1139,1139,1139,1,737.5357164677176
2025,07,2664102,2,0080,1,1,20250726641022008012,1,2,3,1,2,,2,53,2,2,27,1,1972,1,,,,,,,,,,,,,,,,5120,5610,3,5,3,2,1,2,0,6,0,6,0,6,0,18,19,37,1,,1,1,1,2,2,120,,,,,,800,,,,,,,,,1,5,2,,2,,2,,2,,1,5,2,,2,,2,,2,,2,,2,,2,,6,5,,2,2,2,2,2,2,10,7,1,520,,,,,800,,,,1320,520,1320,1,737.5357164677176
2025,07,2664102,2,0080,1,1,20250726641022008013,1,3,7,1,2,,1,79,3,3,22,7,1945,1,,,,,,,,,,,,,,,,4419,6910,3,5,1,,2,40,0,7,7,7,7,7,0,35,,35,1,,2,,2,2,4,1200,,,,,,,,,,,,,,,1,5,2,,2,,2,,2,,1,5,2,,2,,2,,2,,2,,2,,2,,11,6,,2,2,2,2,2,2,10,7,1,1200,,,,,,,,,1200,1200,1200,1,816.1135506081569
2025,07,2664102,2,0081,1,1,20250726641022008111,1,1,1,1,2,,1,30,1,1,2,3,1995,1,,,,,,,,,,,,,,,,2611,6910,1,,2,1,1,9,0,6,6,6,6,6,0,30,,30,1,,1,1,1,2,,,,,,,,,,,,,,,,,1,2,2,,1,2,2,,2,,2,,2,,2,,2,,2,,2,,2,,2,,11,6,,2,2,2,2,2,2,10,6,1,,,5000,,,,,,,5000,5000,5000,1,897.1343206499274
2025,07,2664102,2,0081,1,1,20250726641022008112,1,2,7,1,2,,1,25,2,2,21,10,1999,1,,,,,,,,,,,,,,,,3314,6820,1,,2,1,1,6,0,8,8,8,8,8,0,40,,40,1,,1,1,1,2,,,,,,,,,,,,,,,,,1,2,2,,1,2,2,,2,,2,,2,,2,,2,,2,,2,,2,,2,,6,5,,2,2,2,2,2,2,10,6,1,,,4800,,,,,,,4800,4800,4800,1,897.1343206499274
2025,07,2171501,1,0073,1,1,20250721715011007311,,1,1,1,2,,2,39,1,1,22,9,1985,2,2,2,2,2,2,2,2,2,2,2,2,2,2,2,2,,,,,,,,,,,,,,,,,,,,,,,,,,,,,,,,,,2,7,2,2,7,,,1,5,2,,2,,2,,2,,1,5,2,,2,,2,,2,,2,,2,,2,,6,5,,2,2,2,2,2,2,10,7,4,,,,,,,,,,,,,1,1179.5160274745376
2025,07,2171501,1,0074,1,1,20250721715011007411,,1,1,1,2,,1,78,1,1,25,8,1946,1,,,,,,,,,,,,,,,,9533,4789,2,,3,2,1,1,0,8,8,8,8,8,8,48,,48,1,,2,,2,2,,,,,,,,,,,,,,,,,1,5,2,,2,,2,,2,,1,5,2,,2,,2,,2,,2,,2,,2,,5,4,,2,2,2,2,2,2,10,7,1,,,235,5,,,,,,240,240,240,1,1093.2989243055229
2025,07,2171501,1,0077,1,1,20250721715011007711,,1,1,1,2,,1,61,1,7,20,11,1963,1,,,,,,,,,,,,,,,,9541,4789,2,,3,2,1,2,5,8,8,8,8,8,8,53,,53,1,,2,,2,2,,,,,,,,,,,,,,,,,1,5,2,,2,,2,,2,,1,5,2,,2,,2,,2,,2,,2,,2,,5,3,,2,2,2,2,2,2,10,7,1,,,1732,,,,,,,1732,1732,1732,1,1093.2989243055229
2025,07,2171501,1,0077,1,1,20250721715011007712,,2,2,1,2,,2,45,2,2,3,3,1980,1,,,,,,,,,,,,,,,,5412,8411,3,2,,,5,9998,0,8,8,8,8,8,8,48,,48,1,,2,,2,2,4,1500,,,,,,,,,,,,,,,1,5,2,,2,,2,,2,,1,5,2,,2,,2,,1,5,2,,2,,2,,5,1,,2,2,2,2,2,2,10,6,1,1500,,,,,,,,,1500,1500,1500,1,988.032859949672
2025,07,2171501,1,0077,1,1,20250721715011007713,,7,6,1,2,,2,85,7,7,28,8,1939,1,,,,,,,,,,,,,,,,7392,3212,2,,3,2,1,1,0,2,2,2,2,2,2,12,,12,1,,2,,2,2,,,,,,,,,,,,,,,,,1,5,2,,2,,2,,2,,1,5,2,,2,,2,,2,,2,,2,,2,,3,2,,2,2,2,2,2,2,10,7,1,,,65,,,,,,,65,65,65,1,988.032859949672
2025,07,2171501,1,0077,1,1,20250721715011007714,,3,3,1,2,,1,22,3,2,8,9,2002,2,2,2,2,2,2,2,2,2,2,2,2,2,2,2,2,,,,,,,,,,,,,,,,,,,,,,,,,,,,,,,,,,2,5,2,2,4,,,1,5,2,,2,,2,,2,,1,5,2,,2,,2,,2,,2,,2,,2,,6,5,,2,2,2,2,2,2,10,7,4,,,,,,,,,,,,,1,1034.2099486283876
2025,07,2171501,1,0077,1,1,20250721715011007715,,4,3,1,2,,1,16,4,4,23,6,2009,1,,,,,,,,,,,,,,,,9333,4759,3,5,3,2,1,2,0,0,0,0,0,5,5,10,,10,1,,2,,2,2,2,30,,,,,,,,,,,,,,,1,5,2,,2,,2,,2,,1,5,2,,2,,2,,2,,2,,2,,2,,5,1,,2,2,2,2,2,2,10,6,1,130,,,,,,,,,130,130,130,1,1034.2099486283876
2025,07,2171501,1,0077,1,1,20250721715011007716,,5,3,1,2,,2,15,5,5,21,6,2010,2,2,2,2,2,2,2,2,2,2,2,2,2,2,2,2,,,,,,,,,,,,,,,,,,,,,,,,,,,,,,,,,,2,4,2,2,3,,,2,5,2,,2,,2,,2,,1,5,2,,2,,2,,2,,2,,2,,2,,5,1,,2,2,2,2,2,2,10,7,4,,,,,,,,,,,,,1,1064.6077490591001
2025,07,2171501,1,0077,1,1,20250721715011007717,,6,3,1,2,,1,9,,,,,,,,,,,,,,,,,,,,,,,,,,,,,,,,,,,,,,,,,,,,,,,,,,,,,,,,,,,,,,,,,,,,,,,,,,,,,,,,,,,,,,,,,,,,,,,,,,,,,,,,,,,,,,,,1,
2025,07,2171501,1,0078,1,1,20250721715011007811,,1,1,1,2,,2,64,1,1,27,3,1961,1,,,,,,,,,,,,,,,,9112,8121,3,4,1,,3,100,8,8,8,8,8,0,0,40,,40,1,,2,,2,2,4,1130,,,,,,,,,,,,,,,2,1,1,1,2,,2,,2,,2,,2,,2,,2,,1,1,2,,2,,2,,5,1,,2,2,2,2,2,2,10,6,1,1130,,,,,,,,188,1130,1130,1318,1,988.032859949672
2025,07,2171501,1,0078,1,1,20250721715011007812,,2,2,1,2,,1,61,2,2,18,11,1963,1,,,,,,,,,,,,,,,,8321,4922,2,,3,2,1,1,7,7,7,7,7,7,7,49,,49,1,,2,,2,2,,,,,,,,,,,,,,,,,1,1,1,4,2,,2,,2,,2,,2,,2,,2,,2,,2,,2,,2,,6,5,,2,2,2,2,2,2,10,5,1,,,480,,,,,,,480,480,480,1,1093.2989243055229
2025,07,2635202,1,0064,1,1,20250726352021006411,,1,1,1,2,,2,62,1,1,31,7,1962,1,,,,,,,,,,,,,,,,1144,4761,3,5,1,,1,3,0,8,8,8,8,8,8,48,15,63,1,,2,,2,2,4,3500,,,,,,1200,,,,,,,,,1,1,1,1,2,,2,,2,,2,,2,,2,,2,,2,,1,1,2,,2,,11,5,,2,2,2,2,2,2,10,7,1,3500,,,,,1200,,,142,4700,3500,4842,1,821.7666423091678
2025,07,2635202,1,0064,1,1,20250726352021006412,,2,3,1,2,,1,32,2,2,27,1,1993,1,,,,,,,,,,,,,,,,4110,6202,3,5,1,,2,50,0,7,7,7,7,7,0,35,,35,1,,2,,2,2,4,3500,,,,,,,,,,,,,,,1,2,2,,1,2,2,,2,,2,,2,,2,,2,,1,5,2,,2,,2,,11,5,,2,2,2,2,2,2,10,7,1,3500,,,,,,,,,3500,3500,3500,1,999.5923477599833
2025,07,2635202,1,0064,1,1,20250726352021006413,,3,3,1,2,,2,29,3,3,8,12,1995,1,,,,,,,,,,,,,,,,2431,8530,3,5,1,,3,100,0,8,8,8,8,8,0,40,,40,1,,2,,2,1,4,3000,,,,,,,,,,,,,,,1,3,1,1,2,,1,1,2,,2,,2,,2,,2,,1,1,2,,2,,2,,11,5,,2,2,2,2,2,2,10,7,1,3000,,,,,,,,750,3000,3000,3750,1,981.0270131066005
2025,07,2635202,1,0065,1,1,20250726352021006511,,1,1,1,2,,1,60,1,1,2,10,1964,1,,,,,,,,,,,,,,,,3314,8220,1,,1,,1,4,0,8,8,8,8,8,0,40,,40,1,,2,,2,2,,,,3500,,,,,,,,,,,,,1,3,1,4,2,,1,4,2,,2,,2,,2,,2,,1,5,2,,2,,2,,10,3,,2,2,2,2,2,2,10,7,1,,,3500,,,,,,,3500,3500,3500,1,909.3185282446361
2025,07,2635202,1,0065,1,1,20250726352021006512,,2,2,1,2,,2,50,2,1,6,2,1975,1,,,,,,,,,,,,,,,,2421,6619,3,5,1,,5,9998,0,8,8,8,8,8,0,40,,40,1,,2,,2,2,4,12000,,,,,,,,,,,,,,,1,3,1,1,2,,1,1,2,,2,,2,,2,,2,,1,1,2,,2,,2,,12,2,,2,2,2,2,2,2,10,7,1,12000,,,,,,,,3667,12000,12000,15667,1,821.7666423091678
2025,07,2635202,1,0066,1,1,20250726352021006611,,1,1,1,2,,1,70,1,1,12,11,1954,2,2,2,2,2,2,2,2,2,2,2,2,2,2,2,2,,,,,,,,,,,,,,,,,,,,,,,,,,,,,,,,,,2,6,2,2,3,,,1,1,1,3,2,,2,,2,,2,,2,,2,,2,,2,,2,,1,3,2,,11,5,,2,2,2,2,2,2,10,7,4,,,,,,,,,,,,,1,909.3185282446361
2025,07,2635202,1,0066,1,1,20250726352021006612,,2,2,1,2,,2,69,2,2,28,1,1956,2,2,2,2,2,2,2,2,2,2,2,2,2,2,2,2,,,,,,,,,,,,,,,,,,,,,,,,,,,,,,,,,,2,5,2,2,3,,,1,1,1,4,2,,2,,2,,2,,2,,2,,2,,2,,2,,2,,2,,11,5,,2,2,2,2,2,2,10,7,4,,,,,,,,,,,,,1,821.7666423091678
2025,07,2635202,1,0067,1,1,20250726352021006711,,1,1,1,2,,2,76,1,1,11,11,1948,2,2,2,2,2,2,2,2,2,2,2,2,2,2,2,2,,,,,,,,,,,,,,,,,,,,,,,,,,,,,,,,,,2,6,2,2,3,,,1,1,1,3,2,,2,,2,,2,,2,,2,,2,,2,,2,,1,3,2,,6,5,,2,2,2,2,2,2,10,1,4,,,,,,,,,,,,,1,821.7666423091678
2025,07,2635202,1,0067,1,1,20250726352021006712,,2,3,1,2,,1,44,2,2,25,6,1981,1,,,,,,,,,,,,,,,,5222,6020,3,5,1,,4,300,0,9,9,9,9,9,0,45,,45,1,,2,,2,2,4,6000,,,,,,,,,,,,,,,1,3,1,1,2,,1,1,2,,2,,2,,2,,2,,1,1,2,,2,,2,,12,2,,2,2,2,2,2,2,10,7,1,6000,,,,,,,,1500,6000,6000,7500,1,999.5923477599833
2025,07,2635202,1,0067,1,1,20250726352021006713,,3,3,1,2,,1,36,3,1,14,12,1988,1,,,,,,,,,,,,,,,,1114,4773,3,5,1,,5,9998,0,8,8,8,8,8,8,48,,48,1,,2,,2,2,4,6000,800,,,,,,,,,,,,,,1,3,1,1,2,,1,1,2,,2,,2,,2,,2,,1,1,2,,2,,2,,11,5,,2,2,2,2,2,2,10,7,1,6000,800,,,,,,,1500,6800,6800,8300,1,999.5923477599833
2025,07,2178302,1,0010,1,1,20250721783021001011,,1,1,1,2,,2,57,1,1,13,6,1968,2,2,2,2,2,2,2,2,2,2,2,2,2,2,2,2,,,,,,,,,,,,,,,,,,,,,,,,,,,,,,,,,,2,5,1,1,6,,,1,5,2,,2,,2,,2,,1,5,2,,2,,2,,2,,2,,2,,2,,9,3,,2,2,2,2,2,2,2,2,4,,,,,,,,,,,,,1,656.3146748278089
2025,07,2178302,1,0010,1,1,20250721783021001012,,2,3,1,2,,1,27,2,2,22,6,1998,1,,,,,,,,,,,,,,,,3317,6622,3,5,1,,5,9998,0,8,8,8,8,8,0,40,,40,1,,1,1,1,2,4,1700,,,,,,,,,,,,,,,1,5,2,,2,,2,,2,,1,5,2,,2,,2,,2,,2,,2,,2,,11,5,,2,2,2,2,2,2,10,7,1,1700,,,,,,,,,1700,1700,1700,1,798.337499849062
2025,07,2178302,1,0010,1,1,20250721783021001013,,3,3,1,2,,1,21,3,2,31,10,2003,2,2,2,2,2,2,2,2,2,2,2,2,2,2,2,2,,,,,,,,,,,,,,,,,,,,,,,,,,,,,,,,,,2,4,2,2,5,,,1,5,2,,2,,2,,2,,1,5,2,,2,,2,,2,,2,,2,,2,,6,5,,2,2,2,2,2,2,10,7,4,,,,,,,,,,,,,1,686.9884531697659
2025,07,2178302,1,0011,1,1,20250721783021001111,,1,1,1,2,,1,37,1,1,26,8,1987,1,,,,,,,,,,,,,,,,7111,4100,3,5,3,2,1,4,0,8,8,8,8,8,6,46,14,60,1,,2,,2,2,2,720,,,,,,1000,,,,,,,,,1,5,2,,2,,2,,2,,1,5,2,,2,,2,,2,,2,,2,,2,,5,2,,2,2,2,2,2,2,10,9,1,3118,,,,,1000,,,,4118,3118,4118,1,798.337499849062
2025,07,2178302,1,0011,1,1,20250721783021001112,,2,2,1,2,,2,39,2,2,3,3,1986,2,2,2,2,2,2,2,2,2,2,2,2,2,2,2,2,,,,,,,,,,,,,,,,,,,,,,,,,,,,,,,,,,2,5,2,2,7,,,1,5,2,,2,,2,,2,,1,5,2,,2,,2,,2,,2,,2,,2,,6,5,,2,2,2,2,2,2,10,7,4,,,,,,,,,,,,,1,783.5100525559166
2025,07,2178302,1,0011,1,1,20250721783021001113,,3,3,1,2,,1,18,3,3,20,4,2007,2,2,2,2,2,2,2,2,2,2,2,2,2,2,2,2,,,,,,,,,,,,,,,,,,,,,,,,,,,,,,,,,,2,4,2,2,6,,,1,5,2,,2,,2,,2,,1,5,2,,2,,2,,2,,2,,2,,2,,6,5,,2,2,2,2,2,2,10,5,4,,,,,,,,,,,,,1,686.9884531697659
2025,07,2178302,1,0011,1,1,20250721783021001114,,4,3,1,2,,1,15,4,4,7,9,2009,2,2,2,2,2,2,2,2,2,2,2,2,2,2,2,2,,,,,,,,,,,,,,,,,,,,,,,,,,,,,,,,,,2,4,2,2,5,,,1,5,2,,2,,2,,2,,1,5,2,,2,,2,,2,,2,,2,,2,,5,3,,2,2,2,2,2,2,10,7,4,,,,,,,,,,,,,1,686.9884531697659
2025,07,2178302,1,0011,1,1,20250721783021001115,,5,3,1,2,,2,13,,,,,,,,,,,,,,,,,,,,,,,,,,,,,,,,,,,,,,,,,,,,,,,,,,,,,,,,,,,,,,,,,,,,,,,,,,,,,,,,,,,,,,,,,,,,,,,,,,,,,,,,,,,,,,,,1,
2025,07,2178302,1,0012,1,1,20250721783021001211,,1,1,1,1,,1,53,,,,,,,,,,,,,,,,,,,,,,,,,,,,,,,,,,,,,,,,,,,,,,,,,,,,,,,,,,,,,,,,,,,,,,,,,,,,,,,,,,,,,,,,,,,,,,,,,,,,,,,,,,,,,,,,0,
2025,07,2178302,1,0012,1,1,20250721783021001212,,2,2,1,2,,2,37,2,2,6,5,1988,1,,,,,,,,,,,,,,,,9412,5610,3,5,3,2,1,3,7,0,0,0,0,0,7,14,,14,1,,2,,2,1,2,80,20,,,,,,,,,,,,,,1,5,2,,2,,2,,2,,1,5,2,,2,,2,,2,,2,,2,,2,,3,,5,2,2,2,2,2,2,10,5,1,346,87,,,,,,,,433,433,433,1,783.5100525559166
2025,07,2178302,1,0012,1,1,20250721783021001213,,3,3,1,2,,1,20,3,3,16,2,2005,1,,,,,,,,,,,,,,,,3255,8690,3,5,1,,2,40,0,7,7,7,7,7,7,42,,42,1,,1,1,1,1,4,1200,,,,,,,,,,,,,,,1,5,2,,2,,2,,2,,1,5,2,,2,,2,,1,5,2,,2,,2,,9,3,,2,2,2,2,2,2,10,8,1,1200,,,,,,,,,1200,1200,1200,1,686.9884531697659
2025,07,2178302,1,0012,1,1,20250721783021001214,,4,3,1,2,,2,11,,,,,,,,,,,,,,,,,,,,,,,,,,,,,,,,,,,,,,,,,,,,,,,,,,,,,,,,,,,,,,,,,,,,,,,,,,,,,,,,,,,,,,,,,,,,,,,,,,,,,,,,,,,,,,,,1,
2025,07,2178302,1,0013,1,1,20250721783021001311,,1,1,1,2,,2,46,1,1,19,8,1978,2,2,2,2,2,2,2,2,2,2,2,2,2,2,2,2,,,,,,,,,,,,,,,,,,,,,,,,,,,,,,,,,,2,5,2,2,6,,,1,5,2,,2,,2,,2,,1,5,2,,2,,2,,2,,2,,2,,2,,5,4,,2,2,2,2,2,2,10,5,4,,,,,,,,,,,,,1,656.3146748278089
2025,07,2178302,1,0013,1,1,20250721783021001312,,6,3,1,2,,2,27,6,6,13,3,1998,2,2,2,2,2,2,2,2,2,2,2,2,2,2,2,2,,,,,,,,,,,,,,,,,,,,,,,,,,,,,,,,,,2,5,2,2,7,,,1,5,2,,2,,2,,2,,1,5,2,,2,,2,,1,5,2,,2,,2,,5,4,,2,2,2,2,2,2,10,5,4,,,,,,,,,,,,,1,783.5100525559166
2025,07,2178302,1,0013,1,1,20250721783021001313,,7,4,1,2,,1,29,7,7,10,12,1995,1,,,,,,,,,,,,,,,,9333,5224,2,,3,2,1,1,0,8,8,8,8,8,8,48,,48,1,,1,1,1,1,,,,,,,,,,,,,,,,,1,6,2,,2,,2,,2,,2,,2,,2,,2,,1,5,2,,2,,2,,6,5,,2,2,2,2,2,2,10,5,1,,,1559,,,,,,,1559,1559,1559,1,798.337499849062
2025,07,2178302,1,0013,1,1,20250721783021001314,,8,5,1,2,,2,3,,,,,,,,,,,,,,,,,,,,,,,,,,,,,,,,,,,,,,,,,,,,,,,,,,,,,,,,,,,,,,,,,,,,,,,,,,,,,,,,,,,,,,,,,,,,,,,,,,,,,,,,,,,,,,,,1,
2025,07,2178302,1,0013,1,1,20250721783021001315,,3,3,1,2,,1,26,3,3,4,7,1999,1,,,,,,,,,,,,,,,,7312,2392,3,5,1,,4,200,0,8,8,8,8,8,8,48,25,73,1,,2,,2,2,2,390,,,,,,700,,,,,,,,,1,1,1,1,2,,2,,2,,2,,2,,2,,2,,1,1,2,,2,,2,,4,,6,2,2,2,2,2,2,10,5,1,1689,,,,,700,,,424,2389,1689,2813,1,798.337499849062
2025,07,2178302,1,0013,1,1,20250721783021001316,,2,3,1,2,,2,23,2,2,29,12,2001,2,2,2,2,2,2,2,2,2,2,2,2,2,2,2,2,,,,,,,,,,,,,,,,,,,,,,,,,,,,,,,,,,2,5,2,2,6,,,1,5,2,,2,,2,,2,,1,5,2,,2,,2,,2,,2,,2,,2,,3,,3,2,2,2,2,2,2,10,9,4,,,,,,,,,,,,,1,707.1806181410604
2025,07,2178302,1,0013,1,1,20250721783021001317,,4,3,1,2,,2,21,4,4,16,5,2004,2,2,2,2,2,2,2,2,2,2,2,2,2,2,2,2,,,,,,,,,,,,,,,,,,,,,,,,,,,,,,,,,,2,5,2,2,6,,,1,5,2,,2,,2,,2,,1,5,2,,2,,2,,2,,2,,2,,2,,6,5,,2,2,2,2,2,2,10,5,4,,,,,,,,,,,,,1,707.1806181410604
2025,07,2178302,1,0013,1,1,20250721783021001318,,5,4,1,2,,1,38,5,5,19,2,1987,1,,,,,,,,,,,,,,,,8181,7830,3,4,1,,2,35,0,9,9,9,9,8,5,49,,49,1,,2,,2,2,4,1132,,,,,,,,,,,,,,,1,1,1,1,2,,2,,2,,2,,2,,2,,2,,1,1,2,,2,,2,,6,5,,2,2,2,2,2,2,10,7,1,1132,,,,,,,,33,1132,1132,1165,1,798.337499849062
2025,07,2178302,1,0013,1,1,20250721783021001319,,9,5,1,2,,1,,,,,,,,,,,,,,,,,,,,,,,,,,,,,,,,,,,,,,,,,,,,,,,,,,,,,,,,,,,,,,,,,,,,,,,,,,,,,,,,,,,,,,,,,,,,,,,,,,,,,,,,,,,,,,,,,1,
2025,07,2284802,1,0001,1,1,20250722848021000111,,1,1,1,2,,2,58,1,1,26,3,1967,2,2,2,2,2,2,2,2,2,2,2,2,2,2,2,2,,,,,,,,,,,,,,,,,,,,,,,,,,,,,,,,,,2,5,1,2,6,,,1,5,2,,2,,2,,2,,1,5,2,,2,,2,,2,,2,,2,,2,,9,3,,2,2,2,2,2,2,10,7,4,,,,,,,,,,,,,1,984.4649713061618
2025,07,2284802,1,0003,1,1,20250722848021000311,,1,1,1,2,,2,52,1,1,2,6,1973,1,,,,,,,,,,,,,,,,9533,4799,2,,3,2,1,1,0,0,4,4,4,4,0,16,,16,1,,2,,2,2,,,,,,,,,,,,,,,,,1,5,2,,2,,2,,2,,1,5,2,,2,,2,,2,,2,,2,,2,,6,5,,2,2,2,2,2,2,10,7,1,,,667,,,,,,,667,667,667,1,984.4649713061618
2025,07,2284802,1,0003,1,1,20250722848021000312,,5,3,1,2,,1,32,5,5,16,11,1992,1,,,,,,,,,,,,,,,,5120,5610,3,5,1,,1,8,8,0,8,8,8,8,8,48,,48,1,,2,,2,2,4,1130,,,,,,,,,,,,,,,1,1,1,1,2,,2,,2,,2,,2,,2,,2,,2,,1,1,2,,2,,6,5,,2,2,2,2,2,2,10,7,1,1130,,,,,,,,188,1130,1130,1318,1,1197.4976852189664
2025,07,2284802,1,0003,1,1,20250722848021000313,,6,5,1,2,,1,8,,,,,,,,,,,,,,,,,,,,,,,,,,,,,,,,,,,,,,,,,,,,,,,,,,,,,,,,,,,,,,,,,,,,,,,,,,,,,,,,,,,,,,,,,,,,,,,,,,,,,,,,,,,,,,,,1,
2025,07,2284802,1,0003,1,1,20250722848021000314,,3,3,1,2,,2,28,3,3,9,12,1996,1,,,,,,,,,,,,,,,,4419,8220,3,5,1,,3,60,0,8,8,8,8,8,8,48,,48,1,,2,,2,2,4,1600,,,,,,,,,,,,,,,1,1,1,1,2,,2,,2,,2,,2,,2,,2,,1,1,2,,2,,2,,10,5,,2,2,2,2,2,2,10,7,1,1600,,,,,,,,333,1600,1600,1933,1,1175.2566733479157
2025,07,2284802,1,0003,1,1,20250722848021000315,,4,3,1,2,,1,23,4,4,8,8,2001,1,,,,,,,,,,,,,,,,4222,8220,3,5,1,,5,5000,0,0,10,10,10,10,10,50,,50,1,,2,,2,2,4,1400,,,,,,,,,,,,,,,1,1,1,1,2,,2,,2,,2,,2,,2,,2,,1,1,2,,2,,2,,9,3,,2,2,2,2,2,2,10,7,1,1400,,,,,,,,282,1400,1400,1682,1,1030.4753097511903
2025,07,2284802,1,0003,1,1,20250722848021000316,,2,2,1,2,,1,54,2,2,17,5,1971,1,,,,,,,,,,,,,,,,9313,4100,3,5,1,,1,15,0,8,8,8,8,8,8,48,,48,1,,2,,2,2,4,2200,,,,,,,,,,,,,,,1,1,1,1,2,,2,,2,,2,,2,,2,,2,,1,1,2,,2,,2,,6,5,,2,2,2,2,2,2,10,7,1,2200,,,,,,,,,2200,2200,2200,1,1089.3509090379027
2025,07,2284802,1,0004,1,1,20250722848021000411,,1,1,1,2,,2,59,1,1,3,6,1966,2,2,2,2,2,2,2,2,2,2,2,2,2,2,2,2,,,,,,,,,,,,,,,,,,,,,,,,,,,,,,,,,,2,5,1,1,6,,,1,5,2,,2,,2,,2,,1,5,2,,2,,2,,2,,2,,2,,2,,9,3,,2,2,2,2,2,2,10,7,4,,,,,,,,,,,,,1,984.4649713061618
2025,07,2284802,1,0004,1,1,20250722848021000412,,4,7,1,2,,2,72,4,4,23,9,1952,2,2,2,2,2,2,2,2,2,2,2,2,2,2,2,2,,,,,,,,,,,,,,,,,,,,,,,,,,,,,,,,,,2,5,2,2,3,,,1,5,2,,2,,2,,2,,1,5,2,,2,,2,,2,,2,,2,,2,,5,3,,2,2,2,2,2,2,10,7,4,,,,,,,,,,,,,1,984.4649713061618
2025,07,2284802,1,0004,1,1,20250722848021000413,,2,3,1,2,,1,29,2,2,28,11,1995,1,,,,,,,,,,,,,,,,4312,6419,3,5,1,,5,9998,0,8,8,8,8,8,0,40,,40,1,,2,,2,2,4,3000,,,,,,,,,,,,,,,2,3,1,1,2,,1,1,2,,2,,2,,2,,2,,1,1,2,,2,,2,,11,5,,2,2,2,2,2,2,10,7,1,3000,,,,,,,,1000,3000,3000,4000,1,1197.4976852189664
2025,07,2284802,1,0004,1,1,20250722848021000414,,3,3,1,2,,1,28,3,3,14,4,1997,1,,,,,,,,,,,,,,,,2254,8690,2,,2,2,1,1,0,8,8,8,8,8,0,40,,40,1,,2,,2,2,,,,,,,,,,,,,,,,,1,5,2,,2,,2,,2,,1,5,2,,2,,2,,1,5,2,,2,,2,,11,5,,2,2,2,2,2,2,10,7,1,,,2500,,,,,,,2500,2500,2500,1,1197.4976852189664
2025,07,2284802,1,0005,1,1,20250722848021000511,,1,1,1,2,,1,34,1,1,19,6,1991,1,,,,,,,,,,,,,,,,3513,9511,2,,2,2,1,1,0,8,8,8,8,8,8,48,,48,1,,2,,2,2,,,,,,,,,,,,,,,,,1,5,2,,2,,2,,2,,1,5,2,,2,,2,,1,5,2,,2,,2,,9,3,,2,2,2,2,2,2,10,7,1,,,1500,,,,,,,1500,1500,1500,1,1197.4976852189664
2025,07,4777801,2,0048,1,1,20250747778012004811,1,1,1,1,2,,1,41,1,1,23,1,1984,1,,,,,,,,,,,,,,,,5120,5610,3,5,2,1,1,7,10,10,10,10,10,10,10,70,,70,1,,2,,2,2,4,1500,15,,,,,,,,,,,,,,1,1,1,1,2,,2,,2,,2,,2,,2,,2,,2,,1,1,2,,2,,6,5,,2,2,2,2,2,2,1,7,1,1500,450,,,,,,,50,1950,1950,2000,1,834.6771867177595
2025,07,4777801,2,0048,1,1,20250747778012004812,1,2,2,1,2,,2,31,2,2,14,4,1994,2,2,2,2,2,2,2,2,2,2,2,2,2,2,2,2,,,,,,,,,,,,,,,,,,,,,,,,,,,,,,,,,,2,5,2,2,6,,,1,5,2,,2,,2,,2,,1,5,2,,2,,2,,2,,2,,2,,2,,6,5,,2,2,2,2,2,2,10,9,4,,,,,,,,,,,,,1,819.1748058385092
2025,07,4777801,2,0048,1,1,20250747778012004813,1,3,3,1,2,,2,7,,,,,,,,,,,,,,,,,,,,,,,,,,,,,,,,,,,,,,,,,,,,,,,,,,,,,,,,,,,,,,,,,,,,,,,,,,,,,,,,,,,,,,,,,,,,,,,,,,,,,,,,,,,,,,,,1,
2025,07,4777801,2,0048,1,1,20250747778012004814,1,4,3,1,2,,2,,,,,,,,,,,,,,,,,,,,,,,,,,,,,,,,,,,,,,,,,,,,,,,,,,,,,,,,,,,,,,,,,,,,,,,,,,,,,,,,,,,,,,,,,,,,,,,,,,,,,,,,,,,,,,,,,1,
2025,07,4777801,2,0049,1,1,20250747778012004911,1,1,1,1,2,,2,32,1,1,11,12,1992,1,,,,,,,,,,,,,,,,9412,5629,3,5,3,2,1,3,0,0,0,8,8,0,0,16,,48,2,48,1,1,1,2,2,100,20,,,,,,,,,,,,,,1,5,2,,2,,2,,2,,1,5,2,,2,,2,,2,,2,,2,,2,,3,,5,2,2,2,2,2,2,1,7,1,433,87,,,,,,,,520,520,520,1,819.1748058385092
2025,07,4777801,2,0049,1,1,20250747778012004912,1,2,2,1,2,,1,35,2,2,3,2,1990,1,,,,,,,,,,,,,,,,7212,2511,3,5,2,2,1,4,0,8,8,8,8,8,5,45,,45,1,,1,1,1,2,2,300,,,,,,,,,,,,,,,1,5,2,,2,,2,,2,,1,5,2,,2,,2,,2,,2,,2,,2,,6,5,,2,2,2,2,2,2,1,1,1,1299,,,,,,,,,1299,1299,1299,1,834.6771867177595
2025,07,4777801,2,0049,1,1,20250747778012004913,1,3,3,1,2,,2,12,,,,,,,,,,,,,,,,,,,,,,,,,,,,,,,,,,,,,,,,,,,,,,,,,,,,,,,,,,,,,,,,,,,,,,,,,,,,,,,,,,,,,,,,,,,,,,,,,,,,,,,,,,,,,,,,1,
2025,07,4777801,2,0049,1,1,20250747778012004914,1,4,3,1,2,,2,8,,,,,,,,,,,,,,,,,,,,,,,,,,,,,,,,,,,,,,,,,,,,,,,,,,,,,,,,,,,,,,,,,,,,,,,,,,,,,,,,,,,,,,,,,,,,,,,,,,,,,,,,,,,,,,,,1,
2025,07,4777801,2,0055,1,1,20250747778012005511,1,1,1,1,2,,1,39,1,1,28,6,1986,1,,,,,,,,,,,,,,,,7352,1410,2,,3,2,1,1,0,8,10,8,18,8,5,57,,57,1,,2,,2,2,,,,,,,,,,,,,,,,,1,5,2,,2,,2,,2,,1,5,2,,2,,2,,2,,2,,2,,2,,4,,6,2,2,2,2,2,2,10,7,1,,,2100,,,,,,,2100,2100,2100,1,834.6771867177595
2025,07,4777801,2,0055,1,1,20250747778012005512,1,2,2,1,2,,2,37,2,2,26,7,1987,1,,,,,,,,,,,,,,,,7352,1410,2,,3,2,1,2,0,8,8,8,8,8,8,48,,48,1,,1,1,1,2,,,,,,,,,,,,,,,,,2,5,2,,2,,2,,2,,1,5,2,,2,,2,,2,,2,,2,,2,,4,,6,2,2,2,2,2,2,10,7,1,,,2100,,,,,,,2100,2100,2100,1,819.1748058385092
2025,07,4777801,2,0055,1,1,20250747778012005513,1,3,3,1,2,,1,14,3,3,16,8,2010,1,,,,,,,,,,,,,,,,7354,1410,4,,3,2,1,2,0,4,4,4,4,4,4,24,,24,1,,2,,2,,,,,,,,,,,,,,,,,,2,5,2,,2,,2,,2,,1,5,2,,2,,2,,2,,2,,2,,2,,5,2,,2,2,2,2,2,2,10,7,1,,,,,,,,,,,,,1,718.2596201578131
2025,07,4777801,2,0055,1,1,20250747778012005514,1,4,3,1,2,,2,12,,,,,,,,,,,,,,,,,,,,,,,,,,,,,,,,,,,,,,,,,,,,,,,,,,,,,,,,,,,,,,,,,,,,,,,,,,,,,,,,,,,,,,,,,,,,,,,,,,,,,,,,,,,,,,,,1,
2025,07,19677,1,0063,1,1,202507196771006311,,1,1,1,2,,1,42,1,1,20,2,1983,1,,,,,,,,,,,,,,,,2221,8610,3,3,,,5,5001,12,12,0,0,12,12,12,60,,60,2,38,2,,2,2,4,5000,,,,,,,,,,,,,,,1,1,1,1,2,,2,,2,,2,,2,,2,,2,,1,1,2,,2,,2,,11,5,,2,2,2,2,2,2,10,7,1,5000,,,,,,,,1459,5000,5000,6459,1,1718.4406828984124
2025,07,19677,1,0063,1,1,202507196771006312,,2,2,1,2,,2,39,2,2,3,4,1986,1,,,,,,,,,,,,,,,,2221,8610,3,3,,,5,9998,12,12,12,0,0,0,12,48,,48,1,,2,,2,2,4,3000,,,,,,,,,,,,,,,1,1,1,1,2,,2,,2,,2,,2,,2,,2,,1,1,2,,2,,2,,11,5,,2,2,2,2,2,2,10,1,1,3000,,,,,,,,50,3000,3000,3050,1,1686.5242457313113
2025,07,19677,1,0063,1,1,202507196771006313,,3,3,1,2,,2,17,3,2,30,5,2008,2,2,2,2,2,2,2,2,2,2,2,2,2,2,2,2,,,,,,,,,,,,,,,,,,,,,,,,,,,,,,,,,,2,4,2,2,5,,,2,1,1,4,2,,2,,2,,2,,2,,2,,2,,2,,2,,2,,2,,6,5,,2,2,2,2,2,2,10,9,4,,,,,,,,,,,,,1,1522.2233010482491
2025,07,19677,1,0063,1,1,202507196771006314,,4,3,1,2,,1,8,,,,,,,,,,,,,,,,,,,,,,,,,,,,,,,,,,,,,,,,,,,,,,,,,,,,,,,,,,,,,,,,,,,,,,,,,,,,,,,,,,,,,,,,,,,,,,,,,,,,,,,,,,,,,,,,1,
2025,07,19677,1,0063,1,1,202507196771006315,,5,3,1,2,,1,8,,,,,,,,,,,,,,,,,,,,,,,,,,,,,,,,,,,,,,,,,,,,,,,,,,,,,,,,,,,,,,,,,,,,,,,,,,,,,,,,,,,,,,,,,,,,,,,,,,,,,,,,,,,,,,,,1,
2025,07,19677,1,0064,1,1,202507196771006411,,1,1,1,2,,1,31,1,1,8,3,1994,1,,,,,,,,,,,,,,,,2142,4321,3,5,1,,3,80,0,8,8,8,8,8,4,44,21,65,1,,2,,2,2,4,6000,,,,,,2000,,,,,,,,,1,1,1,1,2,,2,,2,,2,,2,,2,,2,,1,1,2,,2,,2,,11,5,,2,2,2,2,2,2,10,6,1,6000,,,,,2000,,,500,8000,6000,8500,1,1718.4406828984124
2025,07,19677,1,0064,1,1,202507196771006412,,2,2,1,2,,2,19,2,2,20,8,2005,1,,,,,,,,,,,,,,,,4416,7830,3,4,1,,1,10,0,8,8,8,8,8,4,44,20,60,2,60,1,1,1,2,3,700,,,,,,1500,,,,,,,,,1,1,1,1,2,,2,,2,,2,,2,,2,,2,,1,1,2,,2,,2,,10,1,,2,2,2,2,2,2,10,6,1,1400,,,,,1500,,,58,2900,1400,2958,1,1522.2233010482491
2025,07,19677,1,0064,1,1,202507196771006413,,3,3,1,2,,1,,,,,,,,,,,,,,,,,,,,,,,,,,,,,,,,,,,,,,,,,,,,,,,,,,,,,,,,,,,,,,,,,,,,,,,,,,,,,,,,,,,,,,,,,,,,,,,,,,,,,,,,,,,,,,,,,1,
2025,07,19677,1,0065,1,1,202507196771006511,,1,1,1,2,,1,81,1,1,31,8,1943,2,2,2,2,2,2,2,2,2,2,2,2,2,2,2,2,,,,,,,,,,,,,,,,,,,,,,,,,,,,,,,,,,2,6,1,2,3,,,1,1,1,3,2,,2,,2,,2,,2,,2,,2,,2,,1,3,2,,2,,6,5,,2,2,2,2,2,2,10,7,4,,,,,,,,,,,,,1,1563.2472138773287
2025,07,19677,1,0065,1,1,202507196771006512,,2,2,1,2,,2,65,2,2,29,9,1959,2,2,2,2,2,2,2,2,2,2,2,2,2,2,2,2,,,,,,,,,,,,,,,,,,,,,,,,,,,,,,,,,,2,5,2,2,7,,,1,1,1,4,2,,2,,2,,2,,2,,2,,2,,2,,2,,2,,2,,9,3,,2,2,2,2,2,2,10,8,4,,,,,,,,,,,,,1,1412.7331338194492
2025,07,19677,1,0065,1,1,202507196771006513,,4,3,1,2,,2,42,4,4,8,2,1983,1,,,,,,,,,,,,,,,,4417,4630,3,5,1,,1,4,0,4,0,4,0,4,0,12,,12,2,6,1,1,1,2,4,500,,,,,,,,,,,,,,,1,5,2,,2,,2,,2,,1,5,2,,2,,2,,2,,1,5,2,,2,,9,3,,2,2,2,2,2,2,10,1,1,500,,,,,,,,84,500,500,584,1,1686.5242457313113
2025,07,19677,1,0065,1,1,202507196771006514,,3,3,1,1,,1,41,,,,,,,,,,,,,,,,,,,,,,,,,,,,,,,,,,,,,,,,,,,,,,,,,,,,,,,,,,,,,,,,,,,,,,,,,,,,,,,,,,,,,,,,,,,,,,,,,,,,,,,,,,,,,,,,0,
2025,07,19677,1,0065,1,1,202507196771006515,,7,3,1,2,,2,38,7,7,24,8,1986,1,,,,,,,,,,,,,,,,4120,3315,3,5,1,,1,10,0,8,8,8,8,8,4,44,,44,1,,2,,2,1,3,700,12,,,,,,,,,,,,,,1,5,2,,2,,2,,2,,1,5,2,,2,,2,,1,5,2,,2,,2,,9,3,,2,2,2,2,2,2,10,7,1,1400,360,,,,,,,75,1760,1760,1835,1,1686.5242457313113
2025,07,19677,1,0065,1,1,202507196771006516,,6,5,1,2,,1,11,,,,,,,,,,,,,,,,,,,,,,,,,,,,,,,,,,,,,,,,,,,,,,,,,,,,,,,,,,,,,,,,,,,,,,,,,,,,,,,,,,,,,,,,,,,,,,,,,,,,,,,,,,,,,,,,1,
2025,07,19677,1,0065,1,1,202507196771006517,,5,5,1,2,,1,2,,,,,,,,,,,,,,,,,,,,,,,,,,,,,,,,,,,,,,,,,,,,,,,,,,,,,,,,,,,,,,,,,,,,,,,,,,,,,,,,,,,,,,,,,,,,,,,,,,,,,,,,,,,,,,,,1,
