ANIO,MES,CONGLOMERADO,MUESTRA,SELVIV,HOGAR,REGION,LLAVE_PANEL,ESTRATO,C201,C203,C204,C205,C206,C207,C208,C300n,NROINF,C301_DIA,C301_MES,C301_ANIO,C303,C304,C305,C306_1,C306_2,C306_3,C306_4,C306_5,C306_6,C306_7,C306_8,C306_9,C306_10,C306_10A,C306_11,C306A,C308_COD,C309_COD,C310,C311,C312,C313,C317,C317A,C318_1,C318_2,C318_3,C318_4,C318_5,C318_6,C318_7,C318_T,C328_T,whoraT,C330,C331,C333,C334,P209H,C335,C338,C339_1,C341_T,C342,C344,C345_1,C347_T,C348,C350,C352,C353,C354,C355,C356,C357_I,C358,C359,SEGURO1,C361_1,C362_1,C361_2,C362_2,C361_3,C362_3,C361_4,C362_4,C361_5,C362_5,C361_6,C362_6,C361_7,C362_7,C361_8,C362_8,C364_1,C365_1,C364_2,C365_2,C364_3,C365_3,C364_4,C365_4,C366,C366_1,C366_2,C375_1,C375_2,C375_3,C375_4,C375_5,C375_6,C376,C377,OCUP300,I339_1,D341_T,I342,D344,I345_1,I348,D347_T,D350,D351_T,INGTOT,INGTOTP,ingtrabw,RESIDENT,fa_aso25
2025,08,23462,1,0034,1,1,202508234621003411,1,1,1,1,2,,2,38,1,1,24,8,1986,2,2,2,2,2,2,2,2,2,2,2,2,2,2,2,2,,,,,,,,,,,,,,,,,,,,,,,,,,,,,,,,,,2,5,2,2,6,,,1,5,2,,2,,2,,2,,1,5,2,,2,,2,,2,,2,,2,,2,,6,5,,2,2,2,2,2,2,1,7,4,,,,,,,,,,,,,1,1122.085497233697
2025,08,23462,1,0034,1,1,202508234621003412,1,2,3,1,2,,2,15,2,2,9,6,2010,2,2,2,2,2,2,2,2,2,2,2,2,2,2,2,2,,,,,,,,,,,,,,,,,,,,,,,,,,,,,,,,,,2,4,2,2,5,,,2,5,2,,2,,2,,2,,1,5,2,,2,,2,,2,,2,,2,,2,,5,2,,2,2,2,2,2,2,10,7,4,,,,,,,,,,,,,1,1088.9642655515163
2025,08,23462,1,0034,1,1,202508234621003413,1,3,3,1,2,,1,13,,,,,,,,,,,,,,,,,,,,,,,,,,,,,,,,,,,,,,,,,,,,,,,,,,,,,,,,,,,,,,,,,,,,,,,,,,,,,,,,,,,,,,,,,,,,,,,,,,,,,,,,,,,,,,,,1,
2025,08,2372502,1,0085,1,1,20250823725021008511,1,1,1,1,2,,2,41,1,1,5,6,1984,2,2,2,2,2,2,2,2,2,2,2,2,2,2,2,2,,,,,,,,,,,,,,,,,,,,,,,,,,,,,,,,,,2,5,2,2,6,,,1,5,2,,2,,2,,2,,1,5,2,,2,,2,,2,,1,5,2,,2,,10,3,,2,2,2,2,2,2,10,7,4,,,,,,,,,,,,,1,895.2171609507483
2025,08,2372502,1,0085,1,1,20250823725021008512,1,2,3,1,2,,1,19,2,2,8,9,2005,2,2,2,2,2,2,2,2,2,2,2,2,2,2,2,2,,,,,,,,,,,,,,,,,,,,,,,,,,,,,,,,,,2,4,2,2,5,,,1,5,2,,2,,2,,2,,1,5,2,,2,,2,,2,,2,,2,,2,,10,1,,2,2,2,2,2,2,10,7,4,,,,,,,,,,,,,1,814.2919350332219
2025,08,2372502,1,0085,1,1,20250823725021008513,1,3,3,1,2,,2,10,,,,,,,,,,,,,,,,,,,,,,,,,,,,,,,,,,,,,,,,,,,,,,,,,,,,,,,,,,,,,,,,,,,,,,,,,,,,,,,,,,,,,,,,,,,,,,,,,,,,,,,,,,,,,,,,1,
2025,08,21022,1,0050,1,1,202508210221005011,1,1,1,1,2,,2,64,1,1,27,7,1961,2,2,2,2,2,2,2,2,2,2,2,2,2,2,2,2,,,,,,,,,,,,,,,,,,,,,,,,,,,,,,,,,,2,5,1,2,6,,,1,1,1,3,2,,2,,2,,2,,2,,2,,2,,1,3,2,,2,,2,,11,5,,2,2,2,2,2,2,10,7,4,,,,,,,,,,,,,1,972.5941187560289
2025,08,21022,1,0050,1,1,202508210221005012,1,2,3,1,2,,1,29,2,2,10,2,1996,1,,,,,,,,,,,,,,,,4222,8220,3,5,2,1,2,30,0,10,10,10,10,10,0,50,,50,1,,2,,2,2,4,1500,,,,,,,,,,,,,,,1,1,1,1,2,,2,,2,,2,,2,,2,,2,,1,1,2,,2,,2,,10,1,,2,2,2,2,2,2,10,7,1,1500,,,,,,,,,1500,1500,1500,1,1189.616813781813
2025,08,21022,1,0050,1,1,202508210221005013,1,3,3,1,2,,1,26,3,3,4,11,1998,1,,,,,,,,,,,,,,,,4416,8220,3,5,1,,2,50,0,8,8,8,8,8,8,48,,48,1,,2,,2,2,4,1500,,,,,,,,,,,,,,,1,3,1,1,2,,1,1,2,,2,,2,,2,,2,,1,1,2,,2,,2,,10,3,,2,2,2,2,2,2,10,6,1,1500,,,,,,,,250,1500,1500,1750,1,1189.616813781813
2025,08,21022,1,0050,1,1,202508210221005014,1,4,3,1,2,,2,16,4,4,27,5,2009,2,2,2,2,2,2,2,2,2,2,2,2,2,2,2,2,,,,,,,,,,,,,,,,,,,,,,,,,,,,,,,,,,2,4,1,2,5,,,1,1,1,4,2,,2,,2,,2,,2,,2,,2,,2,,2,,2,,2,,10,1,,2,2,2,2,2,2,10,7,4,,,,,,,,,,,,,1,1116.9318706359238
2025,08,25919,1,0037,1,1,202508259191003711,1,1,1,1,2,,2,83,1,1,5,6,1942,2,2,2,2,2,2,2,2,2,2,2,2,2,2,2,2,,,,,,,,,,,,,,,,,,,,,,,,,,,,,,,,,,2,5,2,2,3,,,1,1,1,4,2,,2,,2,,2,,2,,2,,2,,2,,2,,2,,2,,3,3,,2,2,2,2,2,2,10,6,4,,,,,,,,,,,,,1,690.9119037462293
2025,08,25919,1,0037,1,1,202508259191003712,1,2,3,1,2,,1,66,2,2,16,1,1959,1,,,,,,,,,,,,,,,,7411,4321,2,,3,2,1,1,0,0,6,6,0,6,0,18,,18,1,,1,1,1,2,,,,,,,,,,,,,,,,,1,5,2,,2,,2,,2,,1,5,2,,2,,2,,2,,1,5,2,,2,,6,5,,2,2,2,2,2,2,10,6,1,,,1000,,,,,,,1000,1000,1000,1,780.3898381722435
2025,08,2214401,1,0050,1,1,20250822144011005011,1,1,1,1,2,,2,67,1,1,24,3,1958,2,2,2,2,2,2,2,2,2,2,2,2,2,2,2,2,,,,,,,,,,,,,,,,,,,,,,,,,,,,,,,,,,2,5,1,1,1,,,1,5,2,,2,,2,,2,,1,5,2,,2,,2,,2,,1,5,2,,2,,6,5,,2,2,2,2,2,2,10,7,3,,,,,,,,,,,,,1,679.6621156584596
2025,08,2214401,1,0050,1,1,20250822144011005012,1,2,3,1,2,,2,28,2,2,24,5,1997,1,,,,,,,,,,,,,,,,4224,8610,3,3,,,5,9998,0,8,8,8,8,8,8,48,,48,1,,2,,2,1,4,1200,,,,,,,,,,,,,,,2,1,1,1,2,,2,,2,,2,,2,,2,,2,,1,1,2,,2,,2,,10,3,,2,2,2,2,2,2,10,7,1,1200,,,,,,,,108,1200,1200,1308,1,804.267330469082
2025,08,2214401,1,0050,1,1,20250822144011005013,1,3,5,1,2,,1,17,3,3,24,11,2007,2,2,2,2,2,2,2,2,2,2,2,2,2,2,2,2,,,,,,,,,,,,,,,,,,,,,,,,,,,,,,,,,,2,5,1,2,3,,,2,5,2,,2,,2,,2,,1,5,2,,2,,2,,2,,2,,2,,2,,5,2,,2,2,2,2,2,2,10,7,4,,,,,,,,,,,,,1,731.5637248465384
2025,08,2214401,1,0050,1,1,20250822144011005014,1,4,5,1,2,,1,12,,,,,,,,,,,,,,,,,,,,,,,,,,,,,,,,,,,,,,,,,,,,,,,,,,,,,,,,,,,,,,,,,,,,,,,,,,,,,,,,,,,,,,,,,,,,,,,,,,,,,,,,,,,,,,,,1,
2025,08,19530,1,0158,1,1,202508195301015811,1,1,1,1,2,,2,49,1,1,26,6,1976,2,2,2,2,2,2,2,2,2,2,2,2,2,2,2,2,,,,,,,,,,,,,,,,,,,,,,,,,,,,,,,,,,2,5,2,2,6,,,1,5,2,,2,,2,,2,,1,5,2,,2,,2,,2,,2,,2,,2,,6,5,,2,2,2,2,2,2,10,8,4,,,,,,,,,,,,,1,1203.6954840027663
2025,08,19530,1,0158,1,1,202508195301015812,1,2,3,1,2,,1,20,2,2,17,11,2004,1,,,,,,,,,,,,,,,,9333,4663,3,5,2,2,1,14,0,6,6,6,6,6,6,36,,36,1,,2,,2,2,4,1200,,,,,,,,,,,,,,,2,1,1,1,2,,2,,2,,2,,2,,2,,2,,1,1,2,,2,,2,,9,3,,2,2,2,2,2,2,10,7,1,1200,,,,,,,,,1200,1200,1200,1,1295.6142935889711
2025,08,19530,1,0158,1,1,202508195301015813,1,3,3,1,2,,2,18,3,3,1,1,2007,2,2,2,2,2,2,2,2,2,2,2,2,2,2,2,2,,,,,,,,,,,,,,,,,,,,,,,,,,,,,,,,,,2,4,2,2,5,,,2,6,2,,2,,2,,2,,2,,2,,2,,2,,2,,2,,2,,2,,10,1,,2,2,2,2,2,2,10,8,4,,,,,,,,,,,,,1,1382.3298153836276
2025,08,19530,1,0158,1,1,202508195301015814,1,4,3,1,2,,2,16,4,4,14,8,2008,2,2,2,2,2,2,2,2,2,2,2,2,2,2,2,2,,,,,,,,,,,,,,,,,,,,,,,,,,,,,,,,,,2,4,2,2,5,,,2,6,2,,2,,2,,2,,2,,2,,2,,2,,2,,2,,2,,2,,5,4,,2,2,2,2,2,2,10,5,4,,,,,,,,,,,,,1,1382.3298153836276
2025,08,27032,1,0064,1,1,202508270321006411,1,1,1,1,2,,1,85,1,1,13,5,1940,2,2,2,2,2,2,2,2,2,2,2,2,2,2,2,2,,,,,,,,,,,,,,,,,,,,,,,,,,,,,,,,,,2,6,2,2,7,,,1,1,1,3,2,,2,,2,,2,,2,,2,,2,,2,,2,,1,3,2,,5,3,,2,2,2,2,2,2,10,7,4,,,,,,,,,,,,,1,848.3872514029256
2025,08,27032,1,0064,1,1,202508270321006412,1,2,2,1,2,,2,91,2,1,25,8,1933,2,2,2,2,2,2,2,2,2,2,2,2,2,2,2,2,,,,,,,,,,,,,,,,,,,,,,,,,,,,,,,,,,2,7,2,2,3,,,1,1,1,3,2,,2,,2,,2,,2,,2,,2,,2,,2,,1,3,2,,6,5,,2,2,2,2,2,2,10,7,4,,,,,,,,,,,,,1,751.1128698877956
2025,08,28659,1,0089,1,1,202508286591008911,1,1,1,1,2,,2,29,1,1,13,4,1996,2,2,2,2,2,2,2,2,2,2,2,2,2,2,2,2,,,,,,,,,,,,,,,,,,,,,,,,,,,,,,,,,,2,5,2,2,7,,,1,1,1,5,2,,2,,2,,2,,2,,2,,2,,1,5,2,,2,,2,,6,5,,2,2,2,2,2,2,10,7,4,,,,,,,,,,,,,1,1055.4139163305344
2025,08,29317,1,0034,1,1,202508293171003411,1,1,1,1,2,,2,25,1,1,26,1,2000,2,2,2,2,2,2,2,2,2,2,2,2,2,2,2,2,,,,,,,,,,,,,,,,,,,,,,,,,,,,,,,,,,2,5,1,2,6,,,1,5,2,,2,,2,,2,,1,5,2,,2,,2,,2,,2,,2,,2,,9,3,,2,2,2,2,2,2,10,7,4,,,,,,,,,,,,,1,1422.9345072302576
2025,08,29317,1,0034,1,1,202508293171003412,1,2,2,1,2,,1,30,2,1,24,7,1995,1,,,,,,,,,,,,,,,,5223,4711,3,5,1,,3,100,0,8,8,8,8,8,0,40,,40,1,,1,1,1,2,4,1500,,,,,,,,,,,,,,,1,1,1,1,2,,2,,2,,2,,2,,2,,2,,1,1,2,,2,,2,,9,3,,2,2,2,2,2,2,10,7,1,1500,,,,,,,,500,1500,1500,2000,1,1470.7979006101823
2025,08,29317,1,0034,1,1,202508293171003413,1,3,3,1,2,,2,2,,,,,,,,,,,,,,,,,,,,,,,,,,,,,,,,,,,,,,,,,,,,,,,,,,,,,,,,,,,,,,,,,,,,,,,,,,,,,,,,,,,,,,,,,,,,,,,,,,,,,,,,,,,,,,,,1,
2025,08,29317,1,0034,1,1,202508293171003414,1,4,7,1,2,,1,27,4,1,16,9,1997,1,,,,,,,,,,,,,,,,3513,9511,2,,2,2,1,1,0,11,11,11,11,11,11,66,,66,1,,2,,2,2,,,,,,,,,,,,,,,,,1,5,2,,2,,2,,2,,1,5,2,,2,,2,,2,,2,,2,,2,,9,3,,2,2,2,2,2,2,10,7,1,,,2000,,,,,,,2000,2000,2000,1,1470.7979006101823
2025,08,17851,1,0025,1,1,202405178511002511,1,1,1,1,2,,2,53,1,2,5,7,1972,1,,,,,,,,,,,,,,,,2359,8521,3,5,1,,1,20,0,0,0,8,8,8,8,32,,48,2,48,2,,2,2,4,1200,,,,,,,,,,,,,,,1,5,2,,2,,2,,2,,1,5,2,,2,,2,,2,,2,,2,,2,,6,5,,2,2,2,2,2,2,10,7,1,1200,,,,,,,,,1200,1200,1200,1,382.35457380187404
2025,08,17851,1,0025,1,1,202405178511002512,1,2,6,1,2,,2,79,2,2,10,9,1945,2,2,2,2,2,2,2,2,2,2,2,2,2,2,2,2,,,,,,,,,,,,,,,,,,,,,,,,,,,,,,,,,,2,5,2,2,3,,,1,5,2,,2,,2,,2,,1,5,2,,2,,2,,2,,2,,2,,2,,5,3,,2,2,2,2,2,2,10,7,4,,,,,,,,,,,,,1,382.35457380187404
2025,08,17314,1,0057,1,1,202505173141005711,1,1,1,1,2,,2,55,1,3,4,3,1970,2,2,2,2,2,2,2,2,2,2,2,2,2,2,2,2,,,,,,,,,,,,,,,,,,,,,,,,,,,,,,,,,,2,5,1,2,7,,,1,5,2,,2,,2,,2,,1,5,2,,2,,2,,2,,2,,2,,2,,6,5,,2,2,2,2,2,2,10,7,4,,,,,,,,,,,,,1,335.4201028473507
2025,08,17314,1,0057,1,1,202505173141005712,1,2,3,1,2,,2,33,2,2,2,12,1991,1,,,,,,,,,,,,,,,,2421,9499,3,5,1,,1,20,0,0,0,8,8,8,0,24,,40,2,40,2,,2,2,4,3000,,,,,,,,,,,,,,,1,1,1,1,2,,2,,2,,2,,2,,2,,2,,2,,1,1,2,,2,,11,5,,2,2,2,2,2,2,10,7,1,3000,,,,,,,,450,3000,3000,3450,1,396.91403196918196
2025,08,17314,1,0057,1,1,202505173141005713,1,3,3,1,2,,2,25,3,3,11,10,1999,2,2,2,2,2,2,2,2,2,2,2,2,2,2,2,2,,,,,,,,,,,,,,,,,,,,,,,,,,,,,,,,,,2,5,1,1,13,7,8,1,5,2,,2,,2,,2,,1,5,2,,2,,2,,1,5,2,,2,,2,,11,5,,2,2,2,2,2,2,10,7,2,,,,,,,,,,,,,1,396.91403196918196
2025,08,17314,1,0057,1,1,202505173141005714,1,4,5,1,2,,1,7,,,,,,,,,,,,,,,,,,,,,,,,,,,,,,,,,,,,,,,,,,,,,,,,,,,,,,,,,,,,,,,,,,,,,,,,,,,,,,,,,,,,,,,,,,,,,,,,,,,,,,,,,,,,,,,,1,
2025,08,1755301,1,0072,1,1,20240817553011007211,1,1,1,1,2,,1,54,1,1,30,1,1971,1,,,,,,,,,,,,,,,,9611,8411,3,2,,,5,1000,8,8,0,8,8,8,8,48,,48,1,,2,,2,2,4,1400,,,,,,,,,,,,,,,1,1,1,1,2,,2,,2,,2,,2,,2,,2,,1,1,2,,2,,2,,3,4,,2,2,2,2,2,2,10,9,1,1400,,,,,,,,200,1400,1400,1600,1,420.51173068446377
2025,08,1755301,1,0072,1,1,20240817553011007212,1,2,2,1,2,,2,49,2,2,29,9,1975,1,,,,,,,,,,,,,,,,9611,8411,3,2,,,5,1000,0,8,8,8,8,8,8,48,,48,1,,2,,2,2,4,1200,,,,,,,,,,,,,,,1,1,1,1,2,,2,,2,,2,,2,,2,,2,,1,1,2,,2,,2,,6,5,,2,2,2,2,2,2,1,1,1,1200,,,,,,,,200,1200,1200,1400,1,372.29669862858833
2025,08,1755301,1,0072,1,1,20240817553011007213,1,3,3,1,2,,2,18,3,3,21,12,2006,2,2,2,2,2,2,2,2,2,2,2,2,2,2,2,2,,,,,,,,,,,,,,,,,,,,,,,,,,,,,,,,,,2,4,2,2,5,,,1,6,2,,2,,2,,2,,2,,2,,2,,2,,2,,2,,2,,2,,6,5,,2,2,2,2,2,2,10,7,4,,,,,,,,,,,,,1,427.54736021092185
2025,08,1755301,1,0072,1,1,20240817553011007214,1,4,3,1,2,,1,15,4,4,2,10,2009,2,2,2,2,2,2,2,2,2,2,2,2,2,2,2,2,,,,,,,,,,,,,,,,,,,,,,,,,,,,,,,,,,2,4,2,2,5,,,1,1,1,4,2,,2,,2,,2,,2,,2,,2,,2,,2,,2,,2,,5,3,,2,2,2,2,2,2,10,7,4,,,,,,,,,,,,,1,400.72670422852235
2025,08,1755301,1,0072,1,1,20240817553011007215,1,5,3,1,2,,2,12,,,,,,,,,,,,,,,,,,,,,,,,,,,,,,,,,,,,,,,,,,,,,,,,,,,,,,,,,,,,,,,,,,,,,,,,,,,,,,,,,,,,,,,,,,,,,,,,,,,,,,,,,,,,,,,,1,
2025,08,23617,1,0166,1,1,202405236171016611,1,1,1,1,2,,1,40,1,1,10,6,1985,2,2,2,2,2,2,2,2,2,2,2,2,2,2,2,2,,,,,,,,,,,,,,,,,,,,,,,,,,,,,,,,,,2,5,1,2,6,,,1,5,2,,2,,2,,2,,1,5,2,,2,,2,,2,,1,5,2,,2,,10,1,,2,2,2,2,2,2,10,7,4,,,,,,,,,,,,,1,1200.9544540452878
2025,08,23617,1,0166,1,1,202405236171016612,1,2,2,1,2,,2,43,2,2,20,5,1982,1,,,,,,,,,,,,,,,,9549,4789,2,,3,2,1,1,0,6,6,0,6,6,6,30,,30,1,,1,2,2,2,,,,,,,,,,,,,,,,,1,5,2,,2,,2,,2,,1,5,2,,2,,2,,2,,2,,2,,2,,6,5,,2,2,2,2,2,2,10,7,1,,,1009,,,,,,,1009,1009,1009,1,1161.872432347069
2025,08,23617,1,0166,1,1,202405236171016613,1,3,3,1,2,,2,21,3,3,30,5,2004,2,2,2,2,2,2,2,2,2,2,2,2,2,2,2,2,,,,,,,,,,,,,,,,,,,,,,,,,,,,,,,,,,1,4,1,1,12,,1,1,1,1,5,2,,2,,2,,2,,2,,2,,2,,1,5,2,,2,,2,,9,3,,2,2,2,2,2,2,10,7,2,,,,,,,,,,,,,1,1127.5767872186198
2025,08,23617,1,0166,1,1,202405236171016614,1,4,3,1,2,,2,7,,,,,,,,,,,,,,,,,,,,,,,,,,,,,,,,,,,,,,,,,,,,,,,,,,,,,,,,,,,,,,,,,,,,,,,,,,,,,,,,,,,,,,,,,,,,,,,,,,,,,,,,,,,,,,,,1,
2025,08,23617,1,0166,1,1,202405236171016615,1,5,3,1,2,,1,2,,,,,,,,,,,,,,,,,,,,,,,,,,,,,,,,,,,,,,,,,,,,,,,,,,,,,,,,,,,,,,,,,,,,,,,,,,,,,,,,,,,,,,,,,,,,,,,,,,,,,,,,,,,,,,,,1,
2025,08,46904,1,0104,1,1,202405469041010411,1,1,1,1,2,,2,57,1,1,7,5,1968,2,2,2,2,2,2,2,2,2,2,2,2,2,2,1,,5213,4781,9,,3,2,1,2,0,4,4,4,4,4,0,20,,20,1,,2,,2,,,,,,,,,,,,,,,,,,1,5,2,,2,,2,,2,,1,5,2,,2,,2,,2,,2,,2,,2,,3,3,,2,2,2,2,2,2,1,1,1,,,,,,,,,,0,0,,1,771.0013229876106
2025,08,46904,1,0104,1,1,202405469041010412,1,2,3,1,1,,2,35,,,,,,,,,,,,,,,,,,,,,,,,,,,,,,,,,,,,,,,,,,,,,,,,,,,,,,,,,,,,,,,,,,,,,,,,,,,,,,,,,,,,,,,,,,,,,,,,,,,,,,,,,,,,,,,,0,
2025,08,46904,1,0104,1,1,202405469041010414,1,3,3,1,2,,2,13,,,,,,,,,,,,,,,,,,,,,,,,,,,,,,,,,,,,,,,,,,,,,,,,,,,,,,,,,,,,,,,,,,,,,,,,,,,,,,,,,,,,,,,,,,,,,,,,,,,,,,,,,,,,,,,,1,
2025,08,46904,1,0104,1,1,202405469041010413,1,4,5,1,2,,2,12,,,,,,,,,,,,,,,,,,,,,,,,,,,,,,,,,,,,,,,,,,,,,,,,,,,,,,,,,,,,,,,,,,,,,,,,,,,,,,,,,,,,,,,,,,,,,,,,,,,,,,,,,,,,,,,,1,
2025,08,46904,1,0104,2,1,202405469041010421,1,1,1,1,1,,1,36,,,,,,,,,,,,,,,,,,,,,,,,,,,,,,,,,,,,,,,,,,,,,,,,,,,,,,,,,,,,,,,,,,,,,,,,,,,,,,,,,,,,,,,,,,,,,,,,,,,,,,,,,,,,,,,,0,
2025,08,46904,1,0104,2,1,202405469041010422,1,2,2,1,2,,2,32,2,2,2,11,1992,2,2,2,2,2,2,2,2,2,2,2,2,2,2,2,2,,,,,,,,,,,,,,,,,,,,,,,,,,,,,,,,,,2,5,2,2,6,,,1,5,2,,2,,2,,2,,1,5,2,,2,,2,,2,,2,,2,,2,,6,5,,2,2,2,2,2,2,1,1,4,,,,,,,,,,,,,1,912.3521254772735
2025,08,46904,1,0104,2,1,202405469041010423,1,3,3,1,2,,2,14,3,3,23,5,2011,2,2,2,2,2,2,2,2,2,2,2,2,2,2,2,2,,,,,,,,,,,,,,,,,,,,,,,,,,,,,,,,,,2,5,2,2,3,,,2,5,2,,2,,2,,2,,1,5,2,,2,,2,,2,,2,,2,,2,,5,1,,2,2,2,2,2,2,10,7,4,,,,,,,,,,,,,1,885.4217122439142
2025,08,20705,1,0081,1,1,202408207051008111,1,1,1,1,2,,2,38,1,1,11,8,1986,2,2,2,2,2,2,2,2,2,2,2,2,2,2,2,2,,,,,,,,,,,,,,,,,,,,,,,,,,,,,,,,,,2,5,2,2,6,,,1,5,2,,2,,2,,2,,1,5,2,,2,,2,,2,,2,,2,,2,,3,,5,2,2,2,2,2,2,10,6,4,,,,,,,,,,,,,1,911.3403115976807
2025,08,20705,1,0081,1,1,202408207051008114,1,2,3,1,2,,1,5,,,,,,,,,,,,,,,,,,,,,,,,,,,,,,,,,,,,,,,,,,,,,,,,,,,,,,,,,,,,,,,,,,,,,,,,,,,,,,,,,,,,,,,,,,,,,,,,,,,,,,,,,,,,,,,,1,
2025,08,24499,1,0068,1,1,202408244991006811,1,1,1,1,2,,2,65,1,1,15,3,1960,2,2,2,2,2,2,2,2,2,2,2,2,2,2,2,2,,,,,,,,,,,,,,,,,,,,,,,,,,,,,,,,,,2,6,2,2,3,,,2,1,1,4,2,,2,,2,,2,,2,,2,,2,,2,,2,,2,,2,,6,5,,2,2,2,2,2,2,10,1,4,,,,,,,,,,,,,1,950.221857407639
2025,08,24499,1,0068,1,1,202408244991006812,1,2,3,1,2,,1,23,2,2,22,6,2002,1,,,,,,,,,,,,,,,,2142,4220,3,5,1,,3,60,0,0,0,8,8,8,0,24,,40,2,40,2,,2,2,4,2500,,,,,,,,,,,,,,,1,1,1,1,2,,2,,2,,2,,2,,2,,2,,1,1,2,,2,,2,,11,5,,2,2,2,2,2,2,10,7,1,2500,,,,,,,,832,2500,2500,3332,1,1022.7844474783865
2025,08,26074,1,0101,1,1,202508260741010111,1,1,1,1,2,,2,63,1,1,9,9,1961,2,2,2,2,2,2,2,2,2,2,2,2,2,2,2,2,,,,,,,,,,,,,,,,,,,,,,,,,,,,,,,,,,2,5,1,1,7,,,1,5,2,,2,,2,,2,,1,5,2,,2,,2,,2,,2,,2,,2,,10,2,,2,2,2,2,2,2,10,6,3,,,,,,,,,,,,,1,736.8524913336784
2025,08,2578501,1,0022,1,1,20240825785011002211,1,1,1,1,2,,2,47,1,1,19,10,1977,1,,,,,,,,,,,,,,,,2631,8430,3,3,,,5,998,0,8,8,8,8,8,0,40,,40,1,,2,,2,2,4,14000,,,,,,,,,,,,,,,1,1,1,1,2,,2,,2,,2,,2,,2,,2,,1,1,2,,2,,2,,11,5,,2,2,2,2,2,2,10,7,1,14000,,,,,,,,50,14000,14000,14050,1,926.8117867366557
2025,08,2578501,1,0022,1,1,20240825785011002212,1,2,2,1,2,,1,54,2,2,22,5,1971,1,,,,,,,,,,,,,,,,2611,8412,3,2,,,5,998,0,0,0,8,8,8,0,24,,40,2,40,1,1,1,2,4,8000,,,,,,,,,,,,,,,1,1,1,1,2,,2,,2,,2,,2,,2,,2,,1,1,2,,2,,2,,11,6,,2,2,2,2,2,2,10,7,1,8000,,,,,,,,50,8000,8000,8050,1,1046.8404095310013
2025,08,2578501,1,0022,1,1,20240825785011002213,1,3,3,1,2,,1,18,3,3,26,11,2006,2,2,2,2,2,2,2,2,2,2,2,2,2,2,2,2,,,,,,,,,,,,,,,,,,,,,,,,,,,,,,,,,,2,4,2,2,5,,,2,2,2,,1,4,2,,2,,2,,2,,2,,2,,2,,2,,2,,2,,10,1,,2,2,2,2,2,2,10,7,4,,,,,,,,,,,,,1,997.5866939116843
2025,08,2578501,1,0022,1,1,20240825785011002214,1,4,3,1,2,,2,12,,,,,,,,,,,,,,,,,,,,,,,,,,,,,,,,,,,,,,,,,,,,,,,,,,,,,,,,,,,,,,,,,,,,,,,,,,,,,,,,,,,,,,,,,,,,,,,,,,,,,,,,,,,,,,,,1,
2025,08,20507,1,0026,1,1,202505205071002611,1,1,1,1,2,,1,74,1,1,2,7,1951,2,2,2,2,2,2,2,2,2,2,2,2,2,2,2,2,,,,,,,,,,,,,,,,,,,,,,,,,,,,,,,,,,2,6,2,2,3,,,1,1,1,3,2,,2,,2,,2,,2,,2,,2,,2,,1,3,2,,2,,11,5,,2,2,2,2,2,2,10,7,4,,,,,,,,,,,,,1,989.4162624926595
2025,08,20507,1,0026,1,1,202505205071002613,1,3,3,1,2,,1,30,3,3,15,2,1995,2,2,2,2,2,2,2,2,2,2,2,2,2,2,2,2,,,,,,,,,,,,,,,,,,,,,,,,,,,,,,,,,,2,4,1,2,5,,,1,5,2,,2,,2,,2,,1,5,2,,2,,2,,1,5,2,,2,,2,,10,4,,2,2,2,2,2,2,10,7,4,,,,,,,,,,,,,1,1071.4343574125521
2025,08,20507,1,0026,1,1,202505205071002614,1,4,3,1,2,,1,26,4,4,15,12,1998,1,,,,,,,,,,,,,,,,5131,5610,3,5,2,2,1,8,0,0,0,0,10,10,10,30,,48,2,48,2,,2,2,2,300,,,,,,,,,,,,,,,2,5,2,,2,,2,,2,,1,5,2,,2,,2,,2,,2,,2,,2,,10,4,,2,2,2,2,2,2,10,7,1,1299,,,,,,,,,1299,1299,1299,1,1071.4343574125521
2025,08,20507,1,0026,1,1,202505205071002612,1,2,2,1,1,,2,60,,,,,,,,,,,,,,,,,,,,,,,,,,,,,,,,,,,,,,,,,,,,,,,,,,,,,,,,,,,,,,,,,,,,,,,,,,,,,,,,,,,,,,,,,,,,,,,,,,,,,,,,,,,,,,,,0,
2025,08,25290,1,0021,1,1,202408252901002111,1,1,1,1,2,,2,69,1,1,30,11,1955,1,,,,,,,,,,,,,,,,3221,8610,3,2,,,5,9998,0,0,0,0,10,10,10,30,,50,2,50,2,,2,2,4,3000,,,,,,,,,,,,,,,1,1,1,1,2,,2,,2,,2,,2,,2,,2,,2,,1,1,2,,2,,9,3,,2,2,2,2,2,2,1,1,1,3000,,,,,,,,50,3000,3000,3050,1,685.7006376479834
2025,08,25290,1,0021,1,1,202408252901002112,1,2,3,1,2,,2,54,2,2,17,6,1971,2,1,,,,,,,,,,,,,,,2611,8411,3,2,,,5,9998,0,0,0,0,0,0,0,0,,40,2,40,1,2,2,2,4,8000,,,,,,,,,,,,,,,1,3,1,1,1,2,2,,2,,2,,2,,2,,2,,1,1,2,,2,,2,,11,6,,2,2,2,2,2,2,10,7,1,8000,,,,,,,,50,8000,8000,8050,1,685.7006376479834
2025,08,25290,1,0021,1,1,202408252901002113,1,3,3,1,2,,2,35,3,3,19,5,1990,2,2,2,2,2,2,2,2,2,2,2,2,2,2,2,2,,,,,,,,,,,,,,,,,,,,,,,,,,,,,,,,,,1,5,1,1,13,2,3,1,5,2,,2,,2,,2,,1,5,2,,2,,2,,2,,2,,2,,2,,6,5,,2,2,2,2,2,2,10,7,2,,,,,,,,,,,,,1,811.412919208846
2025,08,4790001,1,0027,1,1,20240547900011002711,1,1,1,1,2,,1,31,1,1,11,7,1994,1,,,,,,,,,,,,,,,,7128,4100,3,5,1,,4,200,0,0,11,11,10,8,9,49,,49,2,48,1,1,1,2,2,450,,,,,,,,,,,,,,,1,1,1,1,2,,2,,2,,2,,2,,2,,2,,1,1,2,,2,,2,,8,1,,2,2,2,2,2,2,10,7,1,1949,,,,,,,,300,1949,1949,2249,1,751.8631057953623
2025,08,4790001,1,0027,1,1,20240547900011002712,1,2,2,1,2,,2,31,2,2,4,4,1994,2,2,2,2,2,2,2,2,2,2,2,2,2,2,2,2,,,,,,,,,,,,,,,,,,,,,,,,,,,,,,,,,,2,5,1,2,6,,,1,5,2,,2,,2,,2,,1,5,2,,2,,2,,2,,1,5,2,,2,,8,2,,2,2,2,2,2,2,10,7,4,,,,,,,,,,,,,1,727.395624854843
2025,08,4790001,1,0027,1,1,20240547900011002713,1,3,3,1,2,,1,11,,,,,,,,,,,,,,,,,,,,,,,,,,,,,,,,,,,,,,,,,,,,,,,,,,,,,,,,,,,,,,,,,,,,,,,,,,,,,,,,,,,,,,,,,,,,,,,,,,,,,,,,,,,,,,,,1,
2025,08,4790001,1,0027,1,1,20240547900011002714,1,4,3,1,2,,1,8,,,,,,,,,,,,,,,,,,,,,,,,,,,,,,,,,,,,,,,,,,,,,,,,,,,,,,,,,,,,,,,,,,,,,,,,,,,,,,,,,,,,,,,,,,,,,,,,,,,,,,,,,,,,,,,,1,
2025,08,4790001,1,0027,1,1,20240547900011002715,1,5,3,1,2,,1,6,,,,,,,,,,,,,,,,,,,,,,,,,,,,,,,,,,,,,,,,,,,,,,,,,,,,,,,,,,,,,,,,,,,,,,,,,,,,,,,,,,,,,,,,,,,,,,,,,,,,,,,,,,,,,,,,1,
2025,08,4790001,1,0027,1,1,20240547900011002716,1,6,7,1,2,,2,21,6,6,7,11,2003,2,2,2,2,2,2,2,2,2,2,2,2,2,2,2,2,,,,,,,,,,,,,,,,,,,,,,,,,,,,,,,,,,2,8,2,1,5,,,1,5,2,,2,,2,,2,,1,5,2,,2,,2,,2,,2,,2,,2,,8,2,,2,2,2,2,2,2,10,7,4,,,,,,,,,,,,,1,705.9246771642999
2025,08,26422,1,0149,1,1,202405264221014911,1,1,1,1,2,,1,51,1,1,5,11,1973,1,,,,,,,,,,,,,,,,2212,8610,3,2,,,5,9998,0,6,6,6,6,6,6,36,,36,1,,2,,2,2,4,6000,,,,,,,,,,,,,,,1,1,1,1,2,,2,,2,,2,,2,,2,,2,,1,1,2,,2,,2,,11,7,,2,2,2,2,2,2,10,7,1,6000,,,,,,,,50,6000,6000,6050,1,844.5498318834256
2025,08,23462,1,0032,1,1,202508234621003211,1,1,1,1,2,,1,46,1,1,19,10,1978,1,,,,,,,,,,,,,,,,9313,4100,3,5,3,2,1,3,0,9,8,8,8,9,8,50,,50,1,,2,,2,2,2,400,,,,,,,,,,,,,,,1,5,2,,2,,2,,2,,1,5,2,,2,,2,,2,,2,,2,,2,,6,5,,2,2,2,2,2,2,10,7,1,1732,,,,,,,,,1732,1732,1732,1,1071.0444984029311
2025,08,2372502,1,0084,1,1,20250823725021008411,1,1,1,1,2,,2,68,1,1,25,5,1957,2,2,2,2,2,2,2,2,2,2,2,2,2,2,2,2,,,,,,,,,,,,,,,,,,,,,,,,,,,,,,,,,,2,5,2,2,6,,,1,5,2,,2,,2,,2,,1,5,2,,2,,2,,2,,2,,2,,2,,6,5,,2,2,2,2,2,2,10,7,4,,,,,,,,,,,,,1,756.5210801620834
2025,08,2372502,1,0084,1,1,20250823725021008412,1,2,3,1,2,,2,27,2,2,19,9,1997,2,2,2,2,2,2,2,2,2,2,2,2,2,2,2,2,,,,,,,,,,,,,,,,,,,,,,,,,,,,,,,,,,2,5,2,2,6,,,1,5,2,,2,,2,,2,,1,5,2,,2,,2,,1,5,2,,2,,2,,6,5,,2,2,2,2,2,2,10,7,4,,,,,,,,,,,,,1,895.2171609507483
2025,08,2372502,1,0084,1,1,20250823725021008413,1,3,4,1,2,,1,30,3,3,15,8,1994,1,,,,,,,,,,,,,,,,5223,4711,3,4,1,,4,120,0,8,8,8,8,8,0,40,,40,1,,2,,2,2,4,1400,,,,,,,,,,,,,,,1,1,1,1,2,,2,,2,,2,,2,,2,,2,,1,1,2,,2,,2,,6,5,,2,2,2,2,2,2,10,7,1,1400,,,,,,,,351,1400,1400,1751,1,925.3296720447753
2025,08,2372502,1,0084,1,1,20250823725021008414,1,4,5,1,2,,1,4,,,,,,,,,,,,,,,,,,,,,,,,,,,,,,,,,,,,,,,,,,,,,,,,,,,,,,,,,,,,,,,,,,,,,,,,,,,,,,,,,,,,,,,,,,,,,,,,,,,,,,,,,,,,,,,,1,
2025,08,21022,1,0049,1,1,202508210221004911,1,1,1,1,2,,2,46,1,1,26,2,1979,1,,,,,,,,,,,,,,,,4416,9412,3,5,1,,5,9998,0,8,0,0,8,8,0,24,,48,2,48,1,2,2,2,3,1400,,,,,,,,,,,,,,,1,1,1,1,2,,2,,2,,2,,2,,2,,2,,2,,1,1,2,,2,,10,2,,2,2,2,2,2,2,10,8,1,2800,,,,,,,,234,2800,2800,3034,1,972.5941187560289
2025,08,25919,1,0036,1,1,202508259191003611,1,1,1,1,2,,2,31,1,1,21,9,1993,2,2,2,2,2,2,2,2,2,2,2,2,2,2,2,2,,,,,,,,,,,,,,,,,,,,,,,,,,,,,,,,,,2,5,1,1,6,,,1,5,2,,2,,2,,2,,1,5,2,,2,,2,,2,,2,,2,,2,,8,2,,2,2,2,2,2,2,10,7,4,,,,,,,,,,,,,1,817.5795878764674
2025,08,25919,1,0036,1,1,202508259191003612,1,2,2,1,2,,1,36,2,2,7,12,1988,1,,,,,,,,,,,,,,,,7356,1313,3,5,3,2,1,10,0,10,10,10,10,10,10,60,,60,1,,1,1,1,1,2,380,,,,,,,,,,,,,,,1,5,2,,2,,2,,2,,1,5,2,,2,,2,,1,5,2,,2,,2,,6,5,,2,2,2,2,2,2,10,6,1,1645,,,,,,,,,1645,1645,1645,1,845.0805959939096
2025,08,25919,1,0036,1,1,202508259191003613,1,3,3,1,2,,1,13,,,,,,,,,,,,,,,,,,,,,,,,,,,,,,,,,,,,,,,,,,,,,,,,,,,,,,,,,,,,,,,,,,,,,,,,,,,,,,,,,,,,,,,,,,,,,,,,,,,,,,,,,,,,,,,,1,
2025,08,25919,1,0036,1,1,202508259191003614,1,4,3,1,2,,1,10,,,,,,,,,,,,,,,,,,,,,,,,,,,,,,,,,,,,,,,,,,,,,,,,,,,,,,,,,,,,,,,,,,,,,,,,,,,,,,,,,,,,,,,,,,,,,,,,,,,,,,,,,,,,,,,,1,
2025,08,25919,1,0036,1,1,202508259191003615,1,5,3,1,2,,2,8,,,,,,,,,,,,,,,,,,,,,,,,,,,,,,,,,,,,,,,,,,,,,,,,,,,,,,,,,,,,,,,,,,,,,,,,,,,,,,,,,,,,,,,,,,,,,,,,,,,,,,,,,,,,,,,,1,
2025,08,25919,1,0036,1,1,202508259191003616,1,6,3,1,2,,2,4,,,,,,,,,,,,,,,,,,,,,,,,,,,,,,,,,,,,,,,,,,,,,,,,,,,,,,,,,,,,,,,,,,,,,,,,,,,,,,,,,,,,,,,,,,,,,,,,,,,,,,,,,,,,,,,,1,
2025,08,19992,1,0008,1,1,202508199921000811,1,1,1,1,2,,1,31,1,2,13,3,1994,1,,,,,,,,,,,,,,,,2634,8411,3,2,,,5,9998,0,8,8,8,8,8,8,48,,48,1,,2,,2,2,4,2500,,,,,,,,,,,,,,,1,5,2,,2,,2,,2,,1,5,2,,2,,2,,2,,2,,2,,2,,11,5,,2,2,2,2,2,2,10,9,1,2500,,,,,,,,,2500,2500,2500,1,919.7892042693836
2025,08,19992,1,0008,1,1,202508199921000812,1,2,6,1,2,,2,58,2,2,1,10,1966,1,,,,,,,,,,,,,,,,9111,9700,6,,,,1,2,12,12,0,0,0,0,12,36,2,38,1,,1,1,1,2,2,250,30,,,,,15,,,,,,,,,1,5,2,,2,,2,,2,,1,5,2,,2,,2,,2,,2,,2,,2,,9,3,,2,2,2,2,2,2,10,9,1,1083,130,,,,15,,,,1228,1213,1228,1,751.9913641131209
2025,08,29317,1,0033,1,1,202508293171003311,1,1,1,1,2,,2,54,1,1,28,8,1970,1,,,,,,,,,,,,,,,,9612,3811,2,,3,2,1,1,4,4,4,4,4,4,4,28,,28,1,,1,2,2,2,,,,,,,,,,,,,,,,,1,5,2,,2,,2,,2,,1,5,2,,2,,2,,2,,2,,2,,2,,3,1,,2,2,2,2,2,2,10,7,1,,,433,,,,,,,433,433,433,1,1202.479127261682
2025,08,29317,1,0033,1,1,202508293171003312,1,2,7,1,2,,2,31,2,2,31,12,1993,1,,,,,,,,,,,,,,,,5213,4781,3,5,3,2,1,2,0,0,0,6,6,6,0,18,,26,2,26,1,1,1,1,2,60,,,,,,,,,,,,,,,1,5,2,,2,,2,,2,,1,5,2,,2,,2,,2,,2,,2,,2,,3,,3,2,2,2,2,2,2,10,7,1,260,,,,,,,,,260,260,260,1,1422.9345072302576
2025,08,29317,1,0033,1,1,202508293171003313,1,3,8,1,2,,2,16,3,2,16,3,2009,2,2,2,2,2,2,2,2,2,2,2,2,2,2,2,2,,,,,,,,,,,,,,,,,,,,,,,,,,,,,,,,,,2,5,2,2,11,,,1,5,2,,2,,2,,2,,1,5,2,,2,,2,,2,,2,,2,,2,,5,2,,2,2,2,2,2,2,10,7,4,,,,,,,,,,,,,1,1380.9329453183248
2025,08,29317,1,0033,1,1,202508293171003314,1,4,8,1,2,,1,12,,,,,,,,,,,,,,,,,,,,,,,,,,,,,,,,,,,,,,,,,,,,,,,,,,,,,,,,,,,,,,,,,,,,,,,,,,,,,,,,,,,,,,,,,,,,,,,,,,,,,,,,,,,,,,,,1,
2025,08,29317,1,0033,1,1,202508293171003315,1,5,8,1,2,,2,,,,,,,,,,,,,,,,,,,,,,,,,,,,,,,,,,,,,,,,,,,,,,,,,,,,,,,,,,,,,,,,,,,,,,,,,,,,,,,,,,,,,,,,,,,,,,,,,,,,,,,,,,,,,,,,,1,
2025,08,1803701,2,0173,1,1,20250518037012017311,1,1,1,1,2,,1,45,1,1,5,1,1980,1,,,,,,,,,,,,,,,,5212,4721,1,,2,2,1,3,9,9,9,9,9,9,9,63,,63,1,,2,,2,2,,,,,,,,,,,,,,,,,1,6,2,,2,,2,,2,,2,,2,,2,,2,,2,,2,,2,,2,,6,5,,2,2,2,2,2,2,10,7,1,,,2500,150,,,,,,2650,2650,2650,1,755.5031632030597
2025,08,18445,1,0092,1,1,202505184451009211,1,1,1,1,2,,1,78,1,1,30,8,1946,2,2,2,2,2,2,2,2,2,2,2,2,2,2,2,2,,,,,,,,,,,,,,,,,,,,,,,,,,,,,,,,,,2,6,2,2,3,,,1,1,1,3,2,,2,,2,,2,,2,,2,,2,,2,,1,3,2,,2,,9,3,,2,2,2,2,2,2,10,8,4,,,,,,,,,,,,,1,514.7735758269017
2025,08,18445,1,0092,1,1,202505184451009212,1,2,7,1,2,,2,67,2,1,21,3,1958,1,,,,,,,,,,,,,,,,5212,4773,3,5,1,,1,3,0,8,8,8,8,8,0,40,,40,1,,2,,2,2,4,1500,,,,,,,,,,,,,,,1,6,2,,2,,2,,2,,2,,2,,2,,2,,1,5,2,,2,,2,,6,5,,2,2,2,2,2,2,10,7,1,1500,,,,,,,,,1500,1500,1500,1,455.7506695702496
2025,08,17314,1,0056,1,1,202505173141005611,1,1,1,1,2,,2,28,1,1,18,11,1996,2,2,2,2,2,2,2,2,2,2,2,2,2,2,2,2,,,,,,,,,,,,,,,,,,,,,,,,,,,,,,,,,,2,5,1,1,13,5,2,1,5,2,,2,,2,,2,,1,5,2,,2,,2,,2,,2,,2,,2,,6,5,,2,2,2,2,2,2,10,7,2,,,,,,,,,,,,,1,396.91403196918196
2025,08,17314,1,0056,1,1,202505173141005612,1,2,3,1,2,,1,10,,,,,,,,,,,,,,,,,,,,,,,,,,,,,,,,,,,,,,,,,,,,,,,,,,,,,,,,,,,,,,,,,,,,,,,,,,,,,,,,,,,,,,,,,,,,,,,,,,,,,,,,,,,,,,,,1,
2025,08,21936,1,0084,1,1,202405219361008411,1,1,1,1,2,,2,57,1,1,13,3,1968,1,,,,,,,,,,,,,,,,9112,8412,3,2,,,5,9998,0,12,12,12,12,12,12,72,,72,1,,2,,2,2,4,1130,,,,,,,,,,,,,,,1,1,1,1,2,,2,,2,,2,,2,,2,,2,,1,1,2,,2,,2,,3,3,,2,2,2,2,2,2,1,1,1,1130,,,,,,,,50,1130,1130,1180,1,674.2224009009742
2025,08,21936,1,0084,1,1,202405219361008412,1,2,3,1,2,,1,26,2,1,24,3,1999,2,2,2,2,2,2,2,2,2,2,2,2,2,2,2,2,,,,,,,,,,,,,,,,,,,,,,,,,,,,,,,,,,2,7,2,2,7,,,1,5,2,,2,,2,,2,,1,5,2,,2,,2,,2,,2,,2,,2,,5,3,,2,2,2,2,2,1,10,7,4,,,,,,,,,,,,,1,824.6670310591671
2025,08,22428,1,0097,1,1,202408224281009711,1,1,1,1,2,,1,50,1,1,18,9,1974,2,2,2,2,2,2,2,2,2,2,2,2,2,2,2,2,,,,,,,,,,,,,,,,,,,,,,,,,,,,,,,,,,2,2,1,1,13,1,2,1,5,2,,2,,2,,2,,1,5,2,,2,,2,,2,,2,,2,,2,,8,1,,2,2,2,2,2,2,10,7,2,,,,,,,,,,,,,1,1020.5517389252894
2025,08,22428,1,0097,1,1,202408224281009712,1,2,2,1,2,,2,47,2,2,18,7,1978,1,,,,,,,,,,,,,,,,9111,9700,6,,,,1,1,0,10,10,10,10,10,0,50,,50,1,,2,,2,2,2,350,70,,,,,,,,,,,,,,1,5,2,,2,,2,,2,,1,5,2,,2,,2,,1,5,2,,2,,2,,6,5,,2,2,2,2,2,2,10,7,1,1516,303,,,,,,,,1819,1819,1819,1,903.5373224026633
2025,08,22428,1,0097,1,1,202408224281009713,1,3,3,1,2,,1,19,3,3,16,2,2006,2,1,,,,,,,,,,,,,,,4321,1520,3,5,3,2,1,9,0,0,0,0,0,0,0,0,,50,2,50,2,,2,1,2,300,,,,,,,,,,,,,,,1,5,2,,2,,2,,2,,1,5,2,,2,,2,,2,,2,,2,,2,,8,2,,2,2,2,2,2,2,10,7,1,1299,,,,,,,,50,1299,1299,1349,1,972.5349021026208
2025,08,22428,1,0097,1,1,202408224281009714,1,4,3,1,2,,2,17,4,1,16,7,2008,1,,,,,,,,,,,,,,,,5142,9602,3,5,3,2,1,4,0,9,9,9,9,9,9,54,,54,1,,2,,2,2,2,250,,,,,,,,,,,,,,,1,5,2,,2,,2,,2,,1,5,2,,2,,2,,2,,2,,2,,2,,5,4,,2,2,2,2,2,2,10,7,1,1083,,,,,,,,,1083,1083,1083,1,1037.6267059802483
2025,08,22991,1,0076,1,1,202505229911007611,1,1,1,1,2,,1,59,1,1,14,11,1965,1,,,,,,,,,,,,,,,,7111,4100,1,,3,2,1,2,0,8,8,8,8,8,6,46,,46,1,,1,1,1,2,,,,,,,,,,,,,,,,,1,5,2,,2,,2,,2,,1,5,2,,2,,2,,2,,2,,2,,2,,4,5,,2,2,2,2,2,2,1,1,1,,,2400,,,,,,,2400,2400,2400,1,729.2644078097532
2025,08,22991,1,0076,1,1,202505229911007612,1,2,2,1,2,,2,58,2,2,8,9,1966,2,2,2,2,2,2,2,2,2,2,2,2,2,2,2,2,,,,,,,,,,,,,,,,,,,,,,,,,,,,,,,,,,2,5,1,2,5,,,1,5,2,,2,,2,,2,,1,5,2,,2,,2,,2,,2,,2,,2,,4,5,,2,2,2,2,2,2,1,1,4,,,,,,,,,,,,,1,645.6484127398318
2025,08,22991,1,0076,1,1,202505229911007613,1,3,3,1,2,,2,34,3,3,22,11,1990,1,,,,,,,,,,,,,,,,3213,4772,3,5,1,,5,5000,8,8,0,8,8,8,8,48,,48,1,,1,1,1,2,4,1200,,,,,,,,,,,,,,,1,1,1,1,2,,2,,2,,2,,2,,2,,2,,2,,1,1,2,,2,,9,3,,2,2,2,2,2,2,10,7,1,1200,,,,,,,,542,1200,1200,1742,1,764.0177573128226
2025,08,22991,1,0076,1,1,202505229911007614,1,4,3,1,2,,1,33,4,4,4,4,1992,1,,,,,,,,,,,,,,,,7112,4330,2,,3,2,1,1,0,9,9,9,9,9,6,51,,51,1,,1,1,1,2,,,,,,,,,,,,,,,,,1,5,2,,2,,2,,2,,1,5,2,,2,,2,,2,,2,,2,,2,,6,5,,2,2,2,2,2,2,10,7,1,,,3031,,,,,,,3031,3031,3031,1,789.7171006639738
2025,08,22991,1,0076,1,1,202505229911007615,1,5,3,1,2,,2,31,5,5,31,12,1993,1,,,,,,,,,,,,,,,,3215,3250,3,5,2,2,1,10,0,8,8,8,8,8,6,46,,46,1,,1,1,1,2,4,2000,,,,,,,,,,,,,,,1,5,2,,2,,2,,2,,1,5,2,,2,,2,,2,,2,,2,,2,,9,3,,2,2,2,2,2,2,10,7,1,2000,,,,,,,,158,2000,2000,2158,1,764.0177573128226
2025,08,22991,1,0076,1,1,202508229911007617,1,6,4,2,,2,1,41,,,,,,,,,,,,,,,,,,,,,,,,,,,,,,,,,,,,,,,,,,,,,,,,,,,,,,,,,,,,,,,,,,,,,,,,,,,,,,,,,,,,,,,,,,,,,,,,,,,,,,,,,,,,,,,,0,
2025,08,22991,1,0076,1,1,202508229911007618,1,7,5,2,,2,2,20,,,,,,,,,,,,,,,,,,,,,,,,,,,,,,,,,,,,,,,,,,,,,,,,,,,,,,,,,,,,,,,,,,,,,,,,,,,,,,,,,,,,,,,,,,,,,,,,,,,,,,,,,,,,,,,,0,
2025,08,22991,1,0076,1,1,202508229911007619,1,8,5,2,,2,1,15,,,,,,,,,,,,,,,,,,,,,,,,,,,,,,,,,,,,,,,,,,,,,,,,,,,,,,,,,,,,,,,,,,,,,,,,,,,,,,,,,,,,,,,,,,,,,,,,,,,,,,,,,,,,,,,,0,
2025,08,27913,1,0023,1,1,202408279131002311,1,1,1,1,2,,1,65,1,2,20,12,1959,1,,,,,,,,,,,,,,,,7222,2511,3,5,3,2,1,2,0,0,6,6,7,8,6,33,,33,1,,2,,2,2,2,300,,,,,,,,,,,,,,,1,5,2,,2,,2,,2,,1,5,2,,2,,2,,2,,2,,2,,2,,6,5,,2,2,2,2,2,2,10,7,1,1299,,,,,,,,,1299,1299,1299,1,1392.2486805045764
2025,08,27913,1,0023,1,1,202408279131002312,1,2,2,1,2,,2,65,2,2,9,11,1959,2,2,2,2,2,2,2,2,2,2,2,2,2,2,2,2,,,,,,,,,,,,,,,,,,,,,,,,,,,,,,,,,,2,5,2,1,3,,,1,5,2,,2,,2,,2,,1,5,2,,2,,2,,2,,2,,2,,2,,9,3,,2,2,2,2,2,2,10,1,4,,,,,,,,,,,,,1,1232.6162377876612
2025,08,28041,1,0078,1,1,202408280411007811,1,1,1,1,2,,2,55,1,1,5,7,1970,2,2,2,2,2,2,2,2,2,2,2,2,2,2,2,2,,,,,,,,,,,,,,,,,,,,,,,,,,,,,,,,,,2,5,2,2,3,,,1,3,1,4,2,,1,4,2,,2,,2,,2,,2,,1,5,2,,2,,2,,6,5,,2,2,2,2,2,2,10,7,4,,,,,,,,,,,,,1,894.4672127006991
2025,08,28041,1,0078,1,1,202408280411007812,1,2,2,1,2,,1,60,2,2,23,3,1965,1,,,,,,,,,,,,,,,,4110,125,3,5,1,,5,9998,0,9,9,9,9,9,9,54,,54,1,,2,,2,2,4,4000,380,,,,,,,,,,,,,,1,3,1,1,2,,1,1,2,,2,,2,,2,,2,,1,1,2,,2,,2,,10,4,,2,2,2,2,2,2,10,7,1,4000,646,,,,,,,1249,4646,4646,5895,1,1010.3069864407237
2025,08,28041,1,0078,1,1,202408280411007813,1,3,3,1,2,,1,28,3,3,28,8,1996,1,,,,,,,,,,,,,,,,3512,8413,3,2,,,5,9998,0,8,8,8,8,8,0,40,,40,1,,1,1,1,2,4,5000,,,,,,,,,,,,,,,1,3,1,1,2,,1,1,2,,2,,2,,2,,2,,1,1,2,,2,,2,,9,3,,2,2,2,2,2,2,10,7,1,5000,,,,,,,,275,5000,5000,5275,1,1094.0568270824836
2025,08,28041,1,0078,1,1,202408280411007814,1,4,3,1,2,,2,24,4,4,8,3,2001,2,2,2,2,2,2,2,2,2,2,2,2,2,2,2,2,,,,,,,,,,,,,,,,,,,,,,,,,,,,,,,,,,2,8,2,2,11,,,1,6,2,,2,,2,,2,,2,,2,,2,,2,,1,5,2,,2,,2,,9,3,,2,2,2,2,2,2,10,7,4,,,,,,,,,,,,,1,1027.210547378297
2025,08,1962301,1,0035,1,1,20240519623011003511,1,1,1,1,2,,2,49,1,1,30,5,1976,2,2,2,2,2,2,2,2,2,2,2,2,2,2,2,2,,,,,,,,,,,,,,,,,,,,,,,,,,,,,,,,,,2,5,2,2,6,,,1,5,2,,2,,2,,2,,1,5,2,,2,,2,,2,,1,5,2,,2,,6,5,,2,2,2,2,2,2,10,7,4,,,,,,,,,,,,,1,850.8816761584397
2025,08,1962301,1,0035,1,1,20240519623011003512,1,2,3,1,2,,2,25,2,2,21,6,2000,1,,,,,,,,,,,,,,,,5131,5610,3,5,1,,1,20,10,10,10,10,10,10,10,70,,70,1,,2,,2,2,4,1300,30,,,,,,,,,,,,,,1,5,2,,2,,2,,2,,1,5,2,,2,,2,,1,5,2,,2,,2,,6,5,,2,2,2,2,2,2,10,7,1,1300,900,,,,,,,,2200,2200,2200,1,1006.8772680760917
2025,08,1962301,1,0035,1,1,20240519623011003515,1,3,4,1,2,,1,26,3,3,28,3,1999,1,,,,,,,,,,,,,,,,9412,5610,3,5,1,,1,20,11,11,11,11,11,11,11,77,,77,1,,2,,2,2,4,1800,20,,,,,,,,,,,,,,1,5,2,,2,,2,,2,,1,5,2,,2,,2,,1,5,2,,2,,2,,5,3,,2,2,2,2,2,2,10,8,1,1800,600,,,,,,,200,2400,2400,2600,1,1040.7457016001592
2025,08,1962301,1,0035,1,1,20240519623011003516,1,4,5,1,2,,2,3,,,,,,,,,,,,,,,,,,,,,,,,,,,,,,,,,,,,,,,,,,,,,,,,,,,,,,,,,,,,,,,,,,,,,,,,,,,,,,,,,,,,,,,,,,,,,,,,,,,,,,,,,,,,,,,,1,
2025,08,1962301,1,0035,1,1,20240519623011003517,1,5,5,1,2,,2,1,,,,,,,,,,,,,,,,,,,,,,,,,,,,,,,,,,,,,,,,,,,,,,,,,,,,,,,,,,,,,,,,,,,,,,,,,,,,,,,,,,,,,,,,,,,,,,,,,,,,,,,,,,,,,,,,1,
2025,08,1962301,1,0035,1,1,20240519623011003513,1,6,7,1,1,,1,44,,,,,,,,,,,,,,,,,,,,,,,,,,,,,,,,,,,,,,,,,,,,,,,,,,,,,,,,,,,,,,,,,,,,,,,,,,,,,,,,,,,,,,,,,,,,,,,,,,,,,,,,,,,,,,,,0,
2025,08,1962301,1,0035,1,1,20240519623011003514,1,7,8,1,2,,1,24,7,7,9,9,2000,1,,,,,,,,,,,,,,,,5230,5610,3,5,1,,1,3,8,8,8,8,0,8,8,48,,48,1,,2,,2,2,4,1130,,,,,,,,,,,,,,,1,5,2,,2,,2,,2,,1,5,2,,2,,2,,1,5,2,,2,,2,,8,1,,2,2,2,2,2,2,10,7,1,1130,,,,,,,,,1130,1130,1130,1,915.8582685031349
2025,08,19740,1,0075,1,1,202405197401007511,1,1,1,1,2,,2,65,1,1,14,11,1959,2,2,2,2,2,2,2,2,2,2,2,2,2,2,2,2,,,,,,,,,,,,,,,,,,,,,,,,,,,,,,,,,,2,7,2,2,7,,,1,1,1,2,2,,2,,2,,2,,2,,2,,2,,2,,2,,2,,2,,6,5,,1,2,2,2,2,2,10,5,4,,,,,,,,,,,,,1,763.0352963027971
2025,08,19740,1,0075,1,1,202405197401007513,1,2,4,1,2,,2,40,2,2,1,5,1985,1,,,,,,,,,,,,,,,,9111,9700,6,,,,1,1,0,5,5,5,5,0,0,20,,25,2,25,1,2,2,2,2,120,,,,,,,,,,,,,,,1,5,2,,2,,2,,2,,1,5,2,,2,,2,,2,,2,,2,,2,,5,2,,2,2,2,2,2,2,10,1,1,520,,,,,,,,,520,520,520,1,902.925654781561
2025,08,19740,1,0075,1,1,202405197401007512,1,3,5,1,2,,2,17,3,3,31,8,2007,2,2,2,2,2,2,2,2,2,2,2,2,2,2,2,2,,,,,,,,,,,,,,,,,,,,,,,,,,,,,,,,,,2,5,1,1,3,,,2,5,2,,2,,2,,2,,1,5,2,,2,,2,,2,,2,,2,,2,,6,5,,2,2,2,2,2,2,10,9,4,,,,,,,,,,,,,1,876.2734880103721
2025,08,2421902,1,0007,1,1,20240524219021000711,1,1,1,1,2,,1,45,1,1,10,8,1979,1,,,,,,,,,,,,,,,,9411,5610,2,,3,2,1,1,6,9,9,9,9,9,9,60,,60,1,,2,,2,2,,,,,,,,,,,,,,,,,1,5,2,,2,,2,,2,,1,5,2,,2,,2,,1,5,2,,2,,2,,1,,,2,2,2,2,2,2,10,7,1,,,1870,,,,,,,1870,1870,1870,1,1154.1146225524549
2025,08,18593,1,0121,1,1,202405185931012111,1,1,1,1,2,,1,42,1,1,12,1,1983,2,2,2,2,2,2,2,2,2,2,2,2,2,2,2,2,,,,,,,,,,,,,,,,,,,,,,,,,,,,,,,,,,2,3,1,1,13,5,1,1,5,2,,2,,2,,2,,1,5,2,,2,,2,,2,,2,,2,,2,,6,5,,2,2,2,2,2,2,10,7,2,,,,,,,,,,,,,1,919.2486875886921
2025,08,27057,1,0061,1,1,202408270571006111,1,1,1,1,2,,2,53,1,1,10,6,1972,1,,,,,,,,,,,,,,,,4120,6910,3,5,1,,1,4,0,8,4,8,3,8,0,31,,31,1,,2,,2,1,4,2000,,,,,,,,,,,,,,,1,1,1,1,2,,2,,2,,2,,2,,2,,2,,1,1,2,,2,,2,,9,3,,2,2,2,2,2,2,10,8,1,2000,,,,,,,,266,2000,2000,2266,1,871.8151207913813
2025,08,27057,1,0061,1,1,202408270571006112,1,2,3,1,1,,1,26,,,,,,,,,,,,,,,,,,,,,,,,,,,,,,,,,,,,,,,,,,,,,,,,,,,,,,,,,,,,,,,,,,,,,,,,,,,,,,,,,,,,,,,,,,,,,,,,,,,,,,,,,,,,,,,,0,
2025,08,27057,1,0061,1,1,202408270571006113,1,3,7,1,2,,2,46,3,3,14,3,1979,1,,,,,,,,,,,,,,,,1321,2100,3,5,1,,2,50,0,8,8,8,8,5,0,37,,40,2,40,2,,2,2,4,16000,,,,,,,,,,,,,,,1,3,1,1,2,,1,1,2,,2,,2,,2,,2,,1,1,2,,2,,2,,11,7,,2,2,2,2,2,2,10,7,1,16000,,,,,,,,5332,16000,16000,21332,1,871.8151207913813
2025,08,27057,1,0061,1,1,202408270571006114,1,4,7,1,2,,2,49,4,4,8,11,1975,1,,,,,,,,,,,,,,,,3314,6201,3,5,1,,1,8,0,8,8,0,8,8,0,32,,40,2,40,2,,2,2,4,14700,,,,,,,,,,,,,,,1,3,1,1,1,2,2,,2,,2,,2,,2,,2,,1,1,2,,2,,2,,6,5,,2,2,2,2,2,2,10,7,1,14700,,,,,,,,3867,14700,14700,18567,1,871.8151207913813
2025,08,2672403,1,0270,1,1,20240526724031027011,1,1,1,1,2,,1,77,1,1,13,6,1948,2,2,2,2,2,2,2,2,2,2,2,2,2,2,2,2,,,,,,,,,,,,,,,,,,,,,,,,,,,,,,,,,,2,6,2,2,7,,,1,1,1,3,2,,2,,2,,2,,2,,2,,2,,1,3,2,,2,,2,,11,6,,2,2,2,2,2,2,10,7,4,,,,,,,,,,,,,1,985.8938076174954
2025,08,28922,1,0064,1,1,202405289221006411,1,1,1,1,2,,1,71,1,1,11,7,1954,1,,,,,,,,,,,,,,,,9629,4921,2,,3,2,1,1,0,0,0,11,11,11,0,33,,33,1,,1,1,1,2,,,,,,,,,,,,,,,,,1,1,1,3,2,,2,,2,,2,,2,,2,,2,,2,,1,3,2,,2,,6,5,,2,2,2,2,2,2,10,1,1,,,1015,,,,,,,1015,1015,1015,1,899.515346605548
2025,08,28922,1,0064,1,1,202405289221006412,1,2,2,1,2,,2,67,2,2,21,9,1957,2,2,2,2,2,2,2,2,2,2,2,2,2,2,2,2,,,,,,,,,,,,,,,,,,,,,,,,,,,,,,,,,,2,7,1,2,7,,,1,1,1,4,2,,2,,2,,2,,2,,2,,2,,2,,1,5,2,,2,,3,2,,1,2,2,2,2,2,10,7,4,,,,,,,,,,,,,1,796.3787201890979
2025,08,28922,1,0064,1,1,202405289221006413,1,3,11,1,2,,1,72,3,3,28,10,1952,2,2,2,2,2,2,2,2,2,2,2,2,2,2,2,2,,,,,,,,,,,,,,,,,,,,,,,,,,,,,,,,,,2,5,1,1,7,,,1,5,2,,2,,2,,2,,1,5,2,,2,,2,,2,,2,,2,,2,,3,2,,1,2,2,2,2,2,10,7,3,,,,,,,,,,,,,1,899.515346605548
2025,08,28922,1,0064,1,1,202508289221006414,1,4,11,2,,1,2,49,4,4,8,12,1975,2,2,2,2,2,2,2,2,2,2,2,2,2,2,2,2,,,,,,,,,,,,,,,,,,,,,,,,,,,,,,,,,,2,5,1,1,13,6,2,1,5,2,,2,,2,,2,,1,5,2,,2,,2,,1,5,2,,2,,2,,10,3,,2,2,2,2,2,2,10,7,2,,,,,,,,,,,,,1,796.3787201890979
2025,08,29109,1,0205,1,1,202505291091020511,1,1,1,1,2,,1,71,1,1,9,7,1954,2,2,2,2,2,2,2,2,2,2,2,2,2,2,2,2,,,,,,,,,,,,,,,,,,,,,,,,,,,,,,,,,,2,6,1,1,1,,,1,1,1,3,2,,2,,2,,2,,2,,2,,2,,2,,1,3,2,,2,,11,5,,2,2,2,2,2,2,10,7,3,,,,,,,,,,,,,1,1079.3631952499793
2025,08,29109,1,0205,1,1,202505291091020512,1,2,2,1,2,,2,67,2,2,28,12,1957,2,2,2,2,2,2,2,2,2,2,2,2,2,2,2,2,,,,,,,,,,,,,,,,,,,,,,,,,,,,,,,,,,2,5,2,2,7,,,1,1,1,4,2,,2,,2,,2,,2,,2,,2,,2,,2,,2,,2,,10,1,,2,2,2,2,2,2,10,6,4,,,,,,,,,,,,,1,955.6055750423282
2025,08,29109,1,0205,1,1,202505291091020513,1,3,3,1,2,,2,29,3,3,5,8,1995,1,,,,,,,,,,,,,,,,7513,1071,2,,3,2,1,1,0,8,8,8,8,8,8,48,,48,1,,1,1,1,2,,,,,,,,,,,,,,,,,1,5,2,,2,,2,,2,,1,5,2,,2,,2,,1,5,2,,2,,2,,9,3,,2,2,2,2,2,2,10,6,1,,,2131,,,,,,,2131,2131,2131,1,1130.8006244780597
2025,08,29109,1,0205,1,1,202505291091020514,1,4,4,1,2,,1,32,4,3,18,4,1993,1,,,,,,,,,,,,,,,,4313,2100,3,5,1,,5,1000,0,10,10,10,9,9,0,48,,48,1,,2,,2,2,4,3500,,,,,,,,,,,,,,,1,1,1,1,2,,2,,2,,2,,2,,2,,2,,1,1,2,,2,,2,,9,3,,2,2,2,2,2,2,10,7,1,3500,,,,,,,,876,3500,3500,4376,1,1168.837480600841
2025,08,29109,1,0205,1,1,202505291091020515,1,5,5,1,2,,2,9,,,,,,,,,,,,,,,,,,,,,,,,,,,,,,,,,,,,,,,,,,,,,,,,,,,,,,,,,,,,,,,,,,,,,,,,,,,,,,,,,,,,,,,,,,,,,,,,,,,,,,,,,,,,,,,,1,
2025,08,1755301,1,0071,1,1,20240817553011007111,1,1,1,1,2,,1,39,1,1,9,4,1986,1,,,,,,,,,,,,,,,,7341,3319,2,,2,2,1,1,0,0,9,9,9,9,9,45,,60,2,60,2,,2,2,,,,,,,,,,,,,,,,,1,6,2,,2,,2,,2,,2,,2,,2,,2,,1,5,2,,2,,2,,6,5,,2,2,2,2,2,2,10,6,1,,,1750,,,,,,,1750,1750,1750,1,455.3702349860975
2025,08,1755301,1,0071,1,1,20240817553011007112,1,2,2,1,1,,2,42,,,,,,,,,,,,,,,,,,,,,,,,,,,,,,,,,,,,,,,,,,,,,,,,,,,,,,,,,,,,,,,,,,,,,,,,,,,,,,,,,,,,,,,,,,,,,,,,,,,,,,,,,,,,,,,,0,
2025,08,1755301,1,0071,1,1,20240817553011007113,1,3,3,1,2,,2,1,,,,,,,,,,,,,,,,,,,,,,,,,,,,,,,,,,,,,,,,,,,,,,,,,,,,,,,,,,,,,,,,,,,,,,,,,,,,,,,,,,,,,,,,,,,,,,,,,,,,,,,,,,,,,,,,1,
2025,08,17424,2,0041,1,1,202505174242004111,1,1,1,1,2,,1,58,1,1,22,4,1967,1,,,,,,,,,,,,,,,,9313,4100,3,5,1,,2,50,0,8,8,8,8,8,8,48,,48,1,,2,,2,2,4,2000,,,,,,,,,,,,,,,1,1,1,1,2,,2,,2,,2,,2,,2,,2,,1,1,2,,2,,2,,6,5,,2,2,2,2,2,2,10,7,1,2000,,,,,,,,334,2000,2000,2334,1,445.6578713536176
2025,08,17424,2,0041,1,1,202505174242004112,1,2,2,1,2,,2,46,2,2,11,9,1978,2,2,2,2,2,2,2,2,2,2,2,2,2,2,2,2,,,,,,,,,,,,,,,,,,,,,,,,,,,,,,,,,,2,5,2,2,6,,,1,1,1,4,2,,2,,2,,2,,2,,2,,2,,2,,2,,2,,2,,6,5,,2,2,2,2,2,2,10,7,4,,,,,,,,,,,,,1,394.5596332181606
2025,08,17424,2,0041,1,1,202505174242004113,1,3,3,1,2,,2,30,3,3,5,4,1995,1,,,,,,,,,,,,,,,,4417,8521,3,5,1,,2,25,0,10,10,10,10,10,4,54,,54,1,,2,,2,2,4,1600,,,,,,,,,,,,,,,1,5,2,,2,,2,,2,,1,5,2,,2,,2,,2,,2,,2,,2,,11,5,,2,2,2,2,2,2,10,7,1,1600,,,,,,,,,1600,1600,1600,1,466.89585252489496
2025,08,17424,2,0041,1,1,202505174242004114,1,4,3,1,2,,2,25,4,4,18,10,1999,1,,,,,,,,,,,,,,,,5312,8521,3,2,,,5,9998,0,8,8,8,8,8,0,40,,40,1,,2,,2,2,4,1000,,,,,,,,,,,,,,,1,5,2,,2,,2,,2,,1,5,2,,2,,2,,2,,2,,2,,2,,9,3,,2,2,2,2,2,2,10,7,1,1000,,,,,,,,,1000,1000,1000,1,466.89585252489496
2025,08,17424,2,0041,1,1,202505174242004115,1,5,3,1,2,,1,23,5,5,13,4,2002,2,2,2,2,2,2,2,2,2,2,2,2,2,2,2,2,,,,,,,,,,,,,,,,,,,,,,,,,,,,,,,,,,2,5,1,1,13,4,3,1,5,2,,2,,2,,2,,1,5,2,,2,,2,,1,5,2,,2,,2,,9,3,,2,2,2,2,2,2,10,7,2,,,,,,,,,,,,,1,424.6897219974084
2025,08,46904,1,0102,1,1,202405469041010211,1,1,1,1,2,,1,57,1,1,1,10,1967,1,,,,,,,,,,,,,,,,7332,1811,3,5,1,,1,10,0,8,8,8,8,8,5,45,,45,1,,1,2,2,2,4,2500,,,,,,,,,,,,,,,1,1,1,1,2,,2,,2,,2,,2,,2,,2,,2,,1,1,2,,2,,9,3,,2,2,2,2,2,2,10,7,1,2500,,,,,,,,624,2500,2500,3124,1,870.8513985856633
2025,08,46904,1,0102,1,1,202408469041010213,1,2,2,1,2,,2,52,2,2,28,10,1972,2,2,2,2,2,2,2,2,2,2,2,2,2,2,2,2,,,,,,,,,,,,,,,,,,,,,,,,,,,,,,,,,,2,5,2,2,6,,,1,5,2,,2,,2,,2,,1,5,2,,2,,2,,2,,2,,2,,2,,6,5,,2,2,2,2,2,2,10,7,4,,,,,,,,,,,,,1,771.0013229876106
2025,08,46904,1,0102,1,1,202408469041010214,1,3,3,1,2,,2,27,3,3,13,6,1998,1,,,,,,,,,,,,,,,,3432,7410,3,5,1,,1,10,0,8,8,8,8,8,5,45,,45,1,,1,2,2,2,4,1200,,,,,,,,,,,,,,,1,5,2,,2,,2,,2,,1,5,2,,2,,2,,1,5,2,,2,,2,,9,3,,2,2,2,2,2,2,10,7,1,1200,,,,,,,,,1200,1200,1200,1,912.3521254772735
2025,08,46904,1,0102,1,1,202408469041010215,1,4,3,1,2,,2,15,4,4,15,4,2010,2,2,2,2,2,2,2,2,2,2,2,2,2,2,2,2,,,,,,,,,,,,,,,,,,,,,,,,,,,,,,,,,,2,5,2,2,3,,,2,1,1,4,2,,2,,2,,2,,2,,2,,2,,2,,2,,2,,2,,5,3,,2,2,2,2,2,2,10,7,4,,,,,,,,,,,,,1,885.4217122439142
2025,08,20705,1,0080,1,1,202408207051008011,1,1,1,1,2,,1,34,1,1,30,7,1991,1,,,,,,,,,,,,,,,,8321,4922,2,,3,2,1,1,0,10,10,10,10,7,9,56,,56,1,,2,,2,1,,,,,,,,,,,,,,,,,1,5,2,,2,,2,,2,,1,5,2,,2,,2,,1,5,2,,2,,2,,5,2,,2,2,2,2,2,2,10,7,1,,,1688,,,,,,,1688,1688,1688,1,941.995158757083
2025,08,20705,1,0080,1,1,202408207051008012,1,2,2,1,2,,2,34,2,2,7,4,1991,2,2,2,2,2,2,2,2,2,2,2,2,2,2,2,2,,,,,,,,,,,,,,,,,,,,,,,,,,,,,,,,,,1,5,1,1,13,5,4,1,5,2,,2,,2,,2,,1,5,2,,2,,2,,2,,2,,2,,2,,6,5,,2,2,2,2,2,2,10,7,2,,,,,,,,,,,,,1,911.3403115976807
2025,08,20705,1,0080,1,1,202408207051008013,1,3,3,1,2,,2,12,,,,,,,,,,,,,,,,,,,,,,,,,,,,,,,,,,,,,,,,,,,,,,,,,,,,,,,,,,,,,,,,,,,,,,,,,,,,,,,,,,,,,,,,,,,,,,,,,,,,,,,,,,,,,,,,1,
2025,08,20705,1,0080,1,1,202408207051008014,1,4,3,1,2,,2,9,,,,,,,,,,,,,,,,,,,,,,,,,,,,,,,,,,,,,,,,,,,,,,,,,,,,,,,,,,,,,,,,,,,,,,,,,,,,,,,,,,,,,,,,,,,,,,,,,,,,,,,,,,,,,,,,1,
2025,08,20705,1,0080,1,1,202508207051008015,1,5,11,2,,1,1,30,5,5,7,11,1994,1,,,,,,,,,,,,,,,,8321,4922,2,,3,2,1,1,10,10,10,10,10,10,6,66,,66,1,,2,,2,1,,,,,,,,,,,,,,,,,1,5,2,,2,,2,,2,,1,5,2,,2,,2,,2,,2,,2,,2,,5,4,,2,2,2,2,2,2,10,6,1,,,1126,,,,,,,1126,1126,1126,1,941.995158757083
2025,08,20705,1,0080,1,1,202508207051008016,1,6,11,2,,1,2,24,6,6,29,12,2000,1,,,,,,,,,,,,,,,,4417,7830,3,4,1,,3,92,0,0,0,8,8,8,6,30,,46,2,46,2,,2,2,4,1500,,,,,,,,,,,,,,,1,1,1,1,2,,2,,2,,2,,2,,2,,2,,1,1,2,,2,,2,,11,5,,2,2,2,2,2,2,10,7,1,1500,,,,,,,,171,1500,1500,1671,1,884.4397646463543
2025,08,24499,1,0067,1,1,202508244991006711,1,1,1,1,2,,2,36,1,1,5,5,1989,1,,,,,,,,,,,,,,,,5211,4641,2,,2,2,1,1,0,0,0,9,9,9,9,36,,54,2,54,1,1,1,2,,,,,,,,,,,,,,,,,1,6,2,,2,,2,,2,,2,,2,,2,,2,,2,,2,,2,,2,,6,5,,2,2,2,2,2,2,10,1,1,,,9904,,,,,,,9904,9904,9904,1,1124.4298880337374
2025,08,24499,1,0067,1,1,202508244991006712,1,2,7,1,2,,2,41,2,2,26,10,1983,1,,,,,,,,,,,,,,,,5212,4771,2,,2,2,1,1,0,0,0,9,9,9,9,36,,54,2,54,1,1,1,2,,,,,,,,,,,,,,,,,1,6,2,,2,,2,,2,,2,,2,,2,,2,,2,,2,,2,,2,,6,5,,2,2,2,2,2,2,1,7,1,,,1897,,,,,,,1897,1897,1897,1,1124.4298880337374
2025,08,24499,1,0067,1,1,202508244991006713,1,3,3,1,2,,1,5,,,,,,,,,,,,,,,,,,,,,,,,,,,,,,,,,,,,,,,,,,,,,,,,,,,,,,,,,,,,,,,,,,,,,,,,,,,,,,,,,,,,,,,,,,,,,,,,,,,,,,,,,,,,,,,,1,
2025,08,24641,1,0119,1,1,202505246411011912,1,1,1,1,2,,2,45,1,1,20,2,1980,1,,,,,,,,,,,,,,,,9612,3811,2,,3,2,1,1,0,3,3,3,3,4,5,21,,21,1,,2,,2,2,,,,,,,,,,,,,,,,,1,5,2,,2,,2,,2,,1,5,2,,2,,2,,2,,2,,2,,2,,3,,3,2,2,2,2,2,2,1,1,1,,,410,,,,,,,410,410,410,1,711.994220366214
2025,08,24641,1,0119,1,1,202505246411011913,1,2,3,1,2,,1,26,2,2,28,4,1999,2,2,2,2,2,2,2,2,2,2,2,2,2,2,2,2,,,,,,,,,,,,,,,,,,,,,,,,,,,,,,,,,,2,8,2,2,11,,,1,5,2,,2,,2,,2,,1,5,2,,2,,2,,2,,2,,2,,2,,5,2,,2,2,2,2,2,2,10,7,4,,,,,,,,,,,,,1,870.8671783317541
2025,08,24641,1,0119,1,1,202505246411011914,1,3,3,1,2,,2,14,3,3,9,3,2011,2,2,2,2,2,2,2,2,2,2,2,2,2,2,2,2,,,,,,,,,,,,,,,,,,,,,,,,,,,,,,,,,,2,4,1,2,5,,,2,5,2,,2,,2,,2,,1,5,2,,2,,2,,2,,2,,2,,2,,4,,6,2,2,2,2,2,2,10,7,4,,,,,,,,,,,,,1,817.6576653092908
2025,08,24641,1,0119,1,1,202505246411011915,1,4,3,1,2,,2,4,,,,,,,,,,,,,,,,,,,,,,,,,,,,,,,,,,,,,,,,,,,,,,,,,,,,,,,,,,,,,,,,,,,,,,,,,,,,,,,,,,,,,,,,,,,,,,,,,,,,,,,,,,,,,,,,1,
2025,08,26074,1,0100,1,1,202405260741010011,1,1,1,1,2,,2,45,1,1,24,7,1980,1,,,,,,,,,,,,,,,,5212,4772,3,5,2,2,2,25,0,8,8,8,8,8,8,48,,48,1,,2,,2,2,4,1500,,,,,,,,,,,,,,,1,1,1,1,2,,2,,2,,2,,2,,2,,2,,1,1,2,,2,,2,,9,3,,2,2,2,2,2,2,10,7,1,1500,,,,,,,,189,1500,1500,1689,1,736.8524913336784
2025,08,26074,1,0100,1,1,202405260741010013,1,2,3,1,2,,1,7,,,,,,,,,,,,,,,,,,,,,,,,,,,,,,,,,,,,,,,,,,,,,,,,,,,,,,,,,,,,,,,,,,,,,,,,,,,,,,,,,,,,,,,,,,,,,,,,,,,,,,,,,,,,,,,,1,
2025,08,26074,1,0100,1,1,202405260741010014,1,3,3,1,2,,2,5,,,,,,,,,,,,,,,,,,,,,,,,,,,,,,,,,,,,,,,,,,,,,,,,,,,,,,,,,,,,,,,,,,,,,,,,,,,,,,,,,,,,,,,,,,,,,,,,,,,,,,,,,,,,,,,,1,
2025,08,26074,1,0100,2,1,202405260741010015,1,1,1,1,2,,2,49,1,1,22,11,1975,1,,,,,,,,,,,,,,,,5120,5630,3,5,3,2,1,3,8,0,0,0,0,8,8,24,42,66,1,,1,1,1,2,2,120,30,,,,,850,50,,,,,,,,1,5,2,,2,,2,,2,,1,5,2,,2,,2,,2,,2,,2,,2,,6,5,,2,2,2,2,2,2,10,7,1,520,130,,,,850,,50,,1550,650,1550,1,736.8524913336784
2025,08,26074,1,0100,2,1,202405260741010016,1,2,3,1,2,,2,14,2,2,27,8,2010,2,2,2,2,2,2,2,2,2,2,2,2,2,2,2,2,,,,,,,,,,,,,,,,,,,,,,,,,,,,,,,,,,2,4,1,2,5,,,1,1,1,4,2,,2,,2,,2,,2,,2,,2,,2,,2,,2,,2,,5,2,,2,2,2,2,2,2,10,7,4,,,,,,,,,,,,,1,846.2050259780726
2025,08,26074,1,0100,2,1,202405260741010017,1,3,3,1,2,,2,13,,,,,,,,,,,,,,,,,,,,,,,,,,,,,,,,,,,,,,,,,,,,,,,,,,,,,,,,,,,,,,,,,,,,,,,,,,,,,,,,,,,,,,,,,,,,,,,,,,,,,,,,,,,,,,,,1,
2025,08,2578501,1,0020,1,1,20250825785011002011,1,1,1,1,2,,2,88,1,1,9,9,1936,2,2,2,2,2,2,2,2,2,2,2,2,2,2,2,2,,,,,,,,,,,,,,,,,,,,,,,,,,,,,,,,,,2,7,2,2,7,,,2,2,2,,1,4,2,,2,,2,,2,,2,,2,,2,,2,,2,,2,,6,5,,2,2,2,2,2,2,10,6,4,,,,,,,,,,,,,1,926.8117867366557
2025,08,20507,1,0025,1,1,202505205071002511,1,1,1,1,2,,1,29,1,1,17,8,1995,1,,,,,,,,,,,,,,,,5221,1010,3,5,1,,4,150,0,8,8,8,8,8,8,48,,48,1,,2,,2,2,4,2500,,,,,,,,,,,,,,,1,1,1,1,2,,2,,2,,2,,2,,2,,2,,1,1,2,,2,,2,,11,5,,2,2,2,2,2,2,10,7,1,2500,,,,,,,,576,2500,2500,3076,1,1071.4343574125521
2025,08,20507,1,0025,1,1,202505205071002512,1,2,2,1,2,,2,30,2,2,28,2,1995,2,2,2,2,2,2,2,2,2,2,2,2,2,2,2,2,,,,,,,,,,,,,,,,,,,,,,,,,,,,,,,,,,2,5,2,2,6,,,1,5,2,,2,,2,,2,,1,5,2,,2,,2,,1,5,2,,2,,2,,8,1,,2,2,2,2,2,2,10,7,4,,,,,,,,,,,,,1,1036.5672392936533
2025,08,20507,1,0025,1,1,202505205071002513,1,4,11,1,2,,2,28,4,4,3,6,1997,1,,,,,,,,,,,,,,,,4224,7500,3,5,1,,1,7,0,0,9,0,9,0,9,27,,27,1,,2,,2,2,2,220,,,,,,,,,,,,,,,1,5,2,,2,,2,,2,,1,5,2,,2,,2,,1,5,2,,2,,2,,10,2,,2,2,2,2,2,2,10,7,1,953,,,,,,,,,953,953,953,1,1036.5672392936533
2025,08,20507,1,0025,1,1,202505205071002514,1,5,11,1,2,,2,85,5,5,1,11,1939,2,2,2,2,2,2,2,2,2,2,2,2,2,2,2,2,,,,,,,,,,,,,,,,,,,,,,,,,,,,,,,,,,2,6,2,2,3,,,1,5,2,,2,,2,,2,,1,5,2,,2,,2,,2,,2,,2,,2,,6,5,,2,2,2,2,2,2,1,1,4,,,,,,,,,,,,,1,875.9717772816538
2025,08,20507,1,0025,1,1,202505205071002515,1,3,3,1,2,,1,2,,,,,,,,,,,,,,,,,,,,,,,,,,,,,,,,,,,,,,,,,,,,,,,,,,,,,,,,,,,,,,,,,,,,,,,,,,,,,,,,,,,,,,,,,,,,,,,,,,,,,,,,,,,,,,,,1,
2025,08,20507,1,0025,1,1,202505205071002516,1,6,11,1,2,,2,4,,,,,,,,,,,,,,,,,,,,,,,,,,,,,,,,,,,,,,,,,,,,,,,,,,,,,,,,,,,,,,,,,,,,,,,,,,,,,,,,,,,,,,,,,,,,,,,,,,,,,,,,,,,,,,,,1,
2025,08,4790001,1,0026,1,1,20240547900011002611,1,1,1,1,2,,1,42,1,1,2,11,1982,1,,,,,,,,,,,,,,,,7113,1622,2,,3,2,1,2,6,10,10,10,10,10,10,66,,66,1,,1,1,1,2,,,,,,,,,,,,,,,,,1,5,2,,2,,2,,2,,1,5,2,,2,,2,,1,5,2,,2,,2,,6,5,,2,2,2,2,2,2,10,1,1,,,1600,,,,,,,1600,1600,1600,1,751.8631057953623
2025,08,4790001,1,0026,1,1,20240547900011002612,1,2,2,1,2,,2,40,2,2,24,3,1985,1,,,,,,,,,,,,,,,,7113,1622,4,,3,2,1,2,0,3,3,5,2,6,3,22,,22,1,,1,2,2,,,,,,,,,,,,,,,,,,1,5,2,,2,,2,,2,,1,5,2,,2,,2,,2,,2,,2,,2,,5,2,,2,2,2,2,2,2,10,7,1,,,,,,,,,,0,0,,1,727.395624854843
2025,08,4790001,1,0026,1,1,20240547900011002614,1,3,3,1,2,,2,6,,,,,,,,,,,,,,,,,,,,,,,,,,,,,,,,,,,,,,,,,,,,,,,,,,,,,,,,,,,,,,,,,,,,,,,,,,,,,,,,,,,,,,,,,,,,,,,,,,,,,,,,,,,,,,,,1,
2025,08,4790001,1,0026,1,1,20240547900011002615,1,4,3,1,2,,2,2,,,,,,,,,,,,,,,,,,,,,,,,,,,,,,,,,,,,,,,,,,,,,,,,,,,,,,,,,,,,,,,,,,,,,,,,,,,,,,,,,,,,,,,,,,,,,,,,,,,,,,,,,,,,,,,,1,
2025,08,26422,1,0148,1,1,202408264221014811,1,1,1,1,1,,1,72,,,,,,,,,,,,,,,,,,,,,,,,,,,,,,,,,,,,,,,,,,,,,,,,,,,,,,,,,,,,,,,,,,,,,,,,,,,,,,,,,,,,,,,,,,,,,,,,,,,,,,,,,,,,,,,,0,
2025,08,26422,1,0148,1,1,202408264221014812,1,2,2,1,2,,2,64,2,2,6,1,1961,2,2,2,2,2,2,2,2,2,2,2,2,2,2,2,2,,,,,,,,,,,,,,,,,,,,,,,,,,,,,,,,,,2,6,2,1,11,,,1,3,1,4,1,4,2,,2,,2,,2,,2,,2,,2,,2,,2,,2,,6,5,,2,2,2,2,2,2,10,6,4,,,,,,,,,,,,,1,747.7154411976677
2025,08,21877,1,0097,1,1,202505218771009711,1,1,1,1,2,,1,77,1,1,22,7,1948,1,,,,,,,,,,,,,,,,7126,4330,2,,3,2,1,1,0,9,0,9,0,9,0,27,,27,1,,2,,2,2,,,,,,,,,,,,,,,,,1,5,2,,2,,2,,2,,1,5,2,,2,,2,,2,,2,,2,,2,,6,5,,2,2,2,2,2,2,1,7,1,,,1082,,,,,,,1082,1082,1082,1,813.3016786587269
2025,08,18301,1,0091,1,1,202508183011009111,1,1,1,1,2,,2,84,1,1,5,4,1941,2,2,2,2,2,2,2,2,2,2,2,2,2,2,2,2,,,,,,,,,,,,,,,,,,,,,,,,,,,,,,,,,,2,5,2,2,3,,,1,5,2,,2,,2,,2,,1,5,2,,2,,2,,2,,2,,2,,2,,3,3,,2,2,2,2,2,2,10,7,4,,,,,,,,,,,,,1,387.9383941007127
2025,08,18301,1,0091,1,1,202508183011009112,1,2,3,1,2,,1,65,2,2,12,11,1959,1,,,,,,,,,,,,,,,,8331,4921,1,,3,2,1,2,0,0,10,11,12,11,12,56,,56,1,,2,,2,2,,,,,,,,,,,,,,,,,1,5,2,,2,,2,,2,,1,5,2,,2,,2,,2,,2,,2,,2,,4,5,,2,2,2,2,2,2,10,7,1,,,2560,,,,,,,2560,2560,2560,1,438.17913535942233
2025,08,17940,1,0045,1,1,202508179401004511,1,1,1,1,2,,1,45,1,1,10,3,1980,1,,,,,,,,,,,,,,,,2411,7020,3,5,1,,1,5,0,8,8,8,8,8,0,40,,40,1,,2,,2,2,4,7500,,,,,,,,,,,,,,,1,3,1,1,2,,1,1,2,,2,,2,,2,,2,,1,1,2,,2,,2,,11,5,,2,2,2,2,2,2,10,7,1,7500,,,,,,,,2511,7500,7500,10011,1,521.6162269138805
2025,08,17940,1,0045,1,1,202508179401004512,1,2,2,1,2,,2,44,2,2,16,1,1981,1,,,,,,,,,,,,,,,,2423,8412,3,2,,,5,9998,0,8,8,8,8,8,0,40,,40,1,,2,,2,2,4,3000,,,,,,,,,,,,,,,1,3,1,4,2,,1,4,2,,2,,2,,2,,2,,1,5,2,,2,,2,,11,5,,2,2,2,2,2,2,10,7,1,3000,,,,,,,,,3000,3000,3000,1,546.474029990895
2025,08,17940,1,0045,1,1,202508179401004513,1,3,3,1,2,,2,14,3,1,18,9,2010,2,2,2,2,2,2,2,2,2,2,2,2,2,2,2,2,,,,,,,,,,,,,,,,,,,,,,,,,,,,,,,,,,2,5,2,2,3,,,2,3,1,4,2,,1,4,2,,2,,2,,2,,2,,2,,2,,2,,2,,5,2,,2,2,2,2,2,2,10,7,4,,,,,,,,,,,,,1,530.343447249878
2025,08,17940,1,0045,1,1,202508179401004514,1,4,3,1,2,,2,12,,,,,,,,,,,,,,,,,,,,,,,,,,,,,,,,,,,,,,,,,,,,,,,,,,,,,,,,,,,,,,,,,,,,,,,,,,,,,,,,,,,,,,,,,,,,,,,,,,,,,,,,,,,,,,,,1,
2025,08,17940,1,0045,1,1,202508179401004515,1,5,6,1,2,,2,67,5,5,16,3,1958,2,2,2,2,2,2,2,2,2,2,2,2,2,2,2,2,,,,,,,,,,,,,,,,,,,,,,,,,,,,,,,,,,2,5,2,2,3,,,1,1,1,4,2,,2,,2,,2,,2,,2,,2,,2,,2,,2,,2,,4,5,,2,2,2,2,2,2,10,7,4,,,,,,,,,,,,,1,461.80875600080634
2025,08,2394401,1,0060,1,1,20250823944011006012,1,1,1,1,2,,2,21,1,1,24,10,2003,2,2,2,2,2,2,2,2,2,2,2,2,2,2,2,2,,,,,,,,,,,,,,,,,,,,,,,,,,,,,,,,,,2,5,1,1,6,,,2,5,2,,2,,2,,2,,1,5,2,,2,,2,,2,,2,,2,,2,,5,3,,2,2,2,2,2,2,10,5,4,,,,,,,,,,,,,1,1470.5440130789548
2025,08,2394401,1,0060,1,1,20250823944011006013,1,2,3,1,2,,1,5,,,,,,,,,,,,,,,,,,,,,,,,,,,,,,,,,,,,,,,,,,,,,,,,,,,,,,,,,,,,,,,,,,,,,,,,,,,,,,,,,,,,,,,,,,,,,,,,,,,,,,,,,,,,,,,,1,
2025,08,2394401,1,0060,1,1,20250823944011006014,1,3,3,1,2,,2,3,,,,,,,,,,,,,,,,,,,,,,,,,,,,,,,,,,,,,,,,,,,,,,,,,,,,,,,,,,,,,,,,,,,,,,,,,,,,,,,,,,,,,,,,,,,,,,,,,,,,,,,,,,,,,,,,1,
2025,08,27378,1,0007,1,1,202508273781000711,1,1,1,1,2,,1,54,1,1,20,10,1970,1,,,,,,,,,,,,,,,,7113,1622,3,5,2,1,1,2,0,0,0,8,8,0,0,16,,30,2,30,1,1,1,2,2,120,,,,,,,,,,,,,,,1,5,2,,2,,2,,2,,1,5,2,,2,,2,,1,5,2,,2,,2,,6,5,,2,2,2,2,2,2,10,5,1,520,,,,,,,,,520,520,520,1,805.7198214594521
2025,08,27378,1,0007,1,1,202508273781000712,1,2,2,1,2,,2,59,2,2,18,3,1966,2,2,2,2,2,2,2,2,2,2,2,2,2,2,2,2,,,,,,,,,,,,,,,,,,,,,,,,,,,,,,,,,,2,5,2,2,6,,,1,5,2,,2,,2,,2,,1,5,2,,2,,2,,2,,1,5,2,,2,,5,3,,2,2,2,2,2,2,10,6,4,,,,,,,,,,,,,1,713.3376019278128
